MOVE|ts=20260119201017|dir=DOWN
MOVE|ts=20260119201017|dir=RIGHT
MOVE|ts=20260119201053|dir=RIGHT
MOVE|ts=20260119201054|dir=UP
MOVE|ts=20260119201054|dir=RIGHT
MOVE|ts=20260119201108|dir=LEFT
MOVE|ts=20260119201109|dir=DOWN
MOVE|ts=20260119201109|dir=DOWN
MOVE|ts=20260119201110|dir=DOWN
MOVE|ts=20260119201121|dir=LEFT
MOVE|ts=20260119201122|dir=DOWN
MOVE|ts=20260119201124|dir=LEFT
MOVE|ts=20260119201125|dir=DOWN
MOVE|ts=20260119201127|dir=UP
MOVE|ts=20260119201128|dir=RIGHT
MOVE|ts=20260119201130|dir=LEFT
MOVE|ts=20260119201130|dir=DOWN
MOVE|ts=20260119201131|dir=LEFT
MOVE|ts=20260119201131|dir=DOWN
MOVE|ts=20260119201132|dir=DOWN
MOVE|ts=20260119201133|dir=LEFT
MOVE|ts=20260119201135|dir=RIGHT
MOVE|ts=20260119201137|dir=RIGHT
MOVE|ts=20260119201137|dir=RIGHT
MOVE|ts=20260119201137|dir=RIGHT
MOVE|ts=20260119201137|dir=RIGHT
MOVE|ts=20260119201137|dir=RIGHT
MOVE|ts=20260119201137|dir=RIGHT
MOVE|ts=20260119201137|dir=RIGHT
MOVE|ts=20260119201137|dir=RIGHT
MOVE|ts=20260119201138|dir=UP
MOVE|ts=20260119201138|dir=RIGHT
MOVE|ts=20260119201139|dir=RIGHT
MOVE|ts=20260119201139|dir=RIGHT
MOVE|ts=20260119201139|dir=RIGHT
MOVE|ts=20260119201139|dir=RIGHT
MOVE|ts=20260119201139|dir=RIGHT
MOVE|ts=20260119201139|dir=RIGHT
MOVE|ts=20260119201139|dir=RIGHT
MOVE|ts=20260119201139|dir=RIGHT
MOVE|ts=20260119201139|dir=RIGHT
MOVE|ts=20260119201139|dir=RIGHT
MOVE|ts=20260119201139|dir=RIGHT
MOVE|ts=20260119201139|dir=RIGHT
MOVE|ts=20260119201139|dir=RIGHT
MOVE|ts=20260119201139|dir=RIGHT
MOVE|ts=20260119201139|dir=RIGHT
MOVE|ts=20260119201139|dir=RIGHT
MOVE|ts=20260119201139|dir=RIGHT
MOVE|ts=20260119201139|dir=RIGHT
MOVE|ts=20260119201139|dir=RIGHT
MOVE|ts=20260119201139|dir=RIGHT
MOVE|ts=20260119201139|dir=RIGHT
MOVE|ts=20260119201139|dir=RIGHT
MOVE|ts=20260119201139|dir=RIGHT
MOVE|ts=20260119201139|dir=RIGHT
MOVE|ts=20260119201139|dir=RIGHT
MOVE|ts=20260119201139|dir=RIGHT
MOVE|ts=20260119201139|dir=RIGHT
MOVE|ts=20260119201140|dir=RIGHT
MOVE|ts=20260119201140|dir=RIGHT
MOVE|ts=20260119201140|dir=RIGHT
MOVE|ts=20260119201140|dir=RIGHT
MOVE|ts=20260119201140|dir=RIGHT
MOVE|ts=20260119201140|dir=RIGHT
MOVE|ts=20260119201140|dir=RIGHT
MOVE|ts=20260119201140|dir=RIGHT
MOVE|ts=20260119201140|dir=RIGHT
MOVE|ts=20260119201140|dir=RIGHT
MOVE|ts=20260119201140|dir=RIGHT
MOVE|ts=20260119201140|dir=RIGHT
MOVE|ts=20260119201140|dir=RIGHT
MOVE|ts=20260119201140|dir=RIGHT
MOVE|ts=20260119201140|dir=RIGHT
MOVE|ts=20260119201140|dir=RIGHT
MOVE|ts=20260119201140|dir=RIGHT
MOVE|ts=20260119201140|dir=RIGHT
MOVE|ts=20260119201140|dir=RIGHT
MOVE|ts=20260119201140|dir=RIGHT
MOVE|ts=20260119201140|dir=RIGHT
MOVE|ts=20260119201140|dir=RIGHT
MOVE|ts=20260119201140|dir=RIGHT
MOVE|ts=20260119201140|dir=RIGHT
MOVE|ts=20260119201140|dir=RIGHT
MOVE|ts=20260119201140|dir=RIGHT
MOVE|ts=20260119201140|dir=RIGHT
MOVE|ts=20260119201140|dir=RIGHT
MOVE|ts=20260119201140|dir=RIGHT
MOVE|ts=20260119201140|dir=RIGHT
MOVE|ts=20260119201141|dir=RIGHT
MOVE|ts=20260119201141|dir=RIGHT
MOVE|ts=20260119201141|dir=RIGHT
MOVE|ts=20260119201141|dir=RIGHT
MOVE|ts=20260119201141|dir=RIGHT
MOVE|ts=20260119201141|dir=RIGHT
MOVE|ts=20260119201141|dir=RIGHT
MOVE|ts=20260119201141|dir=RIGHT
MOVE|ts=20260119201141|dir=RIGHT
MOVE|ts=20260119201141|dir=RIGHT
MOVE|ts=20260119201141|dir=RIGHT
MOVE|ts=20260119201141|dir=RIGHT
MOVE|ts=20260119201141|dir=RIGHT
MOVE|ts=20260119201141|dir=RIGHT
MOVE|ts=20260119201141|dir=RIGHT
MOVE|ts=20260119201141|dir=RIGHT
MOVE|ts=20260119201141|dir=RIGHT
MOVE|ts=20260119201141|dir=RIGHT
MOVE|ts=20260119201141|dir=RIGHT
MOVE|ts=20260119201141|dir=RIGHT
MOVE|ts=20260119201141|dir=RIGHT
MOVE|ts=20260119201141|dir=RIGHT
MOVE|ts=20260119201141|dir=RIGHT
MOVE|ts=20260119201141|dir=RIGHT
MOVE|ts=20260119201141|dir=RIGHT
MOVE|ts=20260119201141|dir=RIGHT
MOVE|ts=20260119201151|dir=RIGHT
MOVE|ts=20260119201152|dir=RIGHT
MOVE|ts=20260119201152|dir=RIGHT
MOVE|ts=20260119201152|dir=RIGHT
MOVE|ts=20260119201152|dir=RIGHT
MOVE|ts=20260119201152|dir=RIGHT
MOVE|ts=20260119201152|dir=RIGHT
MOVE|ts=20260119201152|dir=RIGHT
MOVE|ts=20260119201152|dir=RIGHT
MOVE|ts=20260119201152|dir=RIGHT
MOVE|ts=20260119201152|dir=RIGHT
MOVE|ts=20260119201152|dir=RIGHT
MOVE|ts=20260119201152|dir=RIGHT
MOVE|ts=20260119201152|dir=RIGHT
MOVE|ts=20260119201152|dir=RIGHT
MOVE|ts=20260119201152|dir=RIGHT
MOVE|ts=20260119201152|dir=RIGHT
MOVE|ts=20260119201152|dir=RIGHT
MOVE|ts=20260119201153|dir=RIGHT
MOVE|ts=20260119201153|dir=RIGHT
MOVE|ts=20260119201153|dir=RIGHT
MOVE|ts=20260119201153|dir=RIGHT
MOVE|ts=20260119201153|dir=RIGHT
MOVE|ts=20260119201153|dir=RIGHT
MOVE|ts=20260119201153|dir=RIGHT
MOVE|ts=20260119201153|dir=RIGHT
MOVE|ts=20260119201153|dir=RIGHT
MOVE|ts=20260119201153|dir=RIGHT
MOVE|ts=20260119201153|dir=RIGHT
MOVE|ts=20260119201153|dir=RIGHT
MOVE|ts=20260119201153|dir=RIGHT
MOVE|ts=20260119201153|dir=RIGHT
MOVE|ts=20260119201153|dir=RIGHT
MOVE|ts=20260119201153|dir=RIGHT
MOVE|ts=20260119201153|dir=RIGHT
MOVE|ts=20260119201153|dir=RIGHT
MOVE|ts=20260119201153|dir=RIGHT
MOVE|ts=20260119201153|dir=RIGHT
MOVE|ts=20260119201153|dir=UP
MOVE|ts=20260119201154|dir=RIGHT
MOVE|ts=20260119201154|dir=RIGHT
MOVE|ts=20260119201154|dir=RIGHT
MOVE|ts=20260119201154|dir=RIGHT
MOVE|ts=20260119201154|dir=RIGHT
MOVE|ts=20260119201154|dir=RIGHT
MOVE|ts=20260119201154|dir=RIGHT
MOVE|ts=20260119201154|dir=RIGHT
MOVE|ts=20260119201154|dir=RIGHT
MOVE|ts=20260119201154|dir=RIGHT
MOVE|ts=20260119201154|dir=RIGHT
MOVE|ts=20260119201154|dir=RIGHT
MOVE|ts=20260119201155|dir=RIGHT
MOVE|ts=20260119201155|dir=RIGHT
MOVE|ts=20260119201155|dir=RIGHT
MOVE|ts=20260119201155|dir=RIGHT
MOVE|ts=20260119201155|dir=RIGHT
MOVE|ts=20260119201155|dir=RIGHT
MOVE|ts=20260119201155|dir=RIGHT
MOVE|ts=20260119201155|dir=RIGHT
MOVE|ts=20260119201155|dir=RIGHT
MOVE|ts=20260119201155|dir=RIGHT
MOVE|ts=20260119201155|dir=RIGHT
MOVE|ts=20260119201155|dir=UP
MOVE|ts=20260119201155|dir=RIGHT
MOVE|ts=20260119201156|dir=RIGHT
MOVE|ts=20260119201156|dir=RIGHT
MOVE|ts=20260119201156|dir=UP
MOVE|ts=20260119201156|dir=RIGHT
MOVE|ts=20260119201157|dir=RIGHT
MOVE|ts=20260119201157|dir=RIGHT
MOVE|ts=20260119201157|dir=RIGHT
MOVE|ts=20260119201157|dir=RIGHT
MOVE|ts=20260119201157|dir=RIGHT
MOVE|ts=20260119201157|dir=RIGHT
MOVE|ts=20260119201157|dir=RIGHT
MOVE|ts=20260119201157|dir=RIGHT
MOVE|ts=20260119201157|dir=RIGHT
MOVE|ts=20260119201157|dir=RIGHT
MOVE|ts=20260119201157|dir=RIGHT
MOVE|ts=20260119201157|dir=RIGHT
MOVE|ts=20260119201157|dir=RIGHT
MOVE|ts=20260119201157|dir=UP
MOVE|ts=20260119201157|dir=RIGHT
MOVE|ts=20260119201158|dir=UP
MOVE|ts=20260119201158|dir=RIGHT
MOVE|ts=20260119201159|dir=UP
MOVE|ts=20260119201159|dir=RIGHT
MOVE|ts=20260119201159|dir=UP
MOVE|ts=20260119201200|dir=RIGHT
MOVE|ts=20260119201200|dir=UP
MOVE|ts=20260119201200|dir=RIGHT
MOVE|ts=20260119201201|dir=UP
MOVE|ts=20260119201201|dir=UP
MOVE|ts=20260119201201|dir=UP
MOVE|ts=20260119201201|dir=UP
MOVE|ts=20260119201201|dir=UP
MOVE|ts=20260119201201|dir=UP
MOVE|ts=20260119201202|dir=UP
MOVE|ts=20260119201202|dir=RIGHT
MOVE|ts=20260119201202|dir=RIGHT
MOVE|ts=20260119201202|dir=RIGHT
MOVE|ts=20260119201202|dir=RIGHT
MOVE|ts=20260119201202|dir=RIGHT
MOVE|ts=20260119201202|dir=RIGHT
MOVE|ts=20260119201202|dir=RIGHT
MOVE|ts=20260119201202|dir=RIGHT
MOVE|ts=20260119201202|dir=RIGHT
MOVE|ts=20260119201202|dir=RIGHT
MOVE|ts=20260119201202|dir=RIGHT
MOVE|ts=20260119201202|dir=RIGHT
MOVE|ts=20260119201202|dir=RIGHT
MOVE|ts=20260119201203|dir=RIGHT
MOVE|ts=20260119201203|dir=RIGHT
MOVE|ts=20260119201203|dir=RIGHT
MOVE|ts=20260119201203|dir=RIGHT
MOVE|ts=20260119201203|dir=RIGHT
MOVE|ts=20260119201203|dir=RIGHT
MOVE|ts=20260119201203|dir=RIGHT
MOVE|ts=20260119201203|dir=RIGHT
MOVE|ts=20260119201203|dir=RIGHT
MOVE|ts=20260119201203|dir=RIGHT
MOVE|ts=20260119201203|dir=RIGHT
MOVE|ts=20260119201203|dir=RIGHT
MOVE|ts=20260119201203|dir=UP
MOVE|ts=20260119201205|dir=RIGHT
MOVE|ts=20260119201206|dir=RIGHT
MOVE|ts=20260119201207|dir=UP
MOVE|ts=20260119201207|dir=RIGHT
MOVE|ts=20260119201208|dir=RIGHT
MOVE|ts=20260119201208|dir=UP
MOVE|ts=20260119201208|dir=RIGHT
MOVE|ts=20260119201209|dir=DOWN
MOVE|ts=20260119201209|dir=DOWN
MOVE|ts=20260119201209|dir=DOWN
MOVE|ts=20260119201209|dir=DOWN
MOVE|ts=20260119201210|dir=DOWN
MOVE|ts=20260119201210|dir=DOWN
MOVE|ts=20260119201210|dir=RIGHT
MOVE|ts=20260119201211|dir=RIGHT
MOVE|ts=20260119201211|dir=UP
MOVE|ts=20260119201212|dir=DOWN
MOVE|ts=20260119201212|dir=DOWN
MOVE|ts=20260119201212|dir=UP
MOVE|ts=20260119201213|dir=UP
MOVE|ts=20260119201213|dir=UP
MOVE|ts=20260119201213|dir=UP
MOVE|ts=20260119201213|dir=UP
MOVE|ts=20260119201213|dir=UP
MOVE|ts=20260119201213|dir=UP
MOVE|ts=20260119201213|dir=UP
MOVE|ts=20260119201213|dir=UP
MOVE|ts=20260119201213|dir=UP
MOVE|ts=20260119201213|dir=UP
MOVE|ts=20260119201213|dir=UP
MOVE|ts=20260119201213|dir=UP
MOVE|ts=20260119201213|dir=UP
MOVE|ts=20260119201213|dir=UP
MOVE|ts=20260119201213|dir=UP
MOVE|ts=20260119201213|dir=UP
MOVE|ts=20260119201214|dir=UP
MOVE|ts=20260119201214|dir=UP
MOVE|ts=20260119201214|dir=UP
MOVE|ts=20260119201214|dir=UP
MOVE|ts=20260119201214|dir=UP
MOVE|ts=20260119201214|dir=UP
MOVE|ts=20260119201214|dir=UP
MOVE|ts=20260119201214|dir=UP
MOVE|ts=20260119201214|dir=UP
MOVE|ts=20260119201214|dir=UP
MOVE|ts=20260119201214|dir=UP
MOVE|ts=20260119201214|dir=UP
MOVE|ts=20260119201214|dir=UP
MOVE|ts=20260119201214|dir=UP
MOVE|ts=20260119201214|dir=UP
MOVE|ts=20260119201214|dir=UP
MOVE|ts=20260119201214|dir=UP
MOVE|ts=20260119201214|dir=UP
MOVE|ts=20260119201214|dir=UP
MOVE|ts=20260119201214|dir=UP
MOVE|ts=20260119201214|dir=UP
MOVE|ts=20260119201214|dir=UP
MOVE|ts=20260119201214|dir=UP
MOVE|ts=20260119201214|dir=UP
MOVE|ts=20260119201214|dir=UP
MOVE|ts=20260119201214|dir=UP
MOVE|ts=20260119201214|dir=UP
MOVE|ts=20260119201214|dir=UP
MOVE|ts=20260119201214|dir=UP
MOVE|ts=20260119201214|dir=UP
MOVE|ts=20260119201215|dir=UP
MOVE|ts=20260119201215|dir=UP
MOVE|ts=20260119201215|dir=UP
MOVE|ts=20260119201215|dir=UP
MOVE|ts=20260119201215|dir=UP
MOVE|ts=20260119201215|dir=UP
MOVE|ts=20260119201215|dir=UP
MOVE|ts=20260119201215|dir=UP
MOVE|ts=20260119201215|dir=UP
MOVE|ts=20260119201215|dir=UP
MOVE|ts=20260119201215|dir=UP
MOVE|ts=20260119201215|dir=UP
MOVE|ts=20260119201215|dir=UP
MOVE|ts=20260119201215|dir=UP
MOVE|ts=20260119201215|dir=UP
MOVE|ts=20260119201215|dir=UP
MOVE|ts=20260119201215|dir=UP
MOVE|ts=20260119201215|dir=UP
MOVE|ts=20260119201215|dir=UP
MOVE|ts=20260119201215|dir=UP
MOVE|ts=20260119201215|dir=UP
MOVE|ts=20260119201215|dir=UP
MOVE|ts=20260119201215|dir=UP
MOVE|ts=20260119201215|dir=UP
MOVE|ts=20260119201215|dir=UP
MOVE|ts=20260119201215|dir=UP
MOVE|ts=20260119201215|dir=UP
MOVE|ts=20260119201215|dir=UP
MOVE|ts=20260119201215|dir=UP
MOVE|ts=20260119201215|dir=UP
MOVE|ts=20260119201215|dir=UP
MOVE|ts=20260119201216|dir=UP
MOVE|ts=20260119201216|dir=UP
MOVE|ts=20260119201301|dir=UP
MOVE|ts=20260119201302|dir=UP
MOVE|ts=20260119201302|dir=UP
MOVE|ts=20260119201302|dir=UP
MOVE|ts=20260119201302|dir=UP
MOVE|ts=20260119201303|dir=UP
MOVE|ts=20260119201303|dir=UP
MOVE|ts=20260119201303|dir=UP
MOVE|ts=20260119201303|dir=UP
MOVE|ts=20260119201303|dir=UP
MOVE|ts=20260119201303|dir=UP
MOVE|ts=20260119201303|dir=UP
MOVE|ts=20260119201303|dir=UP
MOVE|ts=20260119201303|dir=UP
MOVE|ts=20260119201303|dir=UP
MOVE|ts=20260119201303|dir=UP
MOVE|ts=20260119201303|dir=UP
MOVE|ts=20260119201303|dir=UP
MOVE|ts=20260119201303|dir=UP
MOVE|ts=20260119201303|dir=UP
MOVE|ts=20260119201303|dir=UP
MOVE|ts=20260119201303|dir=UP
MOVE|ts=20260119201303|dir=UP
MOVE|ts=20260119201303|dir=UP
MOVE|ts=20260119201303|dir=UP
MOVE|ts=20260119201303|dir=UP
MOVE|ts=20260119201303|dir=UP
MOVE|ts=20260119201303|dir=UP
MOVE|ts=20260119201303|dir=UP
MOVE|ts=20260119201303|dir=UP
MOVE|ts=20260119201303|dir=UP
MOVE|ts=20260119201303|dir=UP
MOVE|ts=20260119201303|dir=UP
MOVE|ts=20260119201303|dir=UP
MOVE|ts=20260119201303|dir=UP
MOVE|ts=20260119201303|dir=UP
MOVE|ts=20260119201304|dir=UP
MOVE|ts=20260119201304|dir=UP
MOVE|ts=20260119201304|dir=UP
MOVE|ts=20260119201304|dir=UP
MOVE|ts=20260119201304|dir=UP
MOVE|ts=20260119201304|dir=UP
MOVE|ts=20260119201304|dir=UP
MOVE|ts=20260119201304|dir=UP
MOVE|ts=20260119201304|dir=UP
MOVE|ts=20260119201304|dir=UP
MOVE|ts=20260119201304|dir=UP
MOVE|ts=20260119201304|dir=UP
MOVE|ts=20260119201304|dir=UP
MOVE|ts=20260119201304|dir=UP
MOVE|ts=20260119201304|dir=UP
MOVE|ts=20260119201304|dir=UP
MOVE|ts=20260119201304|dir=UP
MOVE|ts=20260119201304|dir=UP
MOVE|ts=20260119201304|dir=UP
MOVE|ts=20260119201304|dir=RIGHT
MOVE|ts=20260119201305|dir=UP
MOVE|ts=20260119201319|dir=DOWN
MOVE|ts=20260119201320|dir=DOWN
MOVE|ts=20260119201322|dir=LEFT
MOVE|ts=20260119201328|dir=UP
MOVE|ts=20260119201329|dir=UP
MOVE|ts=20260119201332|dir=DOWN
MOVE|ts=20260119201333|dir=LEFT
MOVE|ts=20260119201334|dir=UP
MOVE|ts=20260119201334|dir=UP
MOVE|ts=20260119201334|dir=UP
MOVE|ts=20260119201334|dir=UP
MOVE|ts=20260119201334|dir=UP
MOVE|ts=20260119201334|dir=UP
MOVE|ts=20260119201334|dir=UP
MOVE|ts=20260119201334|dir=UP
MOVE|ts=20260119201335|dir=UP
MOVE|ts=20260119201335|dir=UP
MOVE|ts=20260119201335|dir=UP
MOVE|ts=20260119201335|dir=UP
MOVE|ts=20260119201335|dir=UP
MOVE|ts=20260119201335|dir=UP
MOVE|ts=20260119201335|dir=UP
MOVE|ts=20260119201335|dir=UP
MOVE|ts=20260119201335|dir=UP
MOVE|ts=20260119201335|dir=UP
MOVE|ts=20260119201335|dir=UP
MOVE|ts=20260119201335|dir=UP
MOVE|ts=20260119201335|dir=UP
MOVE|ts=20260119201335|dir=UP
MOVE|ts=20260119201335|dir=UP
MOVE|ts=20260119201335|dir=UP
MOVE|ts=20260119201335|dir=UP
MOVE|ts=20260119201335|dir=UP
MOVE|ts=20260119201335|dir=UP
MOVE|ts=20260119201335|dir=UP
MOVE|ts=20260119201335|dir=UP
MOVE|ts=20260119201335|dir=UP
MOVE|ts=20260119201335|dir=UP
MOVE|ts=20260119201335|dir=UP
MOVE|ts=20260119201335|dir=UP
MOVE|ts=20260119201335|dir=UP
MOVE|ts=20260119201335|dir=UP
MOVE|ts=20260119201335|dir=UP
MOVE|ts=20260119201335|dir=UP
MOVE|ts=20260119201335|dir=UP
MOVE|ts=20260119201335|dir=UP
MOVE|ts=20260119201336|dir=UP
MOVE|ts=20260119201336|dir=UP
MOVE|ts=20260119201336|dir=UP
MOVE|ts=20260119201336|dir=UP
MOVE|ts=20260119201336|dir=UP
MOVE|ts=20260119201336|dir=UP
MOVE|ts=20260119201336|dir=UP
MOVE|ts=20260119201336|dir=UP
MOVE|ts=20260119201336|dir=UP
MOVE|ts=20260119201336|dir=UP
MOVE|ts=20260119201336|dir=UP
MOVE|ts=20260119201336|dir=UP
MOVE|ts=20260119201336|dir=UP
MOVE|ts=20260119201336|dir=UP
MOVE|ts=20260119201336|dir=UP
MOVE|ts=20260119201336|dir=UP
MOVE|ts=20260119201336|dir=UP
MOVE|ts=20260119201336|dir=UP
MOVE|ts=20260119201336|dir=LEFT
MOVE|ts=20260119201336|dir=UP
MOVE|ts=20260119201337|dir=UP
MOVE|ts=20260119201337|dir=UP
MOVE|ts=20260119201337|dir=UP
MOVE|ts=20260119201337|dir=UP
MOVE|ts=20260119201337|dir=UP
MOVE|ts=20260119201337|dir=UP
MOVE|ts=20260119201337|dir=UP
MOVE|ts=20260119201337|dir=UP
MOVE|ts=20260119201337|dir=UP
MOVE|ts=20260119201337|dir=UP
MOVE|ts=20260119201337|dir=UP
MOVE|ts=20260119201337|dir=UP
MOVE|ts=20260119201337|dir=UP
MOVE|ts=20260119201337|dir=UP
MOVE|ts=20260119201337|dir=UP
MOVE|ts=20260119201337|dir=UP
MOVE|ts=20260119201338|dir=UP
MOVE|ts=20260119201338|dir=UP
MOVE|ts=20260119201338|dir=UP
MOVE|ts=20260119201338|dir=UP
MOVE|ts=20260119201338|dir=UP
MOVE|ts=20260119201338|dir=UP
MOVE|ts=20260119201338|dir=UP
MOVE|ts=20260119201338|dir=UP
MOVE|ts=20260119201338|dir=UP
MOVE|ts=20260119201338|dir=UP
MOVE|ts=20260119201338|dir=UP
MOVE|ts=20260119201338|dir=UP
MOVE|ts=20260119201338|dir=UP
MOVE|ts=20260119201338|dir=UP
MOVE|ts=20260119201338|dir=UP
MOVE|ts=20260119201338|dir=UP
MOVE|ts=20260119201338|dir=RIGHT
MOVE|ts=20260119201338|dir=UP
MOVE|ts=20260119201339|dir=RIGHT
MOVE|ts=20260119201339|dir=UP
MOVE|ts=20260119201339|dir=RIGHT
MOVE|ts=20260119201340|dir=RIGHT
MOVE|ts=20260119201340|dir=RIGHT
MOVE|ts=20260119201340|dir=RIGHT
MOVE|ts=20260119201340|dir=RIGHT
MOVE|ts=20260119201340|dir=RIGHT
MOVE|ts=20260119201340|dir=RIGHT
MOVE|ts=20260119201340|dir=RIGHT
MOVE|ts=20260119201340|dir=RIGHT
MOVE|ts=20260119201340|dir=RIGHT
MOVE|ts=20260119201340|dir=RIGHT
MOVE|ts=20260119201340|dir=RIGHT
MOVE|ts=20260119201340|dir=UP
MOVE|ts=20260119201341|dir=RIGHT
MOVE|ts=20260119201341|dir=RIGHT
MOVE|ts=20260119201341|dir=DOWN
MOVE|ts=20260119201341|dir=RIGHT
MOVE|ts=20260119201342|dir=RIGHT
MOVE|ts=20260119201342|dir=RIGHT
MOVE|ts=20260119201342|dir=RIGHT
MOVE|ts=20260119201342|dir=RIGHT
MOVE|ts=20260119201342|dir=RIGHT
MOVE|ts=20260119201342|dir=RIGHT
MOVE|ts=20260119201342|dir=RIGHT
MOVE|ts=20260119201342|dir=RIGHT
MOVE|ts=20260119201342|dir=RIGHT
MOVE|ts=20260119201342|dir=RIGHT
MOVE|ts=20260119201342|dir=RIGHT
MOVE|ts=20260119201342|dir=RIGHT
MOVE|ts=20260119201342|dir=RIGHT
MOVE|ts=20260119201342|dir=RIGHT
MOVE|ts=20260119201342|dir=RIGHT
MOVE|ts=20260119201342|dir=RIGHT
MOVE|ts=20260119201342|dir=RIGHT
MOVE|ts=20260119201342|dir=RIGHT
MOVE|ts=20260119201342|dir=RIGHT
MOVE|ts=20260119201342|dir=RIGHT
MOVE|ts=20260119201343|dir=RIGHT
MOVE|ts=20260119201343|dir=RIGHT
MOVE|ts=20260119201343|dir=RIGHT
MOVE|ts=20260119201343|dir=RIGHT
MOVE|ts=20260119201343|dir=RIGHT
MOVE|ts=20260119201343|dir=RIGHT
MOVE|ts=20260119201343|dir=RIGHT
MOVE|ts=20260119201343|dir=RIGHT
MOVE|ts=20260119201343|dir=RIGHT
MOVE|ts=20260119201343|dir=RIGHT
MOVE|ts=20260119201343|dir=RIGHT
MOVE|ts=20260119201343|dir=RIGHT
MOVE|ts=20260119201343|dir=UP
MOVE|ts=20260119201343|dir=UP
MOVE|ts=20260119201344|dir=UP
MOVE|ts=20260119201344|dir=UP
MOVE|ts=20260119201344|dir=UP
MOVE|ts=20260119201344|dir=UP
MOVE|ts=20260119201344|dir=LEFT
MOVE|ts=20260119201344|dir=UP
MOVE|ts=20260119201344|dir=UP
MOVE|ts=20260119201344|dir=UP
MOVE|ts=20260119201344|dir=UP
MOVE|ts=20260119201344|dir=UP
MOVE|ts=20260119201344|dir=UP
MOVE|ts=20260119201344|dir=UP
MOVE|ts=20260119201344|dir=UP
MOVE|ts=20260119201344|dir=UP
MOVE|ts=20260119201345|dir=UP
MOVE|ts=20260119201345|dir=UP
MOVE|ts=20260119201345|dir=UP
MOVE|ts=20260119201345|dir=UP
MOVE|ts=20260119201345|dir=UP
MOVE|ts=20260119201345|dir=UP
MOVE|ts=20260119201345|dir=UP
MOVE|ts=20260119201345|dir=UP
MOVE|ts=20260119201345|dir=UP
MOVE|ts=20260119201345|dir=UP
MOVE|ts=20260119201345|dir=UP
MOVE|ts=20260119201345|dir=UP
MOVE|ts=20260119201345|dir=UP
MOVE|ts=20260119201345|dir=UP
MOVE|ts=20260119201345|dir=UP
MOVE|ts=20260119201345|dir=UP
MOVE|ts=20260119201345|dir=UP
MOVE|ts=20260119201345|dir=UP
MOVE|ts=20260119201345|dir=UP
MOVE|ts=20260119201345|dir=UP
MOVE|ts=20260119201345|dir=UP
MOVE|ts=20260119201346|dir=DOWN
MOVE|ts=20260119201417|dir=UP
MOVE|ts=20260119201418|dir=LEFT
MOVE|ts=20260119201419|dir=RIGHT
MOVE|ts=20260119201419|dir=LEFT
MOVE|ts=20260119201420|dir=UP
MOVE|ts=20260119201423|dir=LEFT
MOVE|ts=20260119201425|dir=RIGHT
MOVE|ts=20260119201428|dir=DOWN
MOVE|ts=20260119201452|dir=DOWN
MOVE|ts=20260119201452|dir=RIGHT
MOVE|ts=20260119201453|dir=DOWN
MOVE|ts=20260119201454|dir=DOWN
MOVE|ts=20260119201455|dir=LEFT
MOVE|ts=20260119201455|dir=DOWN
MOVE|ts=20260119201455|dir=RIGHT
MOVE|ts=20260119201455|dir=RIGHT
MOVE|ts=20260119201456|dir=UP
MOVE|ts=20260119201456|dir=LEFT
MOVE|ts=20260119201505|dir=LEFT
MOVE|ts=20260119201506|dir=RIGHT
MOVE|ts=20260119201509|dir=RIGHT
MOVE|ts=20260119201509|dir=DOWN
MOVE|ts=20260119201510|dir=LEFT
MOVE|ts=20260119201510|dir=DOWN
MOVE|ts=20260119201510|dir=LEFT
MOVE|ts=20260119201511|dir=DOWN
MOVE|ts=20260119201516|dir=RIGHT
MOVE|ts=20260119201517|dir=RIGHT
MOVE|ts=20260119201517|dir=RIGHT
MOVE|ts=20260119201517|dir=RIGHT
MOVE|ts=20260119201517|dir=RIGHT
MOVE|ts=20260119201517|dir=RIGHT
MOVE|ts=20260119201517|dir=RIGHT
MOVE|ts=20260119201517|dir=RIGHT
MOVE|ts=20260119201517|dir=RIGHT
MOVE|ts=20260119201517|dir=RIGHT
MOVE|ts=20260119201517|dir=RIGHT
MOVE|ts=20260119201517|dir=RIGHT
MOVE|ts=20260119201517|dir=RIGHT
MOVE|ts=20260119201517|dir=RIGHT
MOVE|ts=20260119201517|dir=RIGHT
MOVE|ts=20260119201517|dir=DOWN
MOVE|ts=20260119201517|dir=RIGHT
MOVE|ts=20260119201518|dir=RIGHT
MOVE|ts=20260119201518|dir=RIGHT
MOVE|ts=20260119201518|dir=RIGHT
MOVE|ts=20260119201518|dir=RIGHT
MOVE|ts=20260119201518|dir=RIGHT
MOVE|ts=20260119201518|dir=RIGHT
MOVE|ts=20260119201518|dir=RIGHT
MOVE|ts=20260119201518|dir=RIGHT
MOVE|ts=20260119201518|dir=RIGHT
MOVE|ts=20260119201518|dir=RIGHT
MOVE|ts=20260119201518|dir=RIGHT
MOVE|ts=20260119201518|dir=RIGHT
MOVE|ts=20260119201518|dir=RIGHT
MOVE|ts=20260119201518|dir=RIGHT
MOVE|ts=20260119201518|dir=RIGHT
MOVE|ts=20260119201518|dir=RIGHT
MOVE|ts=20260119201518|dir=RIGHT
MOVE|ts=20260119201518|dir=RIGHT
MOVE|ts=20260119201519|dir=RIGHT
MOVE|ts=20260119201519|dir=RIGHT
MOVE|ts=20260119201519|dir=RIGHT
MOVE|ts=20260119201519|dir=RIGHT
MOVE|ts=20260119201519|dir=RIGHT
MOVE|ts=20260119201519|dir=RIGHT
MOVE|ts=20260119201519|dir=RIGHT
MOVE|ts=20260119201519|dir=RIGHT
MOVE|ts=20260119201519|dir=RIGHT
MOVE|ts=20260119201519|dir=RIGHT
MOVE|ts=20260119201519|dir=RIGHT
MOVE|ts=20260119201519|dir=RIGHT
MOVE|ts=20260119201519|dir=RIGHT
MOVE|ts=20260119201519|dir=RIGHT
MOVE|ts=20260119201519|dir=RIGHT
MOVE|ts=20260119201519|dir=RIGHT
MOVE|ts=20260119201519|dir=RIGHT
MOVE|ts=20260119201519|dir=RIGHT
MOVE|ts=20260119201519|dir=RIGHT
MOVE|ts=20260119201519|dir=RIGHT
MOVE|ts=20260119201519|dir=RIGHT
MOVE|ts=20260119201519|dir=RIGHT
MOVE|ts=20260119201519|dir=RIGHT
MOVE|ts=20260119201519|dir=RIGHT
MOVE|ts=20260119201519|dir=RIGHT
MOVE|ts=20260119201519|dir=RIGHT
MOVE|ts=20260119201519|dir=RIGHT
MOVE|ts=20260119201519|dir=RIGHT
MOVE|ts=20260119201519|dir=RIGHT
MOVE|ts=20260119201519|dir=RIGHT
MOVE|ts=20260119201520|dir=RIGHT
MOVE|ts=20260119201520|dir=RIGHT
MOVE|ts=20260119201520|dir=RIGHT
MOVE|ts=20260119201520|dir=RIGHT
MOVE|ts=20260119201520|dir=RIGHT
MOVE|ts=20260119201520|dir=RIGHT
MOVE|ts=20260119201520|dir=RIGHT
MOVE|ts=20260119201520|dir=RIGHT
MOVE|ts=20260119201520|dir=RIGHT
MOVE|ts=20260119201520|dir=RIGHT
MOVE|ts=20260119201520|dir=RIGHT
MOVE|ts=20260119201520|dir=RIGHT
MOVE|ts=20260119201520|dir=RIGHT
MOVE|ts=20260119201520|dir=RIGHT
MOVE|ts=20260119201520|dir=RIGHT
MOVE|ts=20260119201520|dir=RIGHT
MOVE|ts=20260119201520|dir=RIGHT
MOVE|ts=20260119201520|dir=RIGHT
MOVE|ts=20260119201520|dir=RIGHT
MOVE|ts=20260119201520|dir=RIGHT
MOVE|ts=20260119201520|dir=RIGHT
MOVE|ts=20260119201520|dir=UP
MOVE|ts=20260119201521|dir=UP
MOVE|ts=20260119201521|dir=UP
MOVE|ts=20260119201521|dir=UP
MOVE|ts=20260119201521|dir=UP
MOVE|ts=20260119201521|dir=UP
MOVE|ts=20260119201521|dir=UP
MOVE|ts=20260119201521|dir=UP
MOVE|ts=20260119201521|dir=UP
MOVE|ts=20260119201521|dir=UP
MOVE|ts=20260119201521|dir=UP
MOVE|ts=20260119201521|dir=UP
MOVE|ts=20260119201521|dir=UP
MOVE|ts=20260119201521|dir=UP
MOVE|ts=20260119201521|dir=UP
MOVE|ts=20260119201521|dir=UP
MOVE|ts=20260119201521|dir=UP
MOVE|ts=20260119201521|dir=UP
MOVE|ts=20260119201521|dir=UP
MOVE|ts=20260119201521|dir=UP
MOVE|ts=20260119201521|dir=UP
MOVE|ts=20260119201521|dir=UP
MOVE|ts=20260119201521|dir=UP
MOVE|ts=20260119201521|dir=UP
MOVE|ts=20260119201521|dir=UP
MOVE|ts=20260119201522|dir=UP
MOVE|ts=20260119201522|dir=UP
MOVE|ts=20260119201522|dir=UP
MOVE|ts=20260119201522|dir=UP
MOVE|ts=20260119201522|dir=RIGHT
MOVE|ts=20260119201522|dir=DOWN
MOVE|ts=20260119201523|dir=RIGHT
MOVE|ts=20260119201524|dir=DOWN
MOVE|ts=20260119201525|dir=UP
MOVE|ts=20260119201526|dir=UP
MOVE|ts=20260119201527|dir=RIGHT
MOVE|ts=20260119201528|dir=RIGHT
MOVE|ts=20260119201528|dir=RIGHT
MOVE|ts=20260119201528|dir=RIGHT
MOVE|ts=20260119201528|dir=RIGHT
MOVE|ts=20260119201528|dir=RIGHT
MOVE|ts=20260119201528|dir=RIGHT
MOVE|ts=20260119201528|dir=RIGHT
MOVE|ts=20260119201528|dir=RIGHT
MOVE|ts=20260119201528|dir=RIGHT
MOVE|ts=20260119201528|dir=RIGHT
MOVE|ts=20260119201528|dir=RIGHT
MOVE|ts=20260119201528|dir=RIGHT
MOVE|ts=20260119201528|dir=RIGHT
MOVE|ts=20260119201528|dir=RIGHT
MOVE|ts=20260119201528|dir=RIGHT
MOVE|ts=20260119201528|dir=RIGHT
MOVE|ts=20260119201528|dir=RIGHT
MOVE|ts=20260119201528|dir=RIGHT
MOVE|ts=20260119201528|dir=RIGHT
MOVE|ts=20260119201528|dir=RIGHT
MOVE|ts=20260119201528|dir=RIGHT
MOVE|ts=20260119201528|dir=RIGHT
MOVE|ts=20260119201528|dir=RIGHT
MOVE|ts=20260119201528|dir=RIGHT
MOVE|ts=20260119201529|dir=RIGHT
MOVE|ts=20260119201529|dir=RIGHT
MOVE|ts=20260119201529|dir=UP
MOVE|ts=20260119201529|dir=RIGHT
MOVE|ts=20260119201530|dir=RIGHT
MOVE|ts=20260119201530|dir=RIGHT
MOVE|ts=20260119201530|dir=RIGHT
MOVE|ts=20260119201530|dir=RIGHT
MOVE|ts=20260119201530|dir=RIGHT
MOVE|ts=20260119201530|dir=RIGHT
MOVE|ts=20260119201530|dir=DOWN
MOVE|ts=20260119201530|dir=DOWN
MOVE|ts=20260119201530|dir=DOWN
MOVE|ts=20260119201530|dir=DOWN
MOVE|ts=20260119201530|dir=DOWN
MOVE|ts=20260119201531|dir=DOWN
MOVE|ts=20260119201531|dir=DOWN
MOVE|ts=20260119201531|dir=DOWN
MOVE|ts=20260119201531|dir=DOWN
MOVE|ts=20260119201531|dir=DOWN
MOVE|ts=20260119201531|dir=DOWN
MOVE|ts=20260119201531|dir=DOWN
MOVE|ts=20260119201531|dir=DOWN
MOVE|ts=20260119201531|dir=DOWN
MOVE|ts=20260119201531|dir=DOWN
MOVE|ts=20260119201531|dir=DOWN
MOVE|ts=20260119201531|dir=DOWN
MOVE|ts=20260119201531|dir=DOWN
MOVE|ts=20260119201531|dir=DOWN
MOVE|ts=20260119201531|dir=DOWN
MOVE|ts=20260119201531|dir=DOWN
MOVE|ts=20260119201531|dir=DOWN
MOVE|ts=20260119201531|dir=DOWN
MOVE|ts=20260119201531|dir=DOWN
MOVE|ts=20260119201531|dir=DOWN
MOVE|ts=20260119201531|dir=DOWN
MOVE|ts=20260119201531|dir=DOWN
MOVE|ts=20260119201531|dir=DOWN
MOVE|ts=20260119201531|dir=DOWN
MOVE|ts=20260119201531|dir=DOWN
MOVE|ts=20260119201531|dir=DOWN
MOVE|ts=20260119201531|dir=DOWN
MOVE|ts=20260119201531|dir=DOWN
MOVE|ts=20260119201531|dir=DOWN
MOVE|ts=20260119201531|dir=DOWN
MOVE|ts=20260119201531|dir=DOWN
MOVE|ts=20260119201532|dir=DOWN
MOVE|ts=20260119201532|dir=DOWN
MOVE|ts=20260119201532|dir=DOWN
MOVE|ts=20260119201532|dir=DOWN
MOVE|ts=20260119201532|dir=DOWN
MOVE|ts=20260119201532|dir=DOWN
MOVE|ts=20260119201532|dir=DOWN
MOVE|ts=20260119201532|dir=DOWN
MOVE|ts=20260119201532|dir=DOWN
MOVE|ts=20260119201532|dir=DOWN
MOVE|ts=20260119201532|dir=DOWN
MOVE|ts=20260119201532|dir=DOWN
MOVE|ts=20260119201532|dir=DOWN
MOVE|ts=20260119201532|dir=DOWN
MOVE|ts=20260119201532|dir=DOWN
MOVE|ts=20260119201532|dir=DOWN
MOVE|ts=20260119201532|dir=DOWN
MOVE|ts=20260119201532|dir=DOWN
MOVE|ts=20260119201532|dir=DOWN
MOVE|ts=20260119201532|dir=DOWN
MOVE|ts=20260119201532|dir=DOWN
MOVE|ts=20260119201532|dir=RIGHT
MOVE|ts=20260119201533|dir=UP
MOVE|ts=20260119201533|dir=DOWN
MOVE|ts=20260119201534|dir=DOWN
MOVE|ts=20260119201534|dir=DOWN
MOVE|ts=20260119201534|dir=DOWN
MOVE|ts=20260119201534|dir=DOWN
MOVE|ts=20260119201534|dir=DOWN
MOVE|ts=20260119201534|dir=RIGHT
MOVE|ts=20260119201534|dir=RIGHT
MOVE|ts=20260119201534|dir=RIGHT
MOVE|ts=20260119201534|dir=RIGHT
MOVE|ts=20260119201534|dir=RIGHT
MOVE|ts=20260119201534|dir=RIGHT
MOVE|ts=20260119201536|dir=RIGHT
MOVE|ts=20260119201536|dir=DOWN
MOVE|ts=20260119201537|dir=DOWN
MOVE|ts=20260119201537|dir=LEFT
MOVE|ts=20260119201539|dir=DOWN
MOVE|ts=20260119201539|dir=LEFT
MOVE|ts=20260119201540|dir=LEFT
MOVE|ts=20260119201540|dir=LEFT
MOVE|ts=20260119201540|dir=LEFT
MOVE|ts=20260119201540|dir=LEFT
MOVE|ts=20260119201540|dir=LEFT
MOVE|ts=20260119201540|dir=LEFT
MOVE|ts=20260119201540|dir=LEFT
MOVE|ts=20260119201540|dir=LEFT
MOVE|ts=20260119201540|dir=LEFT
MOVE|ts=20260119201540|dir=LEFT
MOVE|ts=20260119201541|dir=LEFT
MOVE|ts=20260119201542|dir=UP
MOVE|ts=20260119201542|dir=LEFT
MOVE|ts=20260119201543|dir=LEFT
MOVE|ts=20260119201543|dir=LEFT
MOVE|ts=20260119201543|dir=LEFT
MOVE|ts=20260119201543|dir=LEFT
MOVE|ts=20260119201543|dir=LEFT
MOVE|ts=20260119201543|dir=LEFT
MOVE|ts=20260119201543|dir=LEFT
MOVE|ts=20260119201543|dir=LEFT
MOVE|ts=20260119201543|dir=LEFT
MOVE|ts=20260119201543|dir=LEFT
MOVE|ts=20260119201543|dir=LEFT
MOVE|ts=20260119201543|dir=LEFT
MOVE|ts=20260119201543|dir=LEFT
MOVE|ts=20260119201543|dir=LEFT
MOVE|ts=20260119201543|dir=RIGHT
MOVE|ts=20260119201544|dir=UP
MOVE|ts=20260119201545|dir=UP
MOVE|ts=20260119201545|dir=UP
MOVE|ts=20260119201545|dir=UP
MOVE|ts=20260119201545|dir=UP
MOVE|ts=20260119201545|dir=UP
MOVE|ts=20260119201545|dir=UP
MOVE|ts=20260119201545|dir=UP
MOVE|ts=20260119201545|dir=UP
MOVE|ts=20260119201545|dir=UP
MOVE|ts=20260119201545|dir=UP
MOVE|ts=20260119201545|dir=UP
MOVE|ts=20260119201545|dir=UP
MOVE|ts=20260119201545|dir=UP
MOVE|ts=20260119201546|dir=LEFT
MOVE|ts=20260119201546|dir=UP
MOVE|ts=20260119201547|dir=DOWN
MOVE|ts=20260119201547|dir=DOWN
MOVE|ts=20260119201548|dir=DOWN
MOVE|ts=20260119201549|dir=DOWN
MOVE|ts=20260119201549|dir=DOWN
MOVE|ts=20260119201549|dir=DOWN
MOVE|ts=20260119201549|dir=DOWN
MOVE|ts=20260119201549|dir=DOWN
MOVE|ts=20260119201549|dir=DOWN
MOVE|ts=20260119201549|dir=DOWN
MOVE|ts=20260119201549|dir=DOWN
MOVE|ts=20260119201549|dir=DOWN
MOVE|ts=20260119201549|dir=DOWN
MOVE|ts=20260119201549|dir=DOWN
MOVE|ts=20260119201549|dir=DOWN
MOVE|ts=20260119201549|dir=DOWN
MOVE|ts=20260119201549|dir=DOWN
MOVE|ts=20260119201549|dir=DOWN
MOVE|ts=20260119201549|dir=DOWN
MOVE|ts=20260119201549|dir=DOWN
MOVE|ts=20260119201549|dir=DOWN
MOVE|ts=20260119201549|dir=DOWN
MOVE|ts=20260119201549|dir=DOWN
MOVE|ts=20260119201549|dir=DOWN
MOVE|ts=20260119201549|dir=DOWN
MOVE|ts=20260119201549|dir=DOWN
MOVE|ts=20260119201549|dir=DOWN
MOVE|ts=20260119201549|dir=DOWN
MOVE|ts=20260119201549|dir=DOWN
MOVE|ts=20260119201549|dir=DOWN
MOVE|ts=20260119201549|dir=DOWN
MOVE|ts=20260119201549|dir=DOWN
MOVE|ts=20260119201549|dir=DOWN
MOVE|ts=20260119201550|dir=DOWN
MOVE|ts=20260119201550|dir=DOWN
MOVE|ts=20260119201550|dir=DOWN
MOVE|ts=20260119201550|dir=DOWN
MOVE|ts=20260119201550|dir=DOWN
MOVE|ts=20260119201550|dir=DOWN
MOVE|ts=20260119201551|dir=LEFT
MOVE|ts=20260119201552|dir=LEFT
MOVE|ts=20260119201552|dir=LEFT
MOVE|ts=20260119201552|dir=LEFT
MOVE|ts=20260119201552|dir=LEFT
MOVE|ts=20260119201552|dir=LEFT
MOVE|ts=20260119201552|dir=LEFT
MOVE|ts=20260119201552|dir=LEFT
MOVE|ts=20260119201552|dir=LEFT
MOVE|ts=20260119201552|dir=LEFT
MOVE|ts=20260119201552|dir=LEFT
MOVE|ts=20260119201552|dir=LEFT
MOVE|ts=20260119201552|dir=UP
MOVE|ts=20260119201558|dir=RIGHT
MOVE|ts=20260119201558|dir=RIGHT
MOVE|ts=20260119201559|dir=RIGHT
MOVE|ts=20260119201559|dir=RIGHT
MOVE|ts=20260119201559|dir=RIGHT
MOVE|ts=20260119201559|dir=RIGHT
MOVE|ts=20260119201559|dir=RIGHT
MOVE|ts=20260119201559|dir=UP
MOVE|ts=20260119201559|dir=UP
MOVE|ts=20260119201559|dir=UP
MOVE|ts=20260119201559|dir=UP
MOVE|ts=20260119201559|dir=UP
MOVE|ts=20260119201559|dir=RIGHT
MOVE|ts=20260119201600|dir=RIGHT
MOVE|ts=20260119201600|dir=RIGHT
MOVE|ts=20260119201600|dir=RIGHT
MOVE|ts=20260119201600|dir=RIGHT
MOVE|ts=20260119201600|dir=RIGHT
MOVE|ts=20260119201600|dir=RIGHT
MOVE|ts=20260119201600|dir=RIGHT
MOVE|ts=20260119201600|dir=RIGHT
MOVE|ts=20260119201600|dir=RIGHT
MOVE|ts=20260119201600|dir=RIGHT
MOVE|ts=20260119201600|dir=RIGHT
MOVE|ts=20260119201600|dir=RIGHT
MOVE|ts=20260119201600|dir=RIGHT
MOVE|ts=20260119201600|dir=RIGHT
MOVE|ts=20260119201600|dir=RIGHT
MOVE|ts=20260119201600|dir=RIGHT
MOVE|ts=20260119201600|dir=RIGHT
MOVE|ts=20260119201600|dir=RIGHT
MOVE|ts=20260119201600|dir=RIGHT
MOVE|ts=20260119201601|dir=RIGHT
MOVE|ts=20260119201601|dir=RIGHT
MOVE|ts=20260119201601|dir=UP
MOVE|ts=20260119201601|dir=RIGHT
MOVE|ts=20260119201601|dir=RIGHT
MOVE|ts=20260119201601|dir=RIGHT
MOVE|ts=20260119201601|dir=RIGHT
MOVE|ts=20260119201602|dir=RIGHT
MOVE|ts=20260119201602|dir=RIGHT
MOVE|ts=20260119201602|dir=RIGHT
MOVE|ts=20260119201602|dir=RIGHT
MOVE|ts=20260119201602|dir=RIGHT
MOVE|ts=20260119201602|dir=RIGHT
MOVE|ts=20260119201602|dir=RIGHT
MOVE|ts=20260119201602|dir=RIGHT
MOVE|ts=20260119201602|dir=RIGHT
MOVE|ts=20260119201602|dir=RIGHT
MOVE|ts=20260119201602|dir=RIGHT
MOVE|ts=20260119201602|dir=RIGHT
MOVE|ts=20260119201602|dir=RIGHT
MOVE|ts=20260119201602|dir=RIGHT
MOVE|ts=20260119201602|dir=RIGHT
MOVE|ts=20260119201602|dir=RIGHT
MOVE|ts=20260119201602|dir=RIGHT
MOVE|ts=20260119201602|dir=RIGHT
MOVE|ts=20260119201602|dir=RIGHT
MOVE|ts=20260119201602|dir=RIGHT
MOVE|ts=20260119201602|dir=RIGHT
MOVE|ts=20260119201602|dir=RIGHT
MOVE|ts=20260119201602|dir=RIGHT
MOVE|ts=20260119201602|dir=RIGHT
MOVE|ts=20260119201602|dir=RIGHT
MOVE|ts=20260119201602|dir=RIGHT
MOVE|ts=20260119201602|dir=RIGHT
MOVE|ts=20260119201602|dir=RIGHT
MOVE|ts=20260119201603|dir=RIGHT
MOVE|ts=20260119201603|dir=DOWN
MOVE|ts=20260119201603|dir=RIGHT
MOVE|ts=20260119201604|dir=RIGHT
MOVE|ts=20260119201604|dir=RIGHT
MOVE|ts=20260119201604|dir=RIGHT
MOVE|ts=20260119201604|dir=RIGHT
MOVE|ts=20260119201604|dir=RIGHT
MOVE|ts=20260119201604|dir=RIGHT
MOVE|ts=20260119201604|dir=RIGHT
MOVE|ts=20260119201604|dir=RIGHT
MOVE|ts=20260119201604|dir=RIGHT
MOVE|ts=20260119201604|dir=RIGHT
MOVE|ts=20260119201604|dir=RIGHT
MOVE|ts=20260119201604|dir=RIGHT
MOVE|ts=20260119201604|dir=RIGHT
MOVE|ts=20260119201604|dir=RIGHT
MOVE|ts=20260119201604|dir=RIGHT
MOVE|ts=20260119201604|dir=RIGHT
MOVE|ts=20260119201604|dir=RIGHT
MOVE|ts=20260119201604|dir=RIGHT
MOVE|ts=20260119201604|dir=RIGHT
MOVE|ts=20260119201604|dir=RIGHT
MOVE|ts=20260119201604|dir=RIGHT
MOVE|ts=20260119201604|dir=RIGHT
MOVE|ts=20260119201604|dir=RIGHT
MOVE|ts=20260119201604|dir=RIGHT
MOVE|ts=20260119201604|dir=RIGHT
MOVE|ts=20260119201604|dir=RIGHT
MOVE|ts=20260119201604|dir=RIGHT
MOVE|ts=20260119201604|dir=RIGHT
MOVE|ts=20260119201604|dir=RIGHT
MOVE|ts=20260119201604|dir=RIGHT
MOVE|ts=20260119201605|dir=RIGHT
MOVE|ts=20260119201605|dir=RIGHT
MOVE|ts=20260119201611|dir=UP
MOVE|ts=20260119201612|dir=RIGHT
MOVE|ts=20260119201612|dir=RIGHT
MOVE|ts=20260119201612|dir=DOWN
MOVE|ts=20260119201613|dir=DOWN
MOVE|ts=20260119201613|dir=LEFT
MOVE|ts=20260119201615|dir=UP
MOVE|ts=20260119201617|dir=UP
MOVE|ts=20260119201617|dir=LEFT
MOVE|ts=20260119201617|dir=DOWN
MOVE|ts=20260119201617|dir=RIGHT
MOVE|ts=20260119201619|dir=RIGHT
MOVE|ts=20260119201620|dir=LEFT
MOVE|ts=20260119201621|dir=RIGHT
MOVE|ts=20260119201622|dir=UP
MOVE|ts=20260119201622|dir=RIGHT
MOVE|ts=20260119201625|dir=UP
MOVE|ts=20260119201625|dir=RIGHT
MOVE|ts=20260119201626|dir=UP
MOVE|ts=20260119201626|dir=UP
MOVE|ts=20260119201626|dir=UP
MOVE|ts=20260119201626|dir=UP
MOVE|ts=20260119201626|dir=UP
MOVE|ts=20260119201626|dir=UP
MOVE|ts=20260119201626|dir=UP
MOVE|ts=20260119201626|dir=RIGHT
MOVE|ts=20260119201627|dir=UP
MOVE|ts=20260119201627|dir=UP
MOVE|ts=20260119201627|dir=UP
MOVE|ts=20260119201627|dir=UP
MOVE|ts=20260119201627|dir=UP
MOVE|ts=20260119201627|dir=UP
MOVE|ts=20260119201627|dir=UP
MOVE|ts=20260119201627|dir=UP
MOVE|ts=20260119201627|dir=UP
MOVE|ts=20260119201627|dir=UP
MOVE|ts=20260119201627|dir=UP
MOVE|ts=20260119201628|dir=DOWN
MOVE|ts=20260119201628|dir=RIGHT
MOVE|ts=20260119201629|dir=UP
MOVE|ts=20260119201629|dir=RIGHT
MOVE|ts=20260119201630|dir=UP
MOVE|ts=20260119201632|dir=UP
MOVE|ts=20260119201632|dir=LEFT
MOVE|ts=20260119201634|dir=RIGHT
MOVE|ts=20260119201634|dir=RIGHT
MOVE|ts=20260119201634|dir=RIGHT
MOVE|ts=20260119201634|dir=RIGHT
MOVE|ts=20260119201634|dir=RIGHT
MOVE|ts=20260119201634|dir=RIGHT
MOVE|ts=20260119201635|dir=RIGHT
MOVE|ts=20260119201635|dir=RIGHT
MOVE|ts=20260119201635|dir=RIGHT
MOVE|ts=20260119201635|dir=RIGHT
MOVE|ts=20260119201635|dir=RIGHT
MOVE|ts=20260119201635|dir=RIGHT
MOVE|ts=20260119201635|dir=RIGHT
MOVE|ts=20260119201635|dir=RIGHT
MOVE|ts=20260119201635|dir=RIGHT
MOVE|ts=20260119201635|dir=RIGHT
MOVE|ts=20260119201635|dir=RIGHT
MOVE|ts=20260119201635|dir=RIGHT
MOVE|ts=20260119201635|dir=RIGHT
MOVE|ts=20260119201635|dir=RIGHT
MOVE|ts=20260119201635|dir=DOWN
MOVE|ts=20260119201636|dir=UP
MOVE|ts=20260119201636|dir=UP
MOVE|ts=20260119201636|dir=UP
MOVE|ts=20260119201636|dir=UP
MOVE|ts=20260119201636|dir=UP
MOVE|ts=20260119201636|dir=UP
MOVE|ts=20260119201636|dir=UP
MOVE|ts=20260119201636|dir=UP
MOVE|ts=20260119201636|dir=UP
MOVE|ts=20260119201636|dir=UP
MOVE|ts=20260119201636|dir=UP
MOVE|ts=20260119201636|dir=UP
MOVE|ts=20260119201636|dir=UP
MOVE|ts=20260119201636|dir=UP
MOVE|ts=20260119201637|dir=UP
MOVE|ts=20260119201637|dir=UP
MOVE|ts=20260119201637|dir=UP
MOVE|ts=20260119201637|dir=UP
MOVE|ts=20260119201637|dir=UP
MOVE|ts=20260119201637|dir=UP
MOVE|ts=20260119201637|dir=UP
MOVE|ts=20260119201637|dir=RIGHT
MOVE|ts=20260119201637|dir=RIGHT
MOVE|ts=20260119201637|dir=RIGHT
MOVE|ts=20260119201637|dir=RIGHT
MOVE|ts=20260119201637|dir=RIGHT
MOVE|ts=20260119201637|dir=RIGHT
MOVE|ts=20260119201638|dir=UP
MOVE|ts=20260119201639|dir=RIGHT
MOVE|ts=20260119201639|dir=UP
MOVE|ts=20260119201640|dir=LEFT
MOVE|ts=20260119201641|dir=LEFT
MOVE|ts=20260119201641|dir=LEFT
MOVE|ts=20260119201642|dir=UP
MOVE|ts=20260119201643|dir=UP
MOVE|ts=20260119201643|dir=RIGHT
MOVE|ts=20260119201643|dir=UP
MOVE|ts=20260119201643|dir=RIGHT
MOVE|ts=20260119201644|dir=RIGHT
MOVE|ts=20260119201644|dir=RIGHT
MOVE|ts=20260119201644|dir=RIGHT
MOVE|ts=20260119201644|dir=RIGHT
MOVE|ts=20260119201644|dir=RIGHT
MOVE|ts=20260119201644|dir=RIGHT
MOVE|ts=20260119201644|dir=RIGHT
MOVE|ts=20260119201644|dir=RIGHT
MOVE|ts=20260119201644|dir=RIGHT
MOVE|ts=20260119201644|dir=RIGHT
MOVE|ts=20260119201644|dir=RIGHT
MOVE|ts=20260119201644|dir=RIGHT
MOVE|ts=20260119201644|dir=RIGHT
MOVE|ts=20260119201644|dir=RIGHT
MOVE|ts=20260119201644|dir=RIGHT
MOVE|ts=20260119201644|dir=RIGHT
MOVE|ts=20260119201644|dir=RIGHT
MOVE|ts=20260119201645|dir=RIGHT
MOVE|ts=20260119201645|dir=RIGHT
MOVE|ts=20260119201645|dir=RIGHT
MOVE|ts=20260119201645|dir=RIGHT
MOVE|ts=20260119201645|dir=RIGHT
MOVE|ts=20260119201645|dir=RIGHT
MOVE|ts=20260119201645|dir=RIGHT
MOVE|ts=20260119201645|dir=RIGHT
MOVE|ts=20260119201645|dir=RIGHT
MOVE|ts=20260119201645|dir=RIGHT
MOVE|ts=20260119201645|dir=RIGHT
MOVE|ts=20260119201645|dir=RIGHT
MOVE|ts=20260119201645|dir=RIGHT
MOVE|ts=20260119201645|dir=RIGHT
MOVE|ts=20260119201645|dir=RIGHT
MOVE|ts=20260119201645|dir=RIGHT
MOVE|ts=20260119201645|dir=RIGHT
MOVE|ts=20260119201645|dir=RIGHT
MOVE|ts=20260119201645|dir=RIGHT
MOVE|ts=20260119201645|dir=RIGHT
MOVE|ts=20260119201645|dir=RIGHT
MOVE|ts=20260119201645|dir=RIGHT
MOVE|ts=20260119201645|dir=RIGHT
MOVE|ts=20260119201645|dir=RIGHT
MOVE|ts=20260119201645|dir=RIGHT
MOVE|ts=20260119201645|dir=RIGHT
MOVE|ts=20260119201646|dir=RIGHT
MOVE|ts=20260119201646|dir=RIGHT
MOVE|ts=20260119201646|dir=UP
MOVE|ts=20260119201647|dir=RIGHT
MOVE|ts=20260119201648|dir=RIGHT
MOVE|ts=20260119201649|dir=RIGHT
MOVE|ts=20260119201649|dir=RIGHT
MOVE|ts=20260119201649|dir=UP
MOVE|ts=20260119201651|dir=UP
MOVE|ts=20260119201651|dir=RIGHT
MOVE|ts=20260119201652|dir=RIGHT
MOVE|ts=20260119201652|dir=DOWN
MOVE|ts=20260119201652|dir=RIGHT
MOVE|ts=20260119201653|dir=DOWN
MOVE|ts=20260119201653|dir=DOWN
MOVE|ts=20260119201654|dir=RIGHT
MOVE|ts=20260119201654|dir=DOWN
MOVE|ts=20260119201654|dir=RIGHT
MOVE|ts=20260119201655|dir=DOWN
MOVE|ts=20260119201655|dir=DOWN
MOVE|ts=20260119201656|dir=DOWN
MOVE|ts=20260119201656|dir=DOWN
MOVE|ts=20260119201657|dir=DOWN
MOVE|ts=20260119201657|dir=LEFT
MOVE|ts=20260119201657|dir=LEFT
MOVE|ts=20260119201658|dir=LEFT
MOVE|ts=20260119201659|dir=LEFT
MOVE|ts=20260119201659|dir=LEFT
MOVE|ts=20260119201659|dir=LEFT
MOVE|ts=20260119201659|dir=UP
MOVE|ts=20260119201700|dir=UP
MOVE|ts=20260119201700|dir=LEFT
MOVE|ts=20260119201701|dir=LEFT
MOVE|ts=20260119201701|dir=LEFT
MOVE|ts=20260119201701|dir=LEFT
MOVE|ts=20260119201701|dir=LEFT
MOVE|ts=20260119201701|dir=LEFT
MOVE|ts=20260119201701|dir=LEFT
MOVE|ts=20260119201701|dir=LEFT
MOVE|ts=20260119201701|dir=UP
MOVE|ts=20260119201702|dir=UP
MOVE|ts=20260119201702|dir=UP
MOVE|ts=20260119201702|dir=UP
MOVE|ts=20260119201702|dir=UP
MOVE|ts=20260119201702|dir=UP
MOVE|ts=20260119201702|dir=UP
MOVE|ts=20260119201702|dir=UP
MOVE|ts=20260119201702|dir=UP
MOVE|ts=20260119201702|dir=UP
MOVE|ts=20260119201702|dir=RIGHT
MOVE|ts=20260119201703|dir=RIGHT
MOVE|ts=20260119201703|dir=RIGHT
MOVE|ts=20260119201703|dir=RIGHT
MOVE|ts=20260119201703|dir=RIGHT
MOVE|ts=20260119201703|dir=RIGHT
MOVE|ts=20260119201703|dir=RIGHT
MOVE|ts=20260119201703|dir=RIGHT
MOVE|ts=20260119201703|dir=RIGHT
MOVE|ts=20260119201703|dir=RIGHT
MOVE|ts=20260119201703|dir=RIGHT
MOVE|ts=20260119201703|dir=RIGHT
MOVE|ts=20260119201703|dir=RIGHT
MOVE|ts=20260119201703|dir=RIGHT
MOVE|ts=20260119201703|dir=RIGHT
MOVE|ts=20260119201703|dir=RIGHT
MOVE|ts=20260119201703|dir=RIGHT
MOVE|ts=20260119201703|dir=RIGHT
MOVE|ts=20260119201703|dir=RIGHT
MOVE|ts=20260119201703|dir=RIGHT
MOVE|ts=20260119201703|dir=RIGHT
MOVE|ts=20260119201703|dir=RIGHT
MOVE|ts=20260119201703|dir=RIGHT
MOVE|ts=20260119201703|dir=RIGHT
MOVE|ts=20260119201703|dir=RIGHT
MOVE|ts=20260119201703|dir=RIGHT
MOVE|ts=20260119201703|dir=RIGHT
MOVE|ts=20260119201703|dir=RIGHT
MOVE|ts=20260119201703|dir=RIGHT
MOVE|ts=20260119201703|dir=RIGHT
MOVE|ts=20260119201703|dir=RIGHT
MOVE|ts=20260119201704|dir=RIGHT
MOVE|ts=20260119201704|dir=RIGHT
MOVE|ts=20260119201704|dir=RIGHT
MOVE|ts=20260119201704|dir=RIGHT
MOVE|ts=20260119201704|dir=RIGHT
MOVE|ts=20260119201704|dir=RIGHT
MOVE|ts=20260119201704|dir=RIGHT
MOVE|ts=20260119201704|dir=RIGHT
MOVE|ts=20260119201704|dir=RIGHT
MOVE|ts=20260119201704|dir=RIGHT
MOVE|ts=20260119201704|dir=RIGHT
MOVE|ts=20260119201704|dir=RIGHT
MOVE|ts=20260119201704|dir=RIGHT
MOVE|ts=20260119201704|dir=RIGHT
MOVE|ts=20260119201704|dir=RIGHT
MOVE|ts=20260119201704|dir=RIGHT
MOVE|ts=20260119201704|dir=RIGHT
MOVE|ts=20260119201704|dir=RIGHT
MOVE|ts=20260119201704|dir=RIGHT
MOVE|ts=20260119201704|dir=RIGHT
MOVE|ts=20260119201705|dir=RIGHT
MOVE|ts=20260119201705|dir=RIGHT
MOVE|ts=20260119201705|dir=RIGHT
MOVE|ts=20260119201705|dir=RIGHT
MOVE|ts=20260119201706|dir=DOWN
MOVE|ts=20260119201708|dir=DOWN
MOVE|ts=20260119201708|dir=DOWN
MOVE|ts=20260119201708|dir=DOWN
MOVE|ts=20260119201708|dir=DOWN
MOVE|ts=20260119201708|dir=DOWN
MOVE|ts=20260119201708|dir=DOWN
MOVE|ts=20260119201708|dir=DOWN
MOVE|ts=20260119201708|dir=DOWN
MOVE|ts=20260119201708|dir=DOWN
MOVE|ts=20260119201708|dir=DOWN
MOVE|ts=20260119201708|dir=DOWN
MOVE|ts=20260119201708|dir=DOWN
MOVE|ts=20260119201708|dir=DOWN
MOVE|ts=20260119201708|dir=DOWN
MOVE|ts=20260119201708|dir=DOWN
MOVE|ts=20260119201708|dir=DOWN
MOVE|ts=20260119201709|dir=DOWN
MOVE|ts=20260119201709|dir=DOWN
MOVE|ts=20260119201709|dir=DOWN
MOVE|ts=20260119201709|dir=DOWN
MOVE|ts=20260119201709|dir=DOWN
MOVE|ts=20260119201709|dir=LEFT
MOVE|ts=20260119201710|dir=DOWN
MOVE|ts=20260119201711|dir=UP
MOVE|ts=20260119201712|dir=UP
MOVE|ts=20260119201712|dir=LEFT
MOVE|ts=20260119201716|dir=UP
MOVE|ts=20260119201717|dir=UP
MOVE|ts=20260119201718|dir=DOWN
MOVE|ts=20260119201719|dir=DOWN
MOVE|ts=20260119201719|dir=RIGHT
MOVE|ts=20260119201722|dir=UP
MOVE|ts=20260119201723|dir=UP
MOVE|ts=20260119201723|dir=UP
MOVE|ts=20260119201724|dir=DOWN
MOVE|ts=20260119201725|dir=DOWN
MOVE|ts=20260119201727|dir=DOWN
MOVE|ts=20260119201727|dir=RIGHT
MOVE|ts=20260119201728|dir=RIGHT
MOVE|ts=20260119201729|dir=RIGHT
MOVE|ts=20260119201730|dir=DOWN
MOVE|ts=20260119201730|dir=RIGHT
MOVE|ts=20260119201730|dir=RIGHT
MOVE|ts=20260119201730|dir=RIGHT
MOVE|ts=20260119201730|dir=RIGHT
MOVE|ts=20260119201731|dir=RIGHT
MOVE|ts=20260119201731|dir=RIGHT
MOVE|ts=20260119201731|dir=DOWN
MOVE|ts=20260119201731|dir=DOWN
MOVE|ts=20260119201731|dir=DOWN
MOVE|ts=20260119201731|dir=DOWN
MOVE|ts=20260119201731|dir=DOWN
MOVE|ts=20260119201731|dir=DOWN
MOVE|ts=20260119201731|dir=DOWN
MOVE|ts=20260119201734|dir=RIGHT
MOVE|ts=20260119201737|dir=UP
MOVE|ts=20260119201738|dir=UP
MOVE|ts=20260119201739|dir=DOWN
MOVE|ts=20260119201739|dir=DOWN
MOVE|ts=20260119201740|dir=RIGHT
MOVE|ts=20260119201743|dir=RIGHT
MOVE|ts=20260119201744|dir=RIGHT
MOVE|ts=20260119201744|dir=RIGHT
MOVE|ts=20260119201745|dir=RIGHT
MOVE|ts=20260119201746|dir=RIGHT
MOVE|ts=20260119201747|dir=LEFT
MOVE|ts=20260119201747|dir=UP
MOVE|ts=20260119201748|dir=UP
MOVE|ts=20260119201748|dir=UP
MOVE|ts=20260119201748|dir=UP
MOVE|ts=20260119201748|dir=UP
MOVE|ts=20260119201748|dir=UP
MOVE|ts=20260119201748|dir=UP
MOVE|ts=20260119201748|dir=UP
MOVE|ts=20260119201748|dir=UP
MOVE|ts=20260119201748|dir=UP
MOVE|ts=20260119201748|dir=UP
MOVE|ts=20260119201748|dir=UP
MOVE|ts=20260119201748|dir=UP
MOVE|ts=20260119201748|dir=UP
MOVE|ts=20260119201748|dir=UP
MOVE|ts=20260119201748|dir=UP
MOVE|ts=20260119201748|dir=UP
MOVE|ts=20260119201748|dir=UP
MOVE|ts=20260119201748|dir=UP
MOVE|ts=20260119201748|dir=UP
MOVE|ts=20260119201748|dir=UP
MOVE|ts=20260119201748|dir=UP
MOVE|ts=20260119201748|dir=UP
MOVE|ts=20260119201748|dir=UP
MOVE|ts=20260119201748|dir=UP
MOVE|ts=20260119201748|dir=UP
MOVE|ts=20260119201748|dir=UP
MOVE|ts=20260119201748|dir=UP
MOVE|ts=20260119201748|dir=UP
MOVE|ts=20260119201748|dir=UP
MOVE|ts=20260119201748|dir=UP
MOVE|ts=20260119201749|dir=UP
MOVE|ts=20260119201749|dir=UP
MOVE|ts=20260119201749|dir=UP
MOVE|ts=20260119201749|dir=UP
MOVE|ts=20260119201749|dir=UP
MOVE|ts=20260119201749|dir=UP
MOVE|ts=20260119201749|dir=UP
MOVE|ts=20260119201749|dir=UP
MOVE|ts=20260119201749|dir=UP
MOVE|ts=20260119201749|dir=UP
MOVE|ts=20260119201749|dir=UP
MOVE|ts=20260119201749|dir=UP
MOVE|ts=20260119201749|dir=UP
MOVE|ts=20260119201749|dir=UP
MOVE|ts=20260119201749|dir=UP
MOVE|ts=20260119201749|dir=UP
MOVE|ts=20260119201749|dir=UP
MOVE|ts=20260119201749|dir=UP
MOVE|ts=20260119201749|dir=UP
MOVE|ts=20260119201749|dir=UP
MOVE|ts=20260119201749|dir=UP
MOVE|ts=20260119201749|dir=UP
MOVE|ts=20260119201749|dir=UP
MOVE|ts=20260119201749|dir=UP
MOVE|ts=20260119201749|dir=UP
MOVE|ts=20260119201749|dir=UP
MOVE|ts=20260119201749|dir=UP
MOVE|ts=20260119201749|dir=UP
MOVE|ts=20260119201749|dir=UP
MOVE|ts=20260119201749|dir=UP
MOVE|ts=20260119201750|dir=UP
MOVE|ts=20260119201750|dir=UP
MOVE|ts=20260119201750|dir=UP
MOVE|ts=20260119201750|dir=UP
MOVE|ts=20260119201750|dir=UP
MOVE|ts=20260119201750|dir=UP
MOVE|ts=20260119201750|dir=UP
MOVE|ts=20260119201750|dir=UP
MOVE|ts=20260119201750|dir=UP
MOVE|ts=20260119201750|dir=UP
MOVE|ts=20260119201750|dir=UP
MOVE|ts=20260119201750|dir=UP
MOVE|ts=20260119201750|dir=UP
MOVE|ts=20260119201750|dir=UP
MOVE|ts=20260119201750|dir=UP
MOVE|ts=20260119201750|dir=UP
MOVE|ts=20260119201750|dir=UP
MOVE|ts=20260119201750|dir=UP
MOVE|ts=20260119201750|dir=UP
MOVE|ts=20260119201750|dir=UP
MOVE|ts=20260119201750|dir=UP
MOVE|ts=20260119201750|dir=UP
MOVE|ts=20260119201750|dir=UP
MOVE|ts=20260119201750|dir=UP
MOVE|ts=20260119201750|dir=UP
MOVE|ts=20260119201750|dir=UP
MOVE|ts=20260119201750|dir=UP
MOVE|ts=20260119201750|dir=UP
MOVE|ts=20260119201750|dir=UP
MOVE|ts=20260119201750|dir=UP
MOVE|ts=20260119201750|dir=UP
MOVE|ts=20260119201751|dir=UP
MOVE|ts=20260119201751|dir=UP
MOVE|ts=20260119201751|dir=UP
MOVE|ts=20260119201751|dir=UP
MOVE|ts=20260119201751|dir=UP
MOVE|ts=20260119201751|dir=UP
MOVE|ts=20260119201751|dir=UP
MOVE|ts=20260119201751|dir=UP
MOVE|ts=20260119201751|dir=UP
MOVE|ts=20260119201751|dir=UP
MOVE|ts=20260119201751|dir=UP
MOVE|ts=20260119201751|dir=UP
MOVE|ts=20260119201751|dir=UP
MOVE|ts=20260119201751|dir=UP
MOVE|ts=20260119201751|dir=UP
MOVE|ts=20260119201751|dir=UP
MOVE|ts=20260119201751|dir=UP
MOVE|ts=20260119201751|dir=UP
MOVE|ts=20260119201751|dir=UP
MOVE|ts=20260119201751|dir=UP
MOVE|ts=20260119201751|dir=UP
MOVE|ts=20260119201751|dir=UP
MOVE|ts=20260119201751|dir=UP
MOVE|ts=20260119201751|dir=UP
MOVE|ts=20260119201751|dir=UP
MOVE|ts=20260119201751|dir=UP
MOVE|ts=20260119201751|dir=UP
MOVE|ts=20260119201751|dir=UP
MOVE|ts=20260119201751|dir=UP
MOVE|ts=20260119201751|dir=UP
MOVE|ts=20260119201752|dir=UP
MOVE|ts=20260119201752|dir=UP
MOVE|ts=20260119201752|dir=UP
MOVE|ts=20260119201752|dir=UP
MOVE|ts=20260119201752|dir=UP
MOVE|ts=20260119201752|dir=UP
MOVE|ts=20260119201752|dir=UP
MOVE|ts=20260119201752|dir=UP
MOVE|ts=20260119201752|dir=UP
MOVE|ts=20260119201752|dir=UP
MOVE|ts=20260119201752|dir=UP
MOVE|ts=20260119201752|dir=UP
MOVE|ts=20260119201752|dir=UP
MOVE|ts=20260119201752|dir=UP
MOVE|ts=20260119201752|dir=UP
MOVE|ts=20260119201752|dir=UP
MOVE|ts=20260119201752|dir=UP
MOVE|ts=20260119201752|dir=UP
MOVE|ts=20260119201752|dir=UP
MOVE|ts=20260119201752|dir=RIGHT
MOVE|ts=20260119201752|dir=UP
MOVE|ts=20260119201753|dir=RIGHT
MOVE|ts=20260119201753|dir=UP
MOVE|ts=20260119201754|dir=RIGHT
MOVE|ts=20260119201754|dir=RIGHT
MOVE|ts=20260119201754|dir=RIGHT
MOVE|ts=20260119201754|dir=RIGHT
MOVE|ts=20260119201754|dir=UP
MOVE|ts=20260119201755|dir=UP
MOVE|ts=20260119201755|dir=UP
MOVE|ts=20260119201755|dir=UP
MOVE|ts=20260119201755|dir=UP
MOVE|ts=20260119201755|dir=UP
MOVE|ts=20260119201755|dir=UP
MOVE|ts=20260119201755|dir=UP
MOVE|ts=20260119201755|dir=UP
MOVE|ts=20260119201755|dir=UP
MOVE|ts=20260119201755|dir=UP
MOVE|ts=20260119201755|dir=UP
MOVE|ts=20260119201755|dir=UP
MOVE|ts=20260119201755|dir=RIGHT
MOVE|ts=20260119201756|dir=RIGHT
MOVE|ts=20260119201756|dir=RIGHT
MOVE|ts=20260119201756|dir=RIGHT
MOVE|ts=20260119201756|dir=RIGHT
MOVE|ts=20260119201756|dir=RIGHT
MOVE|ts=20260119201756|dir=RIGHT
MOVE|ts=20260119201756|dir=RIGHT
MOVE|ts=20260119201756|dir=RIGHT
MOVE|ts=20260119201756|dir=RIGHT
MOVE|ts=20260119201756|dir=RIGHT
MOVE|ts=20260119201756|dir=RIGHT
MOVE|ts=20260119201756|dir=RIGHT
MOVE|ts=20260119201756|dir=RIGHT
MOVE|ts=20260119201756|dir=RIGHT
MOVE|ts=20260119201756|dir=RIGHT
MOVE|ts=20260119201756|dir=RIGHT
MOVE|ts=20260119201756|dir=RIGHT
MOVE|ts=20260119201756|dir=RIGHT
MOVE|ts=20260119201756|dir=RIGHT
MOVE|ts=20260119201756|dir=RIGHT
MOVE|ts=20260119201756|dir=RIGHT
MOVE|ts=20260119201757|dir=RIGHT
MOVE|ts=20260119201757|dir=RIGHT
MOVE|ts=20260119201757|dir=RIGHT
MOVE|ts=20260119201757|dir=RIGHT
MOVE|ts=20260119201757|dir=RIGHT
MOVE|ts=20260119201757|dir=RIGHT
MOVE|ts=20260119201757|dir=RIGHT
MOVE|ts=20260119201757|dir=RIGHT
MOVE|ts=20260119201757|dir=RIGHT
MOVE|ts=20260119201757|dir=RIGHT
MOVE|ts=20260119201757|dir=RIGHT
MOVE|ts=20260119201757|dir=RIGHT
MOVE|ts=20260119201757|dir=RIGHT
MOVE|ts=20260119201757|dir=RIGHT
MOVE|ts=20260119201757|dir=RIGHT
MOVE|ts=20260119201757|dir=RIGHT
MOVE|ts=20260119201757|dir=RIGHT
MOVE|ts=20260119201757|dir=RIGHT
MOVE|ts=20260119201757|dir=RIGHT
MOVE|ts=20260119201757|dir=RIGHT
MOVE|ts=20260119201757|dir=RIGHT
MOVE|ts=20260119201757|dir=RIGHT
MOVE|ts=20260119201757|dir=RIGHT
MOVE|ts=20260119201757|dir=RIGHT
MOVE|ts=20260119201757|dir=RIGHT
MOVE|ts=20260119201757|dir=RIGHT
MOVE|ts=20260119201757|dir=RIGHT
MOVE|ts=20260119201757|dir=RIGHT
MOVE|ts=20260119201757|dir=RIGHT
MOVE|ts=20260119201757|dir=RIGHT
MOVE|ts=20260119201757|dir=RIGHT
MOVE|ts=20260119201758|dir=RIGHT
MOVE|ts=20260119201758|dir=RIGHT
MOVE|ts=20260119201758|dir=RIGHT
MOVE|ts=20260119201758|dir=RIGHT
MOVE|ts=20260119201758|dir=RIGHT
MOVE|ts=20260119201758|dir=RIGHT
MOVE|ts=20260119201758|dir=RIGHT
MOVE|ts=20260119201758|dir=RIGHT
MOVE|ts=20260119201758|dir=RIGHT
MOVE|ts=20260119201758|dir=RIGHT
MOVE|ts=20260119201758|dir=RIGHT
MOVE|ts=20260119201758|dir=RIGHT
MOVE|ts=20260119201758|dir=RIGHT
MOVE|ts=20260119201758|dir=RIGHT
MOVE|ts=20260119201758|dir=UP
MOVE|ts=20260119201801|dir=UP
MOVE|ts=20260119201801|dir=LEFT
MOVE|ts=20260119201801|dir=LEFT
MOVE|ts=20260119201802|dir=UP
MOVE|ts=20260119201802|dir=UP
MOVE|ts=20260119201802|dir=UP
MOVE|ts=20260119201802|dir=UP
MOVE|ts=20260119201803|dir=DOWN
MOVE|ts=20260119201804|dir=UP
MOVE|ts=20260119201805|dir=LEFT
MOVE|ts=20260119201805|dir=DOWN
MOVE|ts=20260119201806|dir=UP
MOVE|ts=20260119201806|dir=UP
MOVE|ts=20260119201807|dir=UP
MOVE|ts=20260119201809|dir=UP
MOVE|ts=20260119201810|dir=LEFT
MOVE|ts=20260119201810|dir=UP
MOVE|ts=20260119201811|dir=LEFT
MOVE|ts=20260119201811|dir=LEFT
MOVE|ts=20260119201812|dir=LEFT
MOVE|ts=20260119201813|dir=LEFT
MOVE|ts=20260119201814|dir=LEFT
MOVE|ts=20260119201815|dir=LEFT
MOVE|ts=20260119201816|dir=DOWN
MOVE|ts=20260119201816|dir=DOWN
MOVE|ts=20260119201816|dir=LEFT
MOVE|ts=20260119201816|dir=DOWN
MOVE|ts=20260119201817|dir=DOWN
MOVE|ts=20260119201818|dir=LEFT
MOVE|ts=20260119201818|dir=LEFT
MOVE|ts=20260119201818|dir=LEFT
MOVE|ts=20260119201820|dir=LEFT
MOVE|ts=20260119201820|dir=DOWN
MOVE|ts=20260119201820|dir=LEFT
MOVE|ts=20260119201821|dir=LEFT
MOVE|ts=20260119201821|dir=LEFT
MOVE|ts=20260119201822|dir=DOWN
MOVE|ts=20260119201823|dir=LEFT
MOVE|ts=20260119201823|dir=LEFT
MOVE|ts=20260119201823|dir=LEFT
MOVE|ts=20260119201823|dir=LEFT
MOVE|ts=20260119201823|dir=LEFT
MOVE|ts=20260119201823|dir=LEFT
MOVE|ts=20260119201824|dir=LEFT
MOVE|ts=20260119201824|dir=LEFT
MOVE|ts=20260119201824|dir=LEFT
MOVE|ts=20260119201824|dir=LEFT
MOVE|ts=20260119201824|dir=UP
MOVE|ts=20260119201824|dir=DOWN
MOVE|ts=20260119201825|dir=LEFT
MOVE|ts=20260119201826|dir=LEFT
MOVE|ts=20260119201826|dir=LEFT
MOVE|ts=20260119201826|dir=LEFT
MOVE|ts=20260119201826|dir=LEFT
MOVE|ts=20260119201826|dir=LEFT
MOVE|ts=20260119201827|dir=LEFT
MOVE|ts=20260119201827|dir=LEFT
MOVE|ts=20260119201828|dir=LEFT
MOVE|ts=20260119201829|dir=DOWN
MOVE|ts=20260119201829|dir=DOWN
MOVE|ts=20260119201829|dir=DOWN
MOVE|ts=20260119201829|dir=DOWN
MOVE|ts=20260119201829|dir=DOWN
MOVE|ts=20260119201829|dir=DOWN
MOVE|ts=20260119201829|dir=RIGHT
MOVE|ts=20260119201830|dir=RIGHT
MOVE|ts=20260119201830|dir=RIGHT
MOVE|ts=20260119201830|dir=RIGHT
MOVE|ts=20260119201830|dir=RIGHT
MOVE|ts=20260119201830|dir=RIGHT
MOVE|ts=20260119201830|dir=RIGHT
MOVE|ts=20260119201830|dir=RIGHT
MOVE|ts=20260119201830|dir=RIGHT
MOVE|ts=20260119201830|dir=RIGHT
MOVE|ts=20260119201830|dir=RIGHT
MOVE|ts=20260119201830|dir=RIGHT
MOVE|ts=20260119201830|dir=RIGHT
MOVE|ts=20260119201830|dir=RIGHT
MOVE|ts=20260119201830|dir=RIGHT
MOVE|ts=20260119201830|dir=RIGHT
MOVE|ts=20260119201830|dir=RIGHT
MOVE|ts=20260119201830|dir=RIGHT
MOVE|ts=20260119201830|dir=RIGHT
MOVE|ts=20260119201830|dir=RIGHT
MOVE|ts=20260119201830|dir=RIGHT
MOVE|ts=20260119201830|dir=RIGHT
MOVE|ts=20260119201830|dir=RIGHT
MOVE|ts=20260119201831|dir=RIGHT
MOVE|ts=20260119201831|dir=RIGHT
MOVE|ts=20260119201831|dir=RIGHT
MOVE|ts=20260119201831|dir=RIGHT
MOVE|ts=20260119201831|dir=RIGHT
MOVE|ts=20260119201831|dir=RIGHT
MOVE|ts=20260119201831|dir=RIGHT
MOVE|ts=20260119201831|dir=RIGHT
MOVE|ts=20260119201831|dir=RIGHT
MOVE|ts=20260119201831|dir=RIGHT
MOVE|ts=20260119201831|dir=RIGHT
MOVE|ts=20260119201831|dir=RIGHT
MOVE|ts=20260119201831|dir=RIGHT
MOVE|ts=20260119201831|dir=RIGHT
MOVE|ts=20260119201831|dir=RIGHT
MOVE|ts=20260119201831|dir=RIGHT
MOVE|ts=20260119201831|dir=RIGHT
MOVE|ts=20260119201831|dir=UP
MOVE|ts=20260119201831|dir=RIGHT
MOVE|ts=20260119201832|dir=RIGHT
MOVE|ts=20260119201832|dir=DOWN
MOVE|ts=20260119201833|dir=DOWN
MOVE|ts=20260119201833|dir=DOWN
MOVE|ts=20260119201833|dir=LEFT
MOVE|ts=20260119201834|dir=LEFT
MOVE|ts=20260119201834|dir=LEFT
MOVE|ts=20260119201835|dir=LEFT
MOVE|ts=20260119201835|dir=LEFT
MOVE|ts=20260119201835|dir=LEFT
MOVE|ts=20260119201835|dir=LEFT
MOVE|ts=20260119201835|dir=LEFT
MOVE|ts=20260119201835|dir=LEFT
MOVE|ts=20260119201835|dir=LEFT
MOVE|ts=20260119201835|dir=LEFT
MOVE|ts=20260119201835|dir=LEFT
MOVE|ts=20260119201835|dir=LEFT
MOVE|ts=20260119201835|dir=LEFT
MOVE|ts=20260119201835|dir=LEFT
MOVE|ts=20260119201835|dir=LEFT
MOVE|ts=20260119201835|dir=LEFT
MOVE|ts=20260119201835|dir=LEFT
MOVE|ts=20260119201835|dir=LEFT
MOVE|ts=20260119201835|dir=LEFT
MOVE|ts=20260119201835|dir=LEFT
MOVE|ts=20260119201835|dir=LEFT
MOVE|ts=20260119201835|dir=LEFT
MOVE|ts=20260119201835|dir=LEFT
MOVE|ts=20260119201836|dir=LEFT
MOVE|ts=20260119201836|dir=LEFT
MOVE|ts=20260119201836|dir=LEFT
MOVE|ts=20260119201836|dir=DOWN
MOVE|ts=20260119201837|dir=LEFT
MOVE|ts=20260119201837|dir=LEFT
MOVE|ts=20260119201838|dir=LEFT
MOVE|ts=20260119201839|dir=LEFT
MOVE|ts=20260119201839|dir=LEFT
MOVE|ts=20260119201839|dir=LEFT
MOVE|ts=20260119201839|dir=LEFT
MOVE|ts=20260119201839|dir=UP
MOVE|ts=20260119201841|dir=LEFT
MOVE|ts=20260119201841|dir=DOWN
MOVE|ts=20260119201841|dir=LEFT
MOVE|ts=20260119201842|dir=LEFT
MOVE|ts=20260119201843|dir=DOWN
MOVE|ts=20260119201843|dir=DOWN
MOVE|ts=20260119201843|dir=DOWN
MOVE|ts=20260119201844|dir=DOWN
MOVE|ts=20260119201844|dir=DOWN
MOVE|ts=20260119201846|dir=DOWN
MOVE|ts=20260119201847|dir=LEFT
MOVE|ts=20260119201850|dir=UP
MOVE|ts=20260119201851|dir=UP
MOVE|ts=20260119201851|dir=UP
MOVE|ts=20260119201851|dir=UP
MOVE|ts=20260119201851|dir=UP
MOVE|ts=20260119201851|dir=UP
MOVE|ts=20260119201852|dir=UP
MOVE|ts=20260119201852|dir=UP
MOVE|ts=20260119201852|dir=UP
MOVE|ts=20260119201852|dir=UP
MOVE|ts=20260119201852|dir=UP
MOVE|ts=20260119201855|dir=RIGHT
MOVE|ts=20260119201856|dir=UP
MOVE|ts=20260119201856|dir=RIGHT
MOVE|ts=20260119201857|dir=UP
MOVE|ts=20260119201858|dir=RIGHT
MOVE|ts=20260119201859|dir=UP
MOVE|ts=20260119201901|dir=RIGHT
MOVE|ts=20260119201901|dir=UP
MOVE|ts=20260119201904|dir=RIGHT
MOVE|ts=20260119201905|dir=LEFT
MOVE|ts=20260119201905|dir=LEFT
MOVE|ts=20260119201905|dir=UP
MOVE|ts=20260119201906|dir=UP
MOVE|ts=20260119201906|dir=UP
MOVE|ts=20260119201906|dir=UP
MOVE|ts=20260119201906|dir=UP
MOVE|ts=20260119201906|dir=UP
MOVE|ts=20260119201906|dir=UP
MOVE|ts=20260119201906|dir=UP
MOVE|ts=20260119201906|dir=UP
MOVE|ts=20260119201906|dir=UP
MOVE|ts=20260119201906|dir=UP
MOVE|ts=20260119201906|dir=UP
MOVE|ts=20260119201906|dir=UP
MOVE|ts=20260119201906|dir=UP
MOVE|ts=20260119201906|dir=UP
MOVE|ts=20260119201906|dir=UP
MOVE|ts=20260119201906|dir=UP
MOVE|ts=20260119201906|dir=UP
MOVE|ts=20260119201906|dir=UP
MOVE|ts=20260119201906|dir=UP
MOVE|ts=20260119201906|dir=UP
MOVE|ts=20260119201907|dir=LEFT
MOVE|ts=20260119201907|dir=DOWN
MOVE|ts=20260119201907|dir=LEFT
MOVE|ts=20260119201908|dir=UP
MOVE|ts=20260119201908|dir=LEFT
MOVE|ts=20260119201908|dir=UP
MOVE|ts=20260119201909|dir=UP
MOVE|ts=20260119201909|dir=UP
MOVE|ts=20260119201909|dir=LEFT
MOVE|ts=20260119201909|dir=UP
MOVE|ts=20260119201909|dir=LEFT
MOVE|ts=20260119201910|dir=DOWN
MOVE|ts=20260119201910|dir=LEFT
MOVE|ts=20260119201910|dir=LEFT
MOVE|ts=20260119201910|dir=LEFT
MOVE|ts=20260119201910|dir=LEFT
MOVE|ts=20260119201911|dir=LEFT
MOVE|ts=20260119201911|dir=LEFT
MOVE|ts=20260119201911|dir=LEFT
MOVE|ts=20260119201911|dir=LEFT
MOVE|ts=20260119201911|dir=LEFT
MOVE|ts=20260119201911|dir=LEFT
MOVE|ts=20260119201911|dir=LEFT
MOVE|ts=20260119201911|dir=LEFT
MOVE|ts=20260119201911|dir=LEFT
MOVE|ts=20260119201911|dir=LEFT
MOVE|ts=20260119201911|dir=UP
MOVE|ts=20260119201911|dir=UP
MOVE|ts=20260119201911|dir=UP
MOVE|ts=20260119201911|dir=UP
MOVE|ts=20260119201911|dir=UP
MOVE|ts=20260119201911|dir=UP
MOVE|ts=20260119201912|dir=UP
MOVE|ts=20260119201912|dir=UP
MOVE|ts=20260119201912|dir=UP
MOVE|ts=20260119201912|dir=UP
MOVE|ts=20260119201912|dir=UP
MOVE|ts=20260119201912|dir=UP
MOVE|ts=20260119201912|dir=UP
MOVE|ts=20260119201912|dir=UP
MOVE|ts=20260119201912|dir=UP
MOVE|ts=20260119201912|dir=UP
MOVE|ts=20260119201912|dir=UP
MOVE|ts=20260119201912|dir=UP
MOVE|ts=20260119201912|dir=UP
MOVE|ts=20260119201912|dir=UP
MOVE|ts=20260119201912|dir=UP
MOVE|ts=20260119201912|dir=UP
MOVE|ts=20260119201912|dir=UP
MOVE|ts=20260119201912|dir=UP
MOVE|ts=20260119201912|dir=UP
MOVE|ts=20260119201912|dir=UP
MOVE|ts=20260119201912|dir=UP
MOVE|ts=20260119201912|dir=UP
MOVE|ts=20260119201912|dir=UP
MOVE|ts=20260119201912|dir=UP
MOVE|ts=20260119201912|dir=UP
MOVE|ts=20260119201912|dir=UP
MOVE|ts=20260119201912|dir=UP
MOVE|ts=20260119201912|dir=UP
MOVE|ts=20260119201912|dir=UP
MOVE|ts=20260119201912|dir=UP
MOVE|ts=20260119201913|dir=UP
MOVE|ts=20260119201913|dir=UP
MOVE|ts=20260119201913|dir=UP
MOVE|ts=20260119201913|dir=UP
MOVE|ts=20260119201913|dir=UP
MOVE|ts=20260119201913|dir=UP
MOVE|ts=20260119201913|dir=UP
MOVE|ts=20260119201913|dir=UP
MOVE|ts=20260119201913|dir=UP
MOVE|ts=20260119201913|dir=UP
MOVE|ts=20260119201913|dir=UP
MOVE|ts=20260119201913|dir=UP
MOVE|ts=20260119201913|dir=UP
MOVE|ts=20260119201913|dir=UP
MOVE|ts=20260119201913|dir=UP
MOVE|ts=20260119201913|dir=UP
MOVE|ts=20260119201913|dir=UP
MOVE|ts=20260119201913|dir=UP
MOVE|ts=20260119201913|dir=UP
MOVE|ts=20260119201913|dir=UP
MOVE|ts=20260119201913|dir=UP
MOVE|ts=20260119201913|dir=UP
MOVE|ts=20260119201914|dir=DOWN
MOVE|ts=20260119201915|dir=DOWN
MOVE|ts=20260119201916|dir=DOWN
MOVE|ts=20260119201916|dir=LEFT
MOVE|ts=20260119201917|dir=DOWN
MOVE|ts=20260119201917|dir=DOWN
MOVE|ts=20260119201917|dir=RIGHT
MOVE|ts=20260119201923|dir=DOWN
MOVE|ts=20260119201924|dir=UP
MOVE|ts=20260119201925|dir=RIGHT
MOVE|ts=20260119201925|dir=RIGHT
MOVE|ts=20260119201925|dir=RIGHT
MOVE|ts=20260119201927|dir=RIGHT
MOVE|ts=20260119201927|dir=RIGHT
MOVE|ts=20260119201927|dir=RIGHT
MOVE|ts=20260119201931|dir=RIGHT
MOVE|ts=20260119201933|dir=UP
MOVE|ts=20260119201935|dir=UP
MOVE|ts=20260119201936|dir=UP
MOVE|ts=20260119201936|dir=UP
MOVE|ts=20260119201936|dir=UP
MOVE|ts=20260119201936|dir=UP
MOVE|ts=20260119201936|dir=UP
MOVE|ts=20260119201936|dir=UP
MOVE|ts=20260119201936|dir=UP
MOVE|ts=20260119201936|dir=UP
MOVE|ts=20260119201936|dir=UP
MOVE|ts=20260119201936|dir=UP
MOVE|ts=20260119201936|dir=UP
MOVE|ts=20260119201936|dir=UP
MOVE|ts=20260119201936|dir=UP
MOVE|ts=20260119201936|dir=UP
MOVE|ts=20260119201936|dir=UP
MOVE|ts=20260119201936|dir=UP
MOVE|ts=20260119201936|dir=UP
MOVE|ts=20260119201936|dir=UP
MOVE|ts=20260119201936|dir=UP
MOVE|ts=20260119201936|dir=UP
MOVE|ts=20260119201937|dir=UP
MOVE|ts=20260119201938|dir=DOWN
MOVE|ts=20260119201938|dir=DOWN
MOVE|ts=20260119201938|dir=DOWN
MOVE|ts=20260119201938|dir=DOWN
MOVE|ts=20260119201938|dir=DOWN
MOVE|ts=20260119201938|dir=DOWN
MOVE|ts=20260119201938|dir=DOWN
MOVE|ts=20260119201938|dir=DOWN
MOVE|ts=20260119201938|dir=DOWN
MOVE|ts=20260119201938|dir=DOWN
MOVE|ts=20260119201938|dir=DOWN
MOVE|ts=20260119201939|dir=DOWN
MOVE|ts=20260119201939|dir=DOWN
MOVE|ts=20260119201939|dir=DOWN
MOVE|ts=20260119201939|dir=DOWN
MOVE|ts=20260119201939|dir=DOWN
MOVE|ts=20260119201939|dir=DOWN
MOVE|ts=20260119201940|dir=DOWN
MOVE|ts=20260119201941|dir=DOWN
MOVE|ts=20260119201941|dir=DOWN
MOVE|ts=20260119201941|dir=DOWN
MOVE|ts=20260119201941|dir=DOWN
MOVE|ts=20260119201941|dir=DOWN
MOVE|ts=20260119201941|dir=DOWN
MOVE|ts=20260119201941|dir=DOWN
MOVE|ts=20260119201941|dir=DOWN
MOVE|ts=20260119201941|dir=DOWN
MOVE|ts=20260119201941|dir=DOWN
MOVE|ts=20260119201941|dir=DOWN
MOVE|ts=20260119201941|dir=DOWN
MOVE|ts=20260119201941|dir=DOWN
MOVE|ts=20260119201941|dir=DOWN
MOVE|ts=20260119201941|dir=DOWN
MOVE|ts=20260119201941|dir=DOWN
MOVE|ts=20260119201941|dir=DOWN
MOVE|ts=20260119201941|dir=DOWN
MOVE|ts=20260119201941|dir=DOWN
MOVE|ts=20260119201941|dir=RIGHT
MOVE|ts=20260119201942|dir=DOWN
MOVE|ts=20260119201943|dir=DOWN
MOVE|ts=20260119201943|dir=DOWN
MOVE|ts=20260119201943|dir=DOWN
MOVE|ts=20260119201943|dir=DOWN
MOVE|ts=20260119201943|dir=DOWN
MOVE|ts=20260119201943|dir=DOWN
MOVE|ts=20260119201943|dir=DOWN
MOVE|ts=20260119201943|dir=DOWN
MOVE|ts=20260119201943|dir=DOWN
MOVE|ts=20260119201943|dir=DOWN
MOVE|ts=20260119201944|dir=RIGHT
MOVE|ts=20260119201946|dir=DOWN
MOVE|ts=20260119201946|dir=RIGHT
MOVE|ts=20260119201947|dir=RIGHT
MOVE|ts=20260119201947|dir=RIGHT
MOVE|ts=20260119201947|dir=RIGHT
MOVE|ts=20260119201947|dir=DOWN
MOVE|ts=20260119201947|dir=RIGHT
MOVE|ts=20260119201948|dir=UP
MOVE|ts=20260119201949|dir=UP
MOVE|ts=20260119201949|dir=UP
MOVE|ts=20260119201949|dir=UP
MOVE|ts=20260119201949|dir=UP
MOVE|ts=20260119201949|dir=UP
MOVE|ts=20260119201949|dir=UP
MOVE|ts=20260119201949|dir=UP
MOVE|ts=20260119201949|dir=UP
MOVE|ts=20260119201949|dir=UP
MOVE|ts=20260119201949|dir=UP
MOVE|ts=20260119201949|dir=UP
MOVE|ts=20260119201949|dir=UP
MOVE|ts=20260119201949|dir=UP
MOVE|ts=20260119201949|dir=RIGHT
MOVE|ts=20260119201952|dir=DOWN
MOVE|ts=20260119201952|dir=RIGHT
MOVE|ts=20260119201953|dir=DOWN
MOVE|ts=20260119201953|dir=DOWN
MOVE|ts=20260119201954|dir=DOWN
MOVE|ts=20260119201954|dir=DOWN
MOVE|ts=20260119201954|dir=UP
MOVE|ts=20260119201955|dir=LEFT
MOVE|ts=20260119201956|dir=RIGHT
MOVE|ts=20260119201956|dir=DOWN
MOVE|ts=20260119201957|dir=DOWN
MOVE|ts=20260119201957|dir=DOWN
MOVE|ts=20260119201957|dir=RIGHT
MOVE|ts=20260119201957|dir=UP
MOVE|ts=20260119201958|dir=DOWN
MOVE|ts=20260119201959|dir=DOWN
MOVE|ts=20260119202003|dir=DOWN
MOVE|ts=20260119202003|dir=RIGHT
MOVE|ts=20260119202003|dir=DOWN
MOVE|ts=20260119202004|dir=RIGHT
MOVE|ts=20260119202005|dir=RIGHT
MOVE|ts=20260119202005|dir=RIGHT
MOVE|ts=20260119202005|dir=RIGHT
MOVE|ts=20260119202005|dir=RIGHT
MOVE|ts=20260119202006|dir=DOWN
MOVE|ts=20260119202007|dir=RIGHT
MOVE|ts=20260119202007|dir=DOWN
MOVE|ts=20260119202008|dir=DOWN
MOVE|ts=20260119202009|dir=DOWN
MOVE|ts=20260119202010|dir=DOWN
MOVE|ts=20260119202011|dir=DOWN
MOVE|ts=20260119202011|dir=DOWN
MOVE|ts=20260119202012|dir=DOWN
MOVE|ts=20260119202012|dir=DOWN
MOVE|ts=20260119202012|dir=DOWN
MOVE|ts=20260119202013|dir=RIGHT
MOVE|ts=20260119202014|dir=RIGHT
MOVE|ts=20260119202014|dir=DOWN
MOVE|ts=20260119202015|dir=DOWN
MOVE|ts=20260119202015|dir=DOWN
MOVE|ts=20260119202015|dir=DOWN
MOVE|ts=20260119202015|dir=DOWN
MOVE|ts=20260119202015|dir=DOWN
MOVE|ts=20260119202015|dir=DOWN
MOVE|ts=20260119202015|dir=DOWN
MOVE|ts=20260119202015|dir=DOWN
MOVE|ts=20260119202015|dir=DOWN
MOVE|ts=20260119202016|dir=DOWN
MOVE|ts=20260119202016|dir=DOWN
MOVE|ts=20260119202016|dir=DOWN
MOVE|ts=20260119202016|dir=RIGHT
MOVE|ts=20260119202016|dir=DOWN
MOVE|ts=20260119202017|dir=DOWN
MOVE|ts=20260119202017|dir=DOWN
MOVE|ts=20260119202018|dir=LEFT
MOVE|ts=20260119202018|dir=DOWN
MOVE|ts=20260119202019|dir=DOWN
MOVE|ts=20260119202020|dir=DOWN
MOVE|ts=20260119202020|dir=RIGHT
MOVE|ts=20260119202021|dir=DOWN
MOVE|ts=20260119202021|dir=DOWN
MOVE|ts=20260119202023|dir=DOWN
MOVE|ts=20260119202024|dir=DOWN
MOVE|ts=20260119202024|dir=DOWN
MOVE|ts=20260119202025|dir=RIGHT
MOVE|ts=20260119202025|dir=RIGHT
MOVE|ts=20260119202025|dir=RIGHT
MOVE|ts=20260119202026|dir=DOWN
MOVE|ts=20260119202026|dir=RIGHT
MOVE|ts=20260119202027|dir=DOWN
MOVE|ts=20260119202027|dir=RIGHT
MOVE|ts=20260119202028|dir=RIGHT
MOVE|ts=20260119202028|dir=RIGHT
MOVE|ts=20260119202030|dir=LEFT
MOVE|ts=20260119202031|dir=LEFT
MOVE|ts=20260119202031|dir=LEFT
MOVE|ts=20260119202031|dir=LEFT
MOVE|ts=20260119202032|dir=LEFT
MOVE|ts=20260119202033|dir=UP
MOVE|ts=20260119202034|dir=UP
MOVE|ts=20260119202035|dir=DOWN
MOVE|ts=20260119202035|dir=DOWN
MOVE|ts=20260119202035|dir=DOWN
MOVE|ts=20260119202035|dir=DOWN
MOVE|ts=20260119202035|dir=DOWN
MOVE|ts=20260119202035|dir=DOWN
MOVE|ts=20260119202035|dir=DOWN
MOVE|ts=20260119202035|dir=DOWN
MOVE|ts=20260119202035|dir=DOWN
MOVE|ts=20260119202035|dir=DOWN
MOVE|ts=20260119202035|dir=DOWN
MOVE|ts=20260119202035|dir=DOWN
MOVE|ts=20260119202036|dir=RIGHT
MOVE|ts=20260119202036|dir=RIGHT
MOVE|ts=20260119202036|dir=RIGHT
MOVE|ts=20260119202036|dir=RIGHT
MOVE|ts=20260119202036|dir=RIGHT
MOVE|ts=20260119202036|dir=RIGHT
MOVE|ts=20260119202036|dir=RIGHT
MOVE|ts=20260119202036|dir=RIGHT
MOVE|ts=20260119202036|dir=RIGHT
MOVE|ts=20260119202036|dir=RIGHT
MOVE|ts=20260119202036|dir=RIGHT
MOVE|ts=20260119202036|dir=RIGHT
MOVE|ts=20260119202036|dir=RIGHT
MOVE|ts=20260119202036|dir=RIGHT
MOVE|ts=20260119202036|dir=RIGHT
MOVE|ts=20260119202037|dir=RIGHT
MOVE|ts=20260119202037|dir=RIGHT
MOVE|ts=20260119202037|dir=RIGHT
MOVE|ts=20260119202037|dir=RIGHT
MOVE|ts=20260119202037|dir=RIGHT
MOVE|ts=20260119202037|dir=RIGHT
MOVE|ts=20260119202037|dir=RIGHT
MOVE|ts=20260119202037|dir=RIGHT
MOVE|ts=20260119202037|dir=DOWN
MOVE|ts=20260119202038|dir=RIGHT
MOVE|ts=20260119202040|dir=DOWN
MOVE|ts=20260119202040|dir=RIGHT
MOVE|ts=20260119202041|dir=RIGHT
MOVE|ts=20260119202041|dir=RIGHT
MOVE|ts=20260119202041|dir=RIGHT
MOVE|ts=20260119202041|dir=RIGHT
MOVE|ts=20260119202041|dir=RIGHT
MOVE|ts=20260119202041|dir=RIGHT
MOVE|ts=20260119202041|dir=RIGHT
MOVE|ts=20260119202041|dir=RIGHT
MOVE|ts=20260119202041|dir=RIGHT
MOVE|ts=20260119202041|dir=RIGHT
MOVE|ts=20260119202041|dir=RIGHT
MOVE|ts=20260119202041|dir=RIGHT
MOVE|ts=20260119202041|dir=RIGHT
MOVE|ts=20260119202041|dir=RIGHT
MOVE|ts=20260119202041|dir=RIGHT
MOVE|ts=20260119202041|dir=RIGHT
MOVE|ts=20260119202041|dir=RIGHT
MOVE|ts=20260119202041|dir=RIGHT
MOVE|ts=20260119202041|dir=RIGHT
MOVE|ts=20260119202042|dir=RIGHT
MOVE|ts=20260119202042|dir=RIGHT
MOVE|ts=20260119202042|dir=RIGHT
MOVE|ts=20260119202042|dir=RIGHT
MOVE|ts=20260119202042|dir=RIGHT
MOVE|ts=20260119202042|dir=RIGHT
MOVE|ts=20260119202042|dir=RIGHT
MOVE|ts=20260119202042|dir=RIGHT
MOVE|ts=20260119202042|dir=RIGHT
MOVE|ts=20260119202043|dir=UP
MOVE|ts=20260119202043|dir=UP
MOVE|ts=20260119202043|dir=UP
MOVE|ts=20260119202043|dir=UP
MOVE|ts=20260119202043|dir=UP
MOVE|ts=20260119202043|dir=UP
MOVE|ts=20260119202043|dir=UP
MOVE|ts=20260119202043|dir=UP
MOVE|ts=20260119202043|dir=UP
MOVE|ts=20260119202043|dir=UP
MOVE|ts=20260119202043|dir=UP
MOVE|ts=20260119202043|dir=UP
MOVE|ts=20260119202044|dir=UP
MOVE|ts=20260119202044|dir=RIGHT
MOVE|ts=20260119202044|dir=RIGHT
MOVE|ts=20260119202045|dir=RIGHT
MOVE|ts=20260119202046|dir=RIGHT
MOVE|ts=20260119202046|dir=RIGHT
MOVE|ts=20260119202047|dir=UP
MOVE|ts=20260119202047|dir=UP
MOVE|ts=20260119202048|dir=UP
MOVE|ts=20260119202048|dir=RIGHT
MOVE|ts=20260119202049|dir=RIGHT
MOVE|ts=20260119202049|dir=RIGHT
MOVE|ts=20260119202049|dir=RIGHT
MOVE|ts=20260119202049|dir=RIGHT
MOVE|ts=20260119202049|dir=RIGHT
MOVE|ts=20260119202049|dir=RIGHT
MOVE|ts=20260119202049|dir=RIGHT
MOVE|ts=20260119202049|dir=RIGHT
MOVE|ts=20260119202049|dir=RIGHT
MOVE|ts=20260119202049|dir=RIGHT
MOVE|ts=20260119202049|dir=RIGHT
MOVE|ts=20260119202049|dir=RIGHT
MOVE|ts=20260119202049|dir=RIGHT
MOVE|ts=20260119202049|dir=RIGHT
MOVE|ts=20260119202049|dir=RIGHT
MOVE|ts=20260119202049|dir=RIGHT
MOVE|ts=20260119202050|dir=DOWN
MOVE|ts=20260119202050|dir=DOWN
MOVE|ts=20260119202050|dir=DOWN
MOVE|ts=20260119202051|dir=DOWN
MOVE|ts=20260119202051|dir=RIGHT
MOVE|ts=20260119202052|dir=RIGHT
MOVE|ts=20260119202052|dir=RIGHT
MOVE|ts=20260119202053|dir=RIGHT
MOVE|ts=20260119202053|dir=DOWN
MOVE|ts=20260119202053|dir=RIGHT
MOVE|ts=20260119202054|dir=RIGHT
MOVE|ts=20260119202055|dir=UP
MOVE|ts=20260119202055|dir=UP
MOVE|ts=20260119202056|dir=UP
MOVE|ts=20260119202057|dir=RIGHT
MOVE|ts=20260119202057|dir=RIGHT
MOVE|ts=20260119202058|dir=UP
MOVE|ts=20260119202100|dir=UP
MOVE|ts=20260119202101|dir=UP
MOVE|ts=20260119202101|dir=UP
MOVE|ts=20260119202101|dir=UP
MOVE|ts=20260119202102|dir=UP
MOVE|ts=20260119202103|dir=UP
MOVE|ts=20260119202103|dir=LEFT
MOVE|ts=20260119202103|dir=UP
MOVE|ts=20260119202105|dir=UP
MOVE|ts=20260119202105|dir=RIGHT
MOVE|ts=20260119202106|dir=UP
MOVE|ts=20260119202107|dir=LEFT
MOVE|ts=20260119202107|dir=LEFT
MOVE|ts=20260119202107|dir=LEFT
MOVE|ts=20260119202107|dir=LEFT
MOVE|ts=20260119202107|dir=DOWN
MOVE|ts=20260119202116|dir=DOWN
MOVE|ts=20260119202117|dir=DOWN
MOVE|ts=20260119202117|dir=DOWN
MOVE|ts=20260119202118|dir=RIGHT
MOVE|ts=20260119202118|dir=RIGHT
MOVE|ts=20260119202118|dir=DOWN
MOVE|ts=20260119202119|dir=DOWN
MOVE|ts=20260119202119|dir=DOWN
MOVE|ts=20260119202119|dir=DOWN
MOVE|ts=20260119202120|dir=DOWN
MOVE|ts=20260119202120|dir=DOWN
MOVE|ts=20260119202120|dir=DOWN
MOVE|ts=20260119202120|dir=DOWN
MOVE|ts=20260119202120|dir=DOWN
MOVE|ts=20260119202120|dir=DOWN
MOVE|ts=20260119202120|dir=DOWN
MOVE|ts=20260119202120|dir=DOWN
MOVE|ts=20260119202120|dir=DOWN
MOVE|ts=20260119202120|dir=DOWN
MOVE|ts=20260119202121|dir=DOWN
MOVE|ts=20260119202122|dir=DOWN
MOVE|ts=20260119202123|dir=DOWN
MOVE|ts=20260119202123|dir=LEFT
MOVE|ts=20260119202124|dir=LEFT
MOVE|ts=20260119202124|dir=DOWN
MOVE|ts=20260119202125|dir=RIGHT
MOVE|ts=20260119202125|dir=RIGHT
MOVE|ts=20260119202125|dir=RIGHT
MOVE|ts=20260119202126|dir=UP
MOVE|ts=20260119202127|dir=UP
MOVE|ts=20260119202127|dir=UP
MOVE|ts=20260119202127|dir=UP
MOVE|ts=20260119202127|dir=UP
MOVE|ts=20260119202127|dir=UP
MOVE|ts=20260119202127|dir=UP
MOVE|ts=20260119202127|dir=UP
MOVE|ts=20260119202127|dir=UP
MOVE|ts=20260119202127|dir=UP
MOVE|ts=20260119202129|dir=UP
MOVE|ts=20260119202130|dir=LEFT
MOVE|ts=20260119202130|dir=UP
MOVE|ts=20260119202130|dir=LEFT
MOVE|ts=20260119202131|dir=RIGHT
MOVE|ts=20260119202131|dir=UP
MOVE|ts=20260119202131|dir=UP
MOVE|ts=20260119202132|dir=UP
MOVE|ts=20260119202132|dir=UP
MOVE|ts=20260119202132|dir=UP
MOVE|ts=20260119202132|dir=UP
MOVE|ts=20260119202132|dir=UP
MOVE|ts=20260119202132|dir=UP
MOVE|ts=20260119202132|dir=UP
MOVE|ts=20260119202132|dir=UP
MOVE|ts=20260119202132|dir=UP
MOVE|ts=20260119202132|dir=UP
MOVE|ts=20260119202132|dir=UP
MOVE|ts=20260119202132|dir=UP
MOVE|ts=20260119202132|dir=UP
MOVE|ts=20260119202132|dir=UP
MOVE|ts=20260119202132|dir=UP
MOVE|ts=20260119202132|dir=UP
MOVE|ts=20260119202133|dir=LEFT
MOVE|ts=20260119202133|dir=LEFT
MOVE|ts=20260119202133|dir=LEFT
MOVE|ts=20260119202134|dir=LEFT
MOVE|ts=20260119202134|dir=LEFT
MOVE|ts=20260119202134|dir=LEFT
MOVE|ts=20260119202134|dir=LEFT
MOVE|ts=20260119202134|dir=LEFT
MOVE|ts=20260119202134|dir=LEFT
MOVE|ts=20260119202135|dir=UP
MOVE|ts=20260119202135|dir=UP
MOVE|ts=20260119202135|dir=UP
MOVE|ts=20260119202135|dir=UP
MOVE|ts=20260119202135|dir=UP
MOVE|ts=20260119202135|dir=UP
MOVE|ts=20260119202135|dir=UP
MOVE|ts=20260119202135|dir=UP
MOVE|ts=20260119202135|dir=UP
MOVE|ts=20260119202136|dir=UP
MOVE|ts=20260119202136|dir=UP
MOVE|ts=20260119202136|dir=UP
MOVE|ts=20260119202136|dir=UP
MOVE|ts=20260119202136|dir=LEFT
MOVE|ts=20260119202138|dir=UP
MOVE|ts=20260119202139|dir=LEFT
MOVE|ts=20260119202140|dir=LEFT
MOVE|ts=20260119202140|dir=UP
MOVE|ts=20260119202140|dir=LEFT
MOVE|ts=20260119202141|dir=LEFT
MOVE|ts=20260119202142|dir=DOWN
MOVE|ts=20260119202142|dir=LEFT
MOVE|ts=20260119202143|dir=DOWN
MOVE|ts=20260119202143|dir=LEFT
MOVE|ts=20260119202144|dir=LEFT
MOVE|ts=20260119202144|dir=LEFT
MOVE|ts=20260119202144|dir=LEFT
MOVE|ts=20260119202144|dir=LEFT
MOVE|ts=20260119202144|dir=LEFT
MOVE|ts=20260119202144|dir=LEFT
MOVE|ts=20260119202144|dir=LEFT
MOVE|ts=20260119202144|dir=DOWN
MOVE|ts=20260119202144|dir=LEFT
MOVE|ts=20260119202145|dir=LEFT
MOVE|ts=20260119202146|dir=LEFT
MOVE|ts=20260119202146|dir=UP
MOVE|ts=20260119202146|dir=LEFT
MOVE|ts=20260119202147|dir=LEFT
MOVE|ts=20260119202147|dir=LEFT
MOVE|ts=20260119202147|dir=LEFT
MOVE|ts=20260119202147|dir=LEFT
MOVE|ts=20260119202148|dir=DOWN
MOVE|ts=20260119202150|dir=UP
MOVE|ts=20260119202150|dir=UP
MOVE|ts=20260119202151|dir=LEFT
MOVE|ts=20260119202152|dir=DOWN
MOVE|ts=20260119202153|dir=DOWN
MOVE|ts=20260119202154|dir=DOWN
MOVE|ts=20260119202155|dir=DOWN
MOVE|ts=20260119202156|dir=DOWN
MOVE|ts=20260119202156|dir=DOWN
MOVE|ts=20260119202157|dir=DOWN
MOVE|ts=20260119202159|dir=UP
MOVE|ts=20260119202201|dir=LEFT
MOVE|ts=20260119202201|dir=UP
MOVE|ts=20260119202203|dir=RIGHT
MOVE|ts=20260119202206|dir=RIGHT
MOVE|ts=20260119202208|dir=RIGHT
MOVE|ts=20260119202209|dir=RIGHT
MOVE|ts=20260119202209|dir=RIGHT
MOVE|ts=20260119202210|dir=RIGHT
MOVE|ts=20260119202210|dir=DOWN
MOVE|ts=20260119202210|dir=LEFT
MOVE|ts=20260119202211|dir=DOWN
MOVE|ts=20260119202211|dir=LEFT
MOVE|ts=20260119202212|dir=LEFT
MOVE|ts=20260119202212|dir=UP
MOVE|ts=20260119202213|dir=UP
MOVE|ts=20260119202213|dir=UP
MOVE|ts=20260119202213|dir=UP
MOVE|ts=20260119202213|dir=DOWN
MOVE|ts=20260119202214|dir=UP
MOVE|ts=20260119202215|dir=UP
MOVE|ts=20260119202215|dir=UP
MOVE|ts=20260119202216|dir=LEFT
MOVE|ts=20260119202216|dir=LEFT
MOVE|ts=20260119202217|dir=LEFT
MOVE|ts=20260119202217|dir=LEFT
MOVE|ts=20260119202217|dir=LEFT
MOVE|ts=20260119202218|dir=LEFT
MOVE|ts=20260119202219|dir=UP
MOVE|ts=20260119202219|dir=UP
MOVE|ts=20260119202220|dir=UP
MOVE|ts=20260119202220|dir=UP
MOVE|ts=20260119202220|dir=UP
MOVE|ts=20260119202220|dir=UP
MOVE|ts=20260119202220|dir=UP
MOVE|ts=20260119202220|dir=UP
MOVE|ts=20260119202220|dir=UP
MOVE|ts=20260119202220|dir=UP
MOVE|ts=20260119202220|dir=UP
MOVE|ts=20260119202220|dir=UP
MOVE|ts=20260119202220|dir=UP
MOVE|ts=20260119202220|dir=UP
MOVE|ts=20260119202221|dir=RIGHT
MOVE|ts=20260119202230|dir=UP
MOVE|ts=20260119202230|dir=UP
MOVE|ts=20260119202230|dir=UP
MOVE|ts=20260119202230|dir=UP
MOVE|ts=20260119202230|dir=UP
MOVE|ts=20260119202230|dir=UP
MOVE|ts=20260119202230|dir=UP
MOVE|ts=20260119202230|dir=LEFT
MOVE|ts=20260119202231|dir=LEFT
MOVE|ts=20260119202231|dir=LEFT
MOVE|ts=20260119202231|dir=LEFT
MOVE|ts=20260119202231|dir=LEFT
MOVE|ts=20260119202231|dir=LEFT
MOVE|ts=20260119202231|dir=LEFT
MOVE|ts=20260119202231|dir=LEFT
MOVE|ts=20260119202231|dir=LEFT
MOVE|ts=20260119202231|dir=LEFT
MOVE|ts=20260119202231|dir=LEFT
MOVE|ts=20260119202231|dir=LEFT
MOVE|ts=20260119202231|dir=LEFT
MOVE|ts=20260119202231|dir=LEFT
MOVE|ts=20260119202231|dir=LEFT
MOVE|ts=20260119202231|dir=LEFT
MOVE|ts=20260119202231|dir=LEFT
MOVE|ts=20260119202231|dir=LEFT
MOVE|ts=20260119202231|dir=LEFT
MOVE|ts=20260119202231|dir=LEFT
MOVE|ts=20260119202232|dir=LEFT
MOVE|ts=20260119202232|dir=LEFT
MOVE|ts=20260119202232|dir=UP
MOVE|ts=20260119202233|dir=UP
MOVE|ts=20260119202233|dir=UP
MOVE|ts=20260119202233|dir=UP
MOVE|ts=20260119202233|dir=UP
MOVE|ts=20260119202233|dir=LEFT
MOVE|ts=20260119202234|dir=UP
MOVE|ts=20260119202234|dir=UP
MOVE|ts=20260119202235|dir=DOWN
MOVE|ts=20260119202235|dir=DOWN
MOVE|ts=20260119202236|dir=DOWN
MOVE|ts=20260119202236|dir=RIGHT
MOVE|ts=20260119202236|dir=DOWN
MOVE|ts=20260119202237|dir=RIGHT
MOVE|ts=20260119202239|dir=DOWN
MOVE|ts=20260119202239|dir=DOWN
MOVE|ts=20260119202240|dir=DOWN
MOVE|ts=20260119202241|dir=DOWN
MOVE|ts=20260119202242|dir=DOWN
MOVE|ts=20260119202242|dir=DOWN
MOVE|ts=20260119202243|dir=DOWN
MOVE|ts=20260119202244|dir=DOWN
MOVE|ts=20260119202244|dir=DOWN
MOVE|ts=20260119202245|dir=DOWN
MOVE|ts=20260119202246|dir=DOWN
MOVE|ts=20260119202247|dir=DOWN
MOVE|ts=20260119202248|dir=RIGHT
MOVE|ts=20260119202248|dir=DOWN
MOVE|ts=20260119202248|dir=RIGHT
MOVE|ts=20260119202249|dir=DOWN
MOVE|ts=20260119202250|dir=DOWN
MOVE|ts=20260119202250|dir=RIGHT
MOVE|ts=20260119202250|dir=RIGHT
MOVE|ts=20260119202251|dir=RIGHT
MOVE|ts=20260119202251|dir=RIGHT
MOVE|ts=20260119202252|dir=RIGHT
MOVE|ts=20260119202252|dir=RIGHT
MOVE|ts=20260119202253|dir=DOWN
MOVE|ts=20260119202253|dir=RIGHT
MOVE|ts=20260119202253|dir=RIGHT
MOVE|ts=20260119202253|dir=UP
MOVE|ts=20260119202254|dir=RIGHT
MOVE|ts=20260119202254|dir=RIGHT
MOVE|ts=20260119202254|dir=RIGHT
MOVE|ts=20260119202254|dir=RIGHT
MOVE|ts=20260119202255|dir=RIGHT
MOVE|ts=20260119202255|dir=RIGHT
MOVE|ts=20260119202255|dir=RIGHT
MOVE|ts=20260119202255|dir=RIGHT
MOVE|ts=20260119202255|dir=RIGHT
MOVE|ts=20260119202255|dir=RIGHT
MOVE|ts=20260119202255|dir=RIGHT
MOVE|ts=20260119202255|dir=RIGHT
MOVE|ts=20260119202255|dir=RIGHT
MOVE|ts=20260119202255|dir=RIGHT
MOVE|ts=20260119202255|dir=UP
MOVE|ts=20260119202255|dir=UP
MOVE|ts=20260119202255|dir=UP
MOVE|ts=20260119202256|dir=UP
MOVE|ts=20260119202256|dir=UP
MOVE|ts=20260119202256|dir=UP
MOVE|ts=20260119202256|dir=UP
MOVE|ts=20260119202256|dir=UP
MOVE|ts=20260119202256|dir=UP
MOVE|ts=20260119202256|dir=UP
MOVE|ts=20260119202256|dir=UP
MOVE|ts=20260119202257|dir=UP
MOVE|ts=20260119202259|dir=UP
MOVE|ts=20260119202259|dir=UP
MOVE|ts=20260119202259|dir=UP
MOVE|ts=20260119202259|dir=UP
MOVE|ts=20260119202259|dir=UP
MOVE|ts=20260119202259|dir=UP
MOVE|ts=20260119202259|dir=UP
MOVE|ts=20260119202301|dir=LEFT
MOVE|ts=20260119202301|dir=LEFT
MOVE|ts=20260119202301|dir=LEFT
MOVE|ts=20260119202301|dir=LEFT
MOVE|ts=20260119202301|dir=LEFT
MOVE|ts=20260119202301|dir=LEFT
MOVE|ts=20260119202301|dir=LEFT
MOVE|ts=20260119202301|dir=LEFT
MOVE|ts=20260119202301|dir=LEFT
MOVE|ts=20260119202301|dir=LEFT
MOVE|ts=20260119202301|dir=LEFT
MOVE|ts=20260119202301|dir=LEFT
MOVE|ts=20260119202301|dir=LEFT
MOVE|ts=20260119202301|dir=LEFT
MOVE|ts=20260119202302|dir=LEFT
MOVE|ts=20260119202302|dir=LEFT
MOVE|ts=20260119202302|dir=LEFT
MOVE|ts=20260119202302|dir=LEFT
MOVE|ts=20260119202302|dir=LEFT
MOVE|ts=20260119202302|dir=LEFT
MOVE|ts=20260119202302|dir=LEFT
MOVE|ts=20260119202302|dir=LEFT
MOVE|ts=20260119202302|dir=LEFT
MOVE|ts=20260119202302|dir=LEFT
MOVE|ts=20260119202302|dir=LEFT
MOVE|ts=20260119202302|dir=UP
MOVE|ts=20260119202302|dir=LEFT
MOVE|ts=20260119202302|dir=UP
MOVE|ts=20260119202303|dir=LEFT
MOVE|ts=20260119202304|dir=UP
MOVE|ts=20260119202305|dir=LEFT
MOVE|ts=20260119202305|dir=LEFT
MOVE|ts=20260119202305|dir=LEFT
MOVE|ts=20260119202305|dir=LEFT
MOVE|ts=20260119202305|dir=LEFT
MOVE|ts=20260119202305|dir=LEFT
MOVE|ts=20260119202305|dir=LEFT
MOVE|ts=20260119202305|dir=LEFT
MOVE|ts=20260119202305|dir=LEFT
MOVE|ts=20260119202305|dir=LEFT
MOVE|ts=20260119202305|dir=LEFT
MOVE|ts=20260119202305|dir=LEFT
MOVE|ts=20260119202305|dir=LEFT
MOVE|ts=20260119202306|dir=LEFT
MOVE|ts=20260119202306|dir=LEFT
MOVE|ts=20260119202306|dir=LEFT
MOVE|ts=20260119202306|dir=LEFT
MOVE|ts=20260119202306|dir=LEFT
MOVE|ts=20260119202306|dir=LEFT
MOVE|ts=20260119202306|dir=LEFT
MOVE|ts=20260119202306|dir=DOWN
MOVE|ts=20260119202307|dir=LEFT
MOVE|ts=20260119202307|dir=RIGHT
MOVE|ts=20260119202310|dir=DOWN
MOVE|ts=20260119202310|dir=LEFT
MOVE|ts=20260119202310|dir=DOWN
MOVE|ts=20260119202311|dir=DOWN
MOVE|ts=20260119202311|dir=DOWN
MOVE|ts=20260119202311|dir=DOWN
MOVE|ts=20260119202311|dir=DOWN
MOVE|ts=20260119202311|dir=DOWN
MOVE|ts=20260119202311|dir=DOWN
MOVE|ts=20260119202311|dir=DOWN
MOVE|ts=20260119202311|dir=DOWN
MOVE|ts=20260119202311|dir=DOWN
MOVE|ts=20260119202311|dir=DOWN
MOVE|ts=20260119202311|dir=DOWN
MOVE|ts=20260119202311|dir=DOWN
MOVE|ts=20260119202311|dir=DOWN
MOVE|ts=20260119202311|dir=DOWN
MOVE|ts=20260119202311|dir=DOWN
MOVE|ts=20260119202311|dir=DOWN
MOVE|ts=20260119202311|dir=DOWN
MOVE|ts=20260119202311|dir=DOWN
MOVE|ts=20260119202312|dir=DOWN
MOVE|ts=20260119202312|dir=RIGHT
MOVE|ts=20260119202314|dir=LEFT
MOVE|ts=20260119202314|dir=LEFT
MOVE|ts=20260119202316|dir=UP
MOVE|ts=20260119202316|dir=UP
MOVE|ts=20260119202316|dir=UP
MOVE|ts=20260119202316|dir=UP
MOVE|ts=20260119202316|dir=UP
MOVE|ts=20260119202316|dir=UP
MOVE|ts=20260119202316|dir=UP
MOVE|ts=20260119202316|dir=UP
MOVE|ts=20260119202316|dir=UP
MOVE|ts=20260119202317|dir=DOWN
MOVE|ts=20260119202317|dir=DOWN
MOVE|ts=20260119202317|dir=DOWN
MOVE|ts=20260119202317|dir=DOWN
MOVE|ts=20260119202317|dir=DOWN
MOVE|ts=20260119202317|dir=DOWN
MOVE|ts=20260119202317|dir=DOWN
MOVE|ts=20260119202317|dir=DOWN
MOVE|ts=20260119202319|dir=LEFT
MOVE|ts=20260119202320|dir=UP
MOVE|ts=20260119202320|dir=UP
MOVE|ts=20260119202320|dir=UP
MOVE|ts=20260119202320|dir=UP
MOVE|ts=20260119202320|dir=UP
MOVE|ts=20260119202320|dir=UP
MOVE|ts=20260119202320|dir=UP
MOVE|ts=20260119202320|dir=UP
MOVE|ts=20260119202320|dir=UP
MOVE|ts=20260119202320|dir=UP
MOVE|ts=20260119202320|dir=UP
MOVE|ts=20260119202320|dir=UP
MOVE|ts=20260119202320|dir=UP
MOVE|ts=20260119202320|dir=LEFT
MOVE|ts=20260119202321|dir=LEFT
MOVE|ts=20260119202321|dir=LEFT
MOVE|ts=20260119202321|dir=LEFT
MOVE|ts=20260119202321|dir=LEFT
MOVE|ts=20260119202321|dir=LEFT
MOVE|ts=20260119202321|dir=LEFT
MOVE|ts=20260119202321|dir=LEFT
MOVE|ts=20260119202321|dir=LEFT
MOVE|ts=20260119202321|dir=LEFT
MOVE|ts=20260119202321|dir=LEFT
MOVE|ts=20260119202321|dir=LEFT
MOVE|ts=20260119202321|dir=LEFT
MOVE|ts=20260119202321|dir=LEFT
MOVE|ts=20260119202321|dir=LEFT
MOVE|ts=20260119202321|dir=LEFT
MOVE|ts=20260119202321|dir=LEFT
MOVE|ts=20260119202321|dir=LEFT
MOVE|ts=20260119202321|dir=UP
MOVE|ts=20260119202322|dir=UP
MOVE|ts=20260119202322|dir=UP
MOVE|ts=20260119202322|dir=UP
MOVE|ts=20260119202322|dir=UP
MOVE|ts=20260119202322|dir=UP
MOVE|ts=20260119202322|dir=UP
MOVE|ts=20260119202322|dir=UP
MOVE|ts=20260119202322|dir=UP
MOVE|ts=20260119202322|dir=UP
MOVE|ts=20260119202322|dir=UP
MOVE|ts=20260119202322|dir=UP
MOVE|ts=20260119202322|dir=UP
MOVE|ts=20260119202322|dir=UP
MOVE|ts=20260119202322|dir=UP
MOVE|ts=20260119202322|dir=UP
MOVE|ts=20260119202322|dir=UP
MOVE|ts=20260119202322|dir=UP
MOVE|ts=20260119202323|dir=UP
MOVE|ts=20260119202323|dir=UP
MOVE|ts=20260119202323|dir=UP
MOVE|ts=20260119202323|dir=UP
MOVE|ts=20260119202323|dir=UP
MOVE|ts=20260119202323|dir=UP
MOVE|ts=20260119202323|dir=UP
MOVE|ts=20260119202323|dir=UP
MOVE|ts=20260119202323|dir=UP
MOVE|ts=20260119202323|dir=UP
MOVE|ts=20260119202323|dir=UP
MOVE|ts=20260119202323|dir=UP
MOVE|ts=20260119202323|dir=UP
MOVE|ts=20260119202323|dir=UP
MOVE|ts=20260119202323|dir=UP
MOVE|ts=20260119202323|dir=UP
MOVE|ts=20260119202323|dir=UP
MOVE|ts=20260119202323|dir=UP
MOVE|ts=20260119202323|dir=UP
MOVE|ts=20260119202323|dir=UP
MOVE|ts=20260119202323|dir=UP
MOVE|ts=20260119202323|dir=UP
MOVE|ts=20260119202323|dir=UP
MOVE|ts=20260119202323|dir=UP
MOVE|ts=20260119202323|dir=UP
MOVE|ts=20260119202323|dir=UP
MOVE|ts=20260119202323|dir=UP
MOVE|ts=20260119202323|dir=UP
MOVE|ts=20260119202323|dir=UP
MOVE|ts=20260119202323|dir=LEFT
MOVE|ts=20260119202324|dir=LEFT
MOVE|ts=20260119202324|dir=LEFT
MOVE|ts=20260119202324|dir=LEFT
MOVE|ts=20260119202324|dir=LEFT
MOVE|ts=20260119202324|dir=LEFT
MOVE|ts=20260119202324|dir=LEFT
MOVE|ts=20260119202324|dir=LEFT
MOVE|ts=20260119202324|dir=LEFT
MOVE|ts=20260119202324|dir=LEFT
MOVE|ts=20260119202324|dir=LEFT
MOVE|ts=20260119202324|dir=LEFT
MOVE|ts=20260119202324|dir=LEFT
MOVE|ts=20260119202324|dir=LEFT
MOVE|ts=20260119202324|dir=LEFT
MOVE|ts=20260119202324|dir=LEFT
MOVE|ts=20260119202324|dir=LEFT
MOVE|ts=20260119202324|dir=LEFT
MOVE|ts=20260119202325|dir=LEFT
MOVE|ts=20260119202325|dir=LEFT
MOVE|ts=20260119202325|dir=LEFT
MOVE|ts=20260119202325|dir=LEFT
MOVE|ts=20260119202325|dir=LEFT
MOVE|ts=20260119202325|dir=LEFT
MOVE|ts=20260119202325|dir=LEFT
MOVE|ts=20260119202325|dir=LEFT
MOVE|ts=20260119202325|dir=LEFT
MOVE|ts=20260119202325|dir=LEFT
MOVE|ts=20260119202325|dir=LEFT
MOVE|ts=20260119202325|dir=LEFT
MOVE|ts=20260119202325|dir=LEFT
MOVE|ts=20260119202325|dir=LEFT
MOVE|ts=20260119202325|dir=LEFT
MOVE|ts=20260119202325|dir=LEFT
MOVE|ts=20260119202325|dir=LEFT
MOVE|ts=20260119202325|dir=LEFT
MOVE|ts=20260119202325|dir=LEFT
MOVE|ts=20260119202325|dir=LEFT
MOVE|ts=20260119202325|dir=LEFT
MOVE|ts=20260119202325|dir=LEFT
MOVE|ts=20260119202325|dir=LEFT
MOVE|ts=20260119202325|dir=LEFT
MOVE|ts=20260119202325|dir=LEFT
MOVE|ts=20260119202325|dir=LEFT
MOVE|ts=20260119202325|dir=LEFT
MOVE|ts=20260119202325|dir=LEFT
MOVE|ts=20260119202325|dir=LEFT
MOVE|ts=20260119202325|dir=LEFT
MOVE|ts=20260119202326|dir=LEFT
MOVE|ts=20260119202326|dir=LEFT
MOVE|ts=20260119202326|dir=LEFT
MOVE|ts=20260119202326|dir=LEFT
MOVE|ts=20260119202326|dir=LEFT
MOVE|ts=20260119202326|dir=LEFT
MOVE|ts=20260119202326|dir=LEFT
MOVE|ts=20260119202326|dir=LEFT
MOVE|ts=20260119202326|dir=LEFT
MOVE|ts=20260119202326|dir=LEFT
MOVE|ts=20260119202326|dir=LEFT
MOVE|ts=20260119202326|dir=LEFT
MOVE|ts=20260119202326|dir=LEFT
MOVE|ts=20260119202326|dir=LEFT
MOVE|ts=20260119202326|dir=LEFT
MOVE|ts=20260119202326|dir=LEFT
MOVE|ts=20260119202326|dir=LEFT
MOVE|ts=20260119202326|dir=LEFT
MOVE|ts=20260119202326|dir=LEFT
MOVE|ts=20260119202326|dir=LEFT
MOVE|ts=20260119202326|dir=UP
MOVE|ts=20260119202327|dir=UP
MOVE|ts=20260119202327|dir=UP
MOVE|ts=20260119202327|dir=UP
MOVE|ts=20260119202327|dir=UP
MOVE|ts=20260119202327|dir=UP
MOVE|ts=20260119202327|dir=UP
MOVE|ts=20260119202327|dir=UP
MOVE|ts=20260119202327|dir=UP
MOVE|ts=20260119202327|dir=UP
MOVE|ts=20260119202327|dir=UP
MOVE|ts=20260119202327|dir=UP
MOVE|ts=20260119202327|dir=UP
MOVE|ts=20260119202327|dir=UP
MOVE|ts=20260119202327|dir=UP
MOVE|ts=20260119202327|dir=UP
MOVE|ts=20260119202327|dir=LEFT
MOVE|ts=20260119202328|dir=UP
MOVE|ts=20260119202328|dir=UP
MOVE|ts=20260119202328|dir=UP
MOVE|ts=20260119202328|dir=UP
MOVE|ts=20260119202328|dir=UP
MOVE|ts=20260119202328|dir=UP
MOVE|ts=20260119202328|dir=UP
MOVE|ts=20260119202328|dir=UP
MOVE|ts=20260119202328|dir=UP
MOVE|ts=20260119202328|dir=UP
MOVE|ts=20260119202329|dir=UP
MOVE|ts=20260119202329|dir=UP
MOVE|ts=20260119202329|dir=UP
MOVE|ts=20260119202329|dir=UP
MOVE|ts=20260119202329|dir=UP
MOVE|ts=20260119202329|dir=UP
MOVE|ts=20260119202330|dir=UP
MOVE|ts=20260119202330|dir=UP
MOVE|ts=20260119202330|dir=UP
MOVE|ts=20260119202330|dir=UP
MOVE|ts=20260119202330|dir=UP
MOVE|ts=20260119202330|dir=UP
MOVE|ts=20260119202330|dir=RIGHT
MOVE|ts=20260119202331|dir=DOWN
MOVE|ts=20260119202331|dir=RIGHT
MOVE|ts=20260119202332|dir=LEFT
MOVE|ts=20260119202332|dir=LEFT
MOVE|ts=20260119202332|dir=LEFT
MOVE|ts=20260119202332|dir=LEFT
MOVE|ts=20260119202332|dir=LEFT
MOVE|ts=20260119202332|dir=LEFT
MOVE|ts=20260119202332|dir=LEFT
MOVE|ts=20260119202333|dir=DOWN
MOVE|ts=20260119202333|dir=DOWN
MOVE|ts=20260119202333|dir=DOWN
MOVE|ts=20260119202333|dir=DOWN
MOVE|ts=20260119202333|dir=DOWN
MOVE|ts=20260119202333|dir=DOWN
MOVE|ts=20260119202333|dir=DOWN
MOVE|ts=20260119202333|dir=DOWN
MOVE|ts=20260119202334|dir=DOWN
MOVE|ts=20260119202334|dir=RIGHT
MOVE|ts=20260119202335|dir=RIGHT
MOVE|ts=20260119202335|dir=RIGHT
MOVE|ts=20260119202335|dir=RIGHT
MOVE|ts=20260119202335|dir=RIGHT
MOVE|ts=20260119202335|dir=RIGHT
MOVE|ts=20260119202335|dir=RIGHT
MOVE|ts=20260119202335|dir=RIGHT
MOVE|ts=20260119202335|dir=RIGHT
MOVE|ts=20260119202335|dir=RIGHT
MOVE|ts=20260119202335|dir=RIGHT
MOVE|ts=20260119202335|dir=DOWN
MOVE|ts=20260119202336|dir=RIGHT
MOVE|ts=20260119202336|dir=DOWN
MOVE|ts=20260119202337|dir=RIGHT
MOVE|ts=20260119202337|dir=DOWN
MOVE|ts=20260119202338|dir=DOWN
MOVE|ts=20260119202338|dir=LEFT
MOVE|ts=20260119202340|dir=RIGHT
MOVE|ts=20260119202341|dir=DOWN
MOVE|ts=20260119202341|dir=DOWN
MOVE|ts=20260119202341|dir=DOWN
MOVE|ts=20260119202341|dir=DOWN
MOVE|ts=20260119202341|dir=DOWN
MOVE|ts=20260119202341|dir=DOWN
MOVE|ts=20260119202341|dir=DOWN
MOVE|ts=20260119202341|dir=DOWN
MOVE|ts=20260119202341|dir=DOWN
MOVE|ts=20260119202342|dir=LEFT
MOVE|ts=20260119202343|dir=LEFT
MOVE|ts=20260119202343|dir=DOWN
MOVE|ts=20260119202344|dir=DOWN
MOVE|ts=20260119202344|dir=DOWN
MOVE|ts=20260119202344|dir=DOWN
MOVE|ts=20260119202344|dir=DOWN
MOVE|ts=20260119202344|dir=DOWN
MOVE|ts=20260119202344|dir=DOWN
MOVE|ts=20260119202344|dir=DOWN
MOVE|ts=20260119202344|dir=DOWN
MOVE|ts=20260119202344|dir=DOWN
MOVE|ts=20260119202344|dir=DOWN
MOVE|ts=20260119202344|dir=DOWN
MOVE|ts=20260119202344|dir=DOWN
MOVE|ts=20260119202344|dir=DOWN
MOVE|ts=20260119202344|dir=DOWN
MOVE|ts=20260119202344|dir=DOWN
MOVE|ts=20260119202344|dir=DOWN
MOVE|ts=20260119202344|dir=DOWN
MOVE|ts=20260119202344|dir=DOWN
MOVE|ts=20260119202345|dir=LEFT
MOVE|ts=20260119202345|dir=UP
MOVE|ts=20260119202346|dir=UP
MOVE|ts=20260119202347|dir=UP
MOVE|ts=20260119202347|dir=UP
MOVE|ts=20260119202347|dir=UP
MOVE|ts=20260119202347|dir=UP
MOVE|ts=20260119202347|dir=RIGHT
MOVE|ts=20260119202348|dir=RIGHT
MOVE|ts=20260119202348|dir=RIGHT
MOVE|ts=20260119202348|dir=RIGHT
MOVE|ts=20260119202348|dir=RIGHT
MOVE|ts=20260119202350|dir=DOWN
MOVE|ts=20260119202351|dir=RIGHT
MOVE|ts=20260119202353|dir=RIGHT
MOVE|ts=20260119202353|dir=DOWN
MOVE|ts=20260119202355|dir=RIGHT
MOVE|ts=20260119202356|dir=RIGHT
MOVE|ts=20260119202356|dir=DOWN
MOVE|ts=20260119202359|dir=UP
MOVE|ts=20260119202400|dir=LEFT
MOVE|ts=20260119202401|dir=UP
MOVE|ts=20260119202401|dir=LEFT
MOVE|ts=20260119202405|dir=LEFT
MOVE|ts=20260119202406|dir=LEFT
MOVE|ts=20260119202406|dir=LEFT
MOVE|ts=20260119202409|dir=LEFT
MOVE|ts=20260119202411|dir=LEFT
MOVE|ts=20260119202412|dir=LEFT
MOVE|ts=20260119202412|dir=LEFT
MOVE|ts=20260119202412|dir=LEFT
MOVE|ts=20260119202412|dir=LEFT
MOVE|ts=20260119202412|dir=LEFT
MOVE|ts=20260119202412|dir=LEFT
MOVE|ts=20260119202412|dir=LEFT
MOVE|ts=20260119202412|dir=LEFT
MOVE|ts=20260119202412|dir=LEFT
MOVE|ts=20260119202412|dir=LEFT
MOVE|ts=20260119202412|dir=LEFT
MOVE|ts=20260119202412|dir=LEFT
MOVE|ts=20260119202412|dir=LEFT
MOVE|ts=20260119202412|dir=LEFT
MOVE|ts=20260119202413|dir=UP
MOVE|ts=20260119202413|dir=UP
MOVE|ts=20260119202413|dir=UP
MOVE|ts=20260119202413|dir=UP
MOVE|ts=20260119202413|dir=UP
MOVE|ts=20260119202413|dir=UP
MOVE|ts=20260119202413|dir=UP
MOVE|ts=20260119202413|dir=UP
MOVE|ts=20260119202413|dir=UP
MOVE|ts=20260119202413|dir=UP
MOVE|ts=20260119202413|dir=UP
MOVE|ts=20260119202413|dir=UP
MOVE|ts=20260119202413|dir=UP
MOVE|ts=20260119202413|dir=UP
MOVE|ts=20260119202413|dir=UP
MOVE|ts=20260119202414|dir=UP
MOVE|ts=20260119202414|dir=UP
MOVE|ts=20260119202414|dir=UP
MOVE|ts=20260119202414|dir=UP
MOVE|ts=20260119202414|dir=UP
MOVE|ts=20260119202414|dir=UP
MOVE|ts=20260119202414|dir=UP
MOVE|ts=20260119202414|dir=UP
MOVE|ts=20260119202414|dir=UP
MOVE|ts=20260119202414|dir=UP
MOVE|ts=20260119202414|dir=UP
MOVE|ts=20260119202414|dir=UP
MOVE|ts=20260119202414|dir=UP
MOVE|ts=20260119202414|dir=UP
MOVE|ts=20260119202414|dir=UP
MOVE|ts=20260119202414|dir=UP
MOVE|ts=20260119202414|dir=UP
MOVE|ts=20260119202414|dir=UP
MOVE|ts=20260119202414|dir=UP
MOVE|ts=20260119202414|dir=UP
MOVE|ts=20260119202414|dir=UP
MOVE|ts=20260119202414|dir=UP
MOVE|ts=20260119202414|dir=UP
MOVE|ts=20260119202414|dir=UP
MOVE|ts=20260119202414|dir=UP
MOVE|ts=20260119202414|dir=UP
MOVE|ts=20260119202414|dir=UP
MOVE|ts=20260119202414|dir=UP
MOVE|ts=20260119202414|dir=UP
MOVE|ts=20260119202414|dir=UP
MOVE|ts=20260119202415|dir=UP
MOVE|ts=20260119202415|dir=UP
MOVE|ts=20260119202415|dir=UP
MOVE|ts=20260119202415|dir=UP
MOVE|ts=20260119202415|dir=UP
MOVE|ts=20260119202415|dir=UP
MOVE|ts=20260119202415|dir=UP
MOVE|ts=20260119202415|dir=UP
MOVE|ts=20260119202415|dir=UP
MOVE|ts=20260119202415|dir=UP
MOVE|ts=20260119202415|dir=UP
MOVE|ts=20260119202415|dir=UP
MOVE|ts=20260119202415|dir=UP
MOVE|ts=20260119202415|dir=UP
MOVE|ts=20260119202415|dir=UP
MOVE|ts=20260119202415|dir=LEFT
MOVE|ts=20260119202416|dir=LEFT
MOVE|ts=20260119202416|dir=LEFT
MOVE|ts=20260119202416|dir=LEFT
MOVE|ts=20260119202416|dir=LEFT
MOVE|ts=20260119202416|dir=LEFT
MOVE|ts=20260119202416|dir=LEFT
MOVE|ts=20260119202416|dir=LEFT
MOVE|ts=20260119202419|dir=DOWN
MOVE|ts=20260119202420|dir=RIGHT
MOVE|ts=20260119202420|dir=DOWN
MOVE|ts=20260119202421|dir=DOWN
MOVE|ts=20260119202421|dir=DOWN
MOVE|ts=20260119202423|dir=DOWN
MOVE|ts=20260119202424|dir=RIGHT
MOVE|ts=20260119202424|dir=DOWN
MOVE|ts=20260119202424|dir=DOWN
MOVE|ts=20260119202424|dir=DOWN
MOVE|ts=20260119202424|dir=DOWN
MOVE|ts=20260119202424|dir=DOWN
MOVE|ts=20260119202424|dir=DOWN
MOVE|ts=20260119202425|dir=DOWN
MOVE|ts=20260119202425|dir=DOWN
MOVE|ts=20260119202425|dir=DOWN
MOVE|ts=20260119202425|dir=DOWN
MOVE|ts=20260119202425|dir=DOWN
MOVE|ts=20260119202426|dir=DOWN
MOVE|ts=20260119202426|dir=DOWN
MOVE|ts=20260119202426|dir=DOWN
MOVE|ts=20260119202426|dir=DOWN
MOVE|ts=20260119202426|dir=DOWN
MOVE|ts=20260119202426|dir=DOWN
MOVE|ts=20260119202426|dir=DOWN
MOVE|ts=20260119202426|dir=DOWN
MOVE|ts=20260119202426|dir=DOWN
MOVE|ts=20260119202426|dir=DOWN
MOVE|ts=20260119202426|dir=DOWN
MOVE|ts=20260119202426|dir=DOWN
MOVE|ts=20260119202426|dir=DOWN
MOVE|ts=20260119202426|dir=DOWN
MOVE|ts=20260119202426|dir=DOWN
MOVE|ts=20260119202426|dir=DOWN
MOVE|ts=20260119202426|dir=DOWN
MOVE|ts=20260119202427|dir=DOWN
MOVE|ts=20260119202427|dir=DOWN
MOVE|ts=20260119202427|dir=DOWN
MOVE|ts=20260119202427|dir=DOWN
MOVE|ts=20260119202428|dir=DOWN
MOVE|ts=20260119202428|dir=DOWN
MOVE|ts=20260119202428|dir=DOWN
MOVE|ts=20260119202428|dir=DOWN
MOVE|ts=20260119202428|dir=DOWN
MOVE|ts=20260119202428|dir=DOWN
MOVE|ts=20260119202428|dir=DOWN
MOVE|ts=20260119202428|dir=DOWN
MOVE|ts=20260119202428|dir=DOWN
MOVE|ts=20260119202428|dir=DOWN
MOVE|ts=20260119202428|dir=DOWN
MOVE|ts=20260119202428|dir=DOWN
MOVE|ts=20260119202428|dir=DOWN
MOVE|ts=20260119202428|dir=DOWN
MOVE|ts=20260119202428|dir=DOWN
MOVE|ts=20260119202428|dir=DOWN
MOVE|ts=20260119202429|dir=DOWN
MOVE|ts=20260119202429|dir=DOWN
MOVE|ts=20260119202430|dir=RIGHT
MOVE|ts=20260119202430|dir=DOWN
MOVE|ts=20260119202430|dir=DOWN
MOVE|ts=20260119202430|dir=DOWN
MOVE|ts=20260119202430|dir=DOWN
MOVE|ts=20260119202430|dir=DOWN
MOVE|ts=20260119202430|dir=DOWN
MOVE|ts=20260119202431|dir=DOWN
MOVE|ts=20260119202431|dir=DOWN
MOVE|ts=20260119202431|dir=LEFT
MOVE|ts=20260119202431|dir=DOWN
MOVE|ts=20260119202432|dir=DOWN
MOVE|ts=20260119202433|dir=DOWN
MOVE|ts=20260119202433|dir=DOWN
MOVE|ts=20260119202433|dir=DOWN
MOVE|ts=20260119202433|dir=DOWN
MOVE|ts=20260119202433|dir=DOWN
MOVE|ts=20260119202433|dir=DOWN
MOVE|ts=20260119202433|dir=DOWN
MOVE|ts=20260119202433|dir=DOWN
MOVE|ts=20260119202433|dir=DOWN
MOVE|ts=20260119202433|dir=DOWN
MOVE|ts=20260119202433|dir=DOWN
MOVE|ts=20260119202433|dir=DOWN
MOVE|ts=20260119202434|dir=DOWN
MOVE|ts=20260119202434|dir=DOWN
MOVE|ts=20260119202434|dir=DOWN
MOVE|ts=20260119202434|dir=DOWN
MOVE|ts=20260119202435|dir=DOWN
MOVE|ts=20260119202435|dir=DOWN
MOVE|ts=20260119202435|dir=DOWN
MOVE|ts=20260119202435|dir=DOWN
MOVE|ts=20260119202435|dir=DOWN
MOVE|ts=20260119202436|dir=DOWN
MOVE|ts=20260119202436|dir=UP
MOVE|ts=20260119202437|dir=UP
MOVE|ts=20260119202437|dir=UP
MOVE|ts=20260119202437|dir=UP
MOVE|ts=20260119202437|dir=UP
MOVE|ts=20260119202437|dir=UP
MOVE|ts=20260119202437|dir=UP
MOVE|ts=20260119202438|dir=LEFT
MOVE|ts=20260119202439|dir=LEFT
MOVE|ts=20260119202439|dir=LEFT
MOVE|ts=20260119202439|dir=LEFT
MOVE|ts=20260119202439|dir=LEFT
MOVE|ts=20260119202439|dir=LEFT
MOVE|ts=20260119202439|dir=LEFT
MOVE|ts=20260119202439|dir=LEFT
MOVE|ts=20260119202439|dir=LEFT
MOVE|ts=20260119202439|dir=LEFT
MOVE|ts=20260119202439|dir=LEFT
MOVE|ts=20260119202439|dir=LEFT
MOVE|ts=20260119202439|dir=LEFT
MOVE|ts=20260119202439|dir=LEFT
MOVE|ts=20260119202440|dir=UP
MOVE|ts=20260119202441|dir=UP
MOVE|ts=20260119202441|dir=UP
MOVE|ts=20260119202441|dir=UP
MOVE|ts=20260119202441|dir=UP
MOVE|ts=20260119202441|dir=UP
MOVE|ts=20260119202441|dir=UP
MOVE|ts=20260119202441|dir=LEFT
MOVE|ts=20260119202442|dir=UP
MOVE|ts=20260119202442|dir=UP
MOVE|ts=20260119202442|dir=UP
MOVE|ts=20260119202442|dir=UP
MOVE|ts=20260119202442|dir=UP
MOVE|ts=20260119202442|dir=UP
MOVE|ts=20260119202443|dir=UP
MOVE|ts=20260119202443|dir=UP
MOVE|ts=20260119202443|dir=UP
MOVE|ts=20260119202443|dir=UP
MOVE|ts=20260119202443|dir=UP
MOVE|ts=20260119202443|dir=UP
MOVE|ts=20260119202443|dir=UP
MOVE|ts=20260119202443|dir=LEFT
MOVE|ts=20260119202443|dir=LEFT
MOVE|ts=20260119202443|dir=LEFT
MOVE|ts=20260119202443|dir=LEFT
MOVE|ts=20260119202443|dir=UP
MOVE|ts=20260119202444|dir=UP
MOVE|ts=20260119202444|dir=UP
MOVE|ts=20260119202444|dir=UP
MOVE|ts=20260119202444|dir=UP
MOVE|ts=20260119202445|dir=UP
MOVE|ts=20260119202446|dir=DOWN
MOVE|ts=20260119202447|dir=DOWN
MOVE|ts=20260119202447|dir=RIGHT
MOVE|ts=20260119202448|dir=LEFT
MOVE|ts=20260119202448|dir=UP
MOVE|ts=20260119202448|dir=LEFT
MOVE|ts=20260119202449|dir=LEFT
MOVE|ts=20260119202449|dir=LEFT
MOVE|ts=20260119202449|dir=LEFT
MOVE|ts=20260119202449|dir=LEFT
MOVE|ts=20260119202449|dir=LEFT
MOVE|ts=20260119202449|dir=LEFT
MOVE|ts=20260119202449|dir=LEFT
MOVE|ts=20260119202449|dir=LEFT
MOVE|ts=20260119202449|dir=LEFT
MOVE|ts=20260119202449|dir=LEFT
MOVE|ts=20260119202449|dir=LEFT
MOVE|ts=20260119202451|dir=DOWN
MOVE|ts=20260119202451|dir=LEFT
MOVE|ts=20260119202452|dir=LEFT
MOVE|ts=20260119202453|dir=LEFT
MOVE|ts=20260119202453|dir=LEFT
MOVE|ts=20260119202453|dir=LEFT
MOVE|ts=20260119202453|dir=UP
MOVE|ts=20260119202454|dir=LEFT
MOVE|ts=20260119202454|dir=LEFT
MOVE|ts=20260119202455|dir=UP
MOVE|ts=20260119202455|dir=UP
MOVE|ts=20260119202456|dir=UP
MOVE|ts=20260119202456|dir=UP
MOVE|ts=20260119202457|dir=UP
MOVE|ts=20260119202457|dir=LEFT
MOVE|ts=20260119202458|dir=LEFT
MOVE|ts=20260119202458|dir=DOWN
MOVE|ts=20260119202458|dir=LEFT
MOVE|ts=20260119202459|dir=LEFT
MOVE|ts=20260119202459|dir=DOWN
MOVE|ts=20260119202459|dir=LEFT
MOVE|ts=20260119202500|dir=LEFT
MOVE|ts=20260119202500|dir=UP
MOVE|ts=20260119202501|dir=UP
MOVE|ts=20260119202501|dir=UP
MOVE|ts=20260119202502|dir=LEFT
MOVE|ts=20260119202503|dir=DOWN
MOVE|ts=20260119202503|dir=DOWN
MOVE|ts=20260119202503|dir=DOWN
MOVE|ts=20260119202503|dir=DOWN
MOVE|ts=20260119202504|dir=DOWN
MOVE|ts=20260119202504|dir=DOWN
MOVE|ts=20260119202504|dir=DOWN
MOVE|ts=20260119202505|dir=DOWN
MOVE|ts=20260119202506|dir=DOWN
MOVE|ts=20260119202506|dir=RIGHT
MOVE|ts=20260119202506|dir=DOWN
MOVE|ts=20260119202507|dir=DOWN
MOVE|ts=20260119202508|dir=LEFT
MOVE|ts=20260119202509|dir=RIGHT
MOVE|ts=20260119202509|dir=DOWN
MOVE|ts=20260119202509|dir=RIGHT
MOVE|ts=20260119202510|dir=DOWN
MOVE|ts=20260119202510|dir=RIGHT
MOVE|ts=20260119202510|dir=DOWN
MOVE|ts=20260119202510|dir=RIGHT
MOVE|ts=20260119202511|dir=RIGHT
MOVE|ts=20260119202512|dir=RIGHT
MOVE|ts=20260119202512|dir=RIGHT
MOVE|ts=20260119202512|dir=UP
MOVE|ts=20260119202514|dir=UP
MOVE|ts=20260119202514|dir=UP
MOVE|ts=20260119202514|dir=UP
MOVE|ts=20260119202514|dir=UP
MOVE|ts=20260119202514|dir=UP
MOVE|ts=20260119202514|dir=UP
MOVE|ts=20260119202514|dir=UP
MOVE|ts=20260119202514|dir=UP
MOVE|ts=20260119202514|dir=LEFT
MOVE|ts=20260119202515|dir=LEFT
MOVE|ts=20260119202515|dir=LEFT
MOVE|ts=20260119202516|dir=LEFT
MOVE|ts=20260119202516|dir=UP
MOVE|ts=20260119202517|dir=LEFT
MOVE|ts=20260119202517|dir=LEFT
MOVE|ts=20260119202518|dir=DOWN
MOVE|ts=20260119202518|dir=DOWN
MOVE|ts=20260119202519|dir=LEFT
MOVE|ts=20260119202520|dir=LEFT
MOVE|ts=20260119202520|dir=LEFT
MOVE|ts=20260119202521|dir=RIGHT
MOVE|ts=20260119202523|dir=DOWN
MOVE|ts=20260119202523|dir=UP
MOVE|ts=20260119202524|dir=LEFT
MOVE|ts=20260119202525|dir=LEFT
MOVE|ts=20260119202526|dir=UP
MOVE|ts=20260119202529|dir=RIGHT
MOVE|ts=20260119202530|dir=RIGHT
MOVE|ts=20260119202530|dir=UP
MOVE|ts=20260119202530|dir=UP
MOVE|ts=20260119202530|dir=UP
MOVE|ts=20260119202530|dir=UP
MOVE|ts=20260119202531|dir=UP
MOVE|ts=20260119202531|dir=UP
MOVE|ts=20260119202531|dir=UP
MOVE|ts=20260119202531|dir=UP
MOVE|ts=20260119202531|dir=UP
MOVE|ts=20260119202531|dir=UP
MOVE|ts=20260119202531|dir=UP
MOVE|ts=20260119202531|dir=UP
MOVE|ts=20260119202531|dir=UP
MOVE|ts=20260119202531|dir=UP
MOVE|ts=20260119202531|dir=UP
MOVE|ts=20260119202531|dir=UP
MOVE|ts=20260119202531|dir=UP
MOVE|ts=20260119202531|dir=UP
MOVE|ts=20260119202531|dir=UP
MOVE|ts=20260119202531|dir=UP
MOVE|ts=20260119202531|dir=UP
MOVE|ts=20260119202531|dir=UP
MOVE|ts=20260119202531|dir=UP
MOVE|ts=20260119202531|dir=UP
MOVE|ts=20260119202531|dir=UP
MOVE|ts=20260119202531|dir=UP
MOVE|ts=20260119202531|dir=UP
MOVE|ts=20260119202531|dir=UP
MOVE|ts=20260119202531|dir=UP
MOVE|ts=20260119202531|dir=UP
MOVE|ts=20260119202531|dir=UP
MOVE|ts=20260119202531|dir=UP
MOVE|ts=20260119202531|dir=UP
MOVE|ts=20260119202531|dir=UP
MOVE|ts=20260119202531|dir=UP
MOVE|ts=20260119202532|dir=UP
MOVE|ts=20260119202532|dir=UP
MOVE|ts=20260119202532|dir=UP
MOVE|ts=20260119202532|dir=UP
MOVE|ts=20260119202532|dir=UP
MOVE|ts=20260119202532|dir=UP
MOVE|ts=20260119202532|dir=UP
MOVE|ts=20260119202532|dir=UP
MOVE|ts=20260119202532|dir=UP
MOVE|ts=20260119202532|dir=UP
MOVE|ts=20260119202532|dir=UP
MOVE|ts=20260119202532|dir=UP
MOVE|ts=20260119202532|dir=UP
MOVE|ts=20260119202532|dir=UP
MOVE|ts=20260119202532|dir=UP
MOVE|ts=20260119202532|dir=UP
MOVE|ts=20260119202532|dir=UP
MOVE|ts=20260119202532|dir=UP
MOVE|ts=20260119202532|dir=UP
MOVE|ts=20260119202532|dir=UP
MOVE|ts=20260119202532|dir=UP
MOVE|ts=20260119202532|dir=UP
MOVE|ts=20260119202532|dir=UP
MOVE|ts=20260119202532|dir=UP
MOVE|ts=20260119202532|dir=UP
MOVE|ts=20260119202532|dir=UP
MOVE|ts=20260119202532|dir=UP
MOVE|ts=20260119202532|dir=UP
MOVE|ts=20260119202532|dir=UP
MOVE|ts=20260119202532|dir=UP
MOVE|ts=20260119202533|dir=UP
MOVE|ts=20260119202533|dir=UP
MOVE|ts=20260119202533|dir=UP
MOVE|ts=20260119202533|dir=UP
MOVE|ts=20260119202533|dir=UP
MOVE|ts=20260119202533|dir=UP
MOVE|ts=20260119202533|dir=UP
MOVE|ts=20260119202533|dir=UP
MOVE|ts=20260119202533|dir=UP
MOVE|ts=20260119202533|dir=UP
MOVE|ts=20260119202533|dir=UP
MOVE|ts=20260119202533|dir=UP
MOVE|ts=20260119202533|dir=UP
MOVE|ts=20260119202533|dir=UP
MOVE|ts=20260119202533|dir=UP
MOVE|ts=20260119202533|dir=UP
MOVE|ts=20260119202533|dir=UP
MOVE|ts=20260119202533|dir=UP
MOVE|ts=20260119202533|dir=UP
MOVE|ts=20260119202533|dir=UP
MOVE|ts=20260119202533|dir=UP
MOVE|ts=20260119202533|dir=UP
MOVE|ts=20260119202533|dir=UP
MOVE|ts=20260119202533|dir=UP
MOVE|ts=20260119202533|dir=UP
MOVE|ts=20260119202533|dir=UP
MOVE|ts=20260119202533|dir=UP
MOVE|ts=20260119202533|dir=LEFT
MOVE|ts=20260119202534|dir=UP
MOVE|ts=20260119202534|dir=UP
MOVE|ts=20260119202534|dir=UP
MOVE|ts=20260119202534|dir=UP
MOVE|ts=20260119202534|dir=UP
MOVE|ts=20260119202534|dir=UP
MOVE|ts=20260119202534|dir=UP
MOVE|ts=20260119202534|dir=UP
MOVE|ts=20260119202534|dir=LEFT
MOVE|ts=20260119202535|dir=LEFT
MOVE|ts=20260119202535|dir=LEFT
MOVE|ts=20260119202535|dir=LEFT
MOVE|ts=20260119202535|dir=LEFT
MOVE|ts=20260119202535|dir=LEFT
MOVE|ts=20260119202535|dir=LEFT
MOVE|ts=20260119202535|dir=LEFT
MOVE|ts=20260119202535|dir=LEFT
MOVE|ts=20260119202535|dir=LEFT
MOVE|ts=20260119202535|dir=LEFT
MOVE|ts=20260119202537|dir=LEFT
MOVE|ts=20260119202537|dir=LEFT
MOVE|ts=20260119202540|dir=UP
MOVE|ts=20260119202541|dir=RIGHT
MOVE|ts=20260119202542|dir=RIGHT
MOVE|ts=20260119202542|dir=DOWN
MOVE|ts=20260119202542|dir=RIGHT
MOVE|ts=20260119202544|dir=RIGHT
MOVE|ts=20260119202545|dir=RIGHT
MOVE|ts=20260119202545|dir=DOWN
MOVE|ts=20260119202545|dir=RIGHT
MOVE|ts=20260119202546|dir=RIGHT
MOVE|ts=20260119202546|dir=RIGHT
MOVE|ts=20260119202547|dir=DOWN
MOVE|ts=20260119202547|dir=DOWN
MOVE|ts=20260119202548|dir=DOWN
MOVE|ts=20260119202548|dir=RIGHT
MOVE|ts=20260119202548|dir=DOWN
MOVE|ts=20260119202549|dir=DOWN
MOVE|ts=20260119202549|dir=DOWN
MOVE|ts=20260119202549|dir=DOWN
MOVE|ts=20260119202552|dir=DOWN
MOVE|ts=20260119202553|dir=LEFT
MOVE|ts=20260119202554|dir=DOWN
MOVE|ts=20260119202555|dir=DOWN
MOVE|ts=20260119202555|dir=LEFT
MOVE|ts=20260119202555|dir=DOWN
MOVE|ts=20260119202555|dir=DOWN
MOVE|ts=20260119202559|dir=UP
MOVE|ts=20260119202559|dir=UP
MOVE|ts=20260119202559|dir=UP
MOVE|ts=20260119202559|dir=UP
MOVE|ts=20260119202559|dir=UP
MOVE|ts=20260119202559|dir=UP
MOVE|ts=20260119202559|dir=RIGHT
MOVE|ts=20260119202600|dir=LEFT
MOVE|ts=20260119202600|dir=UP
MOVE|ts=20260119202601|dir=UP
MOVE|ts=20260119202601|dir=UP
MOVE|ts=20260119202601|dir=UP
MOVE|ts=20260119202601|dir=UP
MOVE|ts=20260119202601|dir=UP
MOVE|ts=20260119202601|dir=UP
MOVE|ts=20260119202601|dir=UP
MOVE|ts=20260119202601|dir=UP
MOVE|ts=20260119202601|dir=UP
MOVE|ts=20260119202601|dir=UP
MOVE|ts=20260119202601|dir=UP
MOVE|ts=20260119202601|dir=UP
MOVE|ts=20260119202601|dir=UP
MOVE|ts=20260119202601|dir=UP
MOVE|ts=20260119202601|dir=UP
MOVE|ts=20260119202601|dir=UP
MOVE|ts=20260119202601|dir=UP
MOVE|ts=20260119202601|dir=UP
MOVE|ts=20260119202601|dir=UP
MOVE|ts=20260119202601|dir=UP
MOVE|ts=20260119202602|dir=UP
MOVE|ts=20260119202603|dir=UP
MOVE|ts=20260119202603|dir=UP
MOVE|ts=20260119202603|dir=UP
MOVE|ts=20260119202603|dir=UP
MOVE|ts=20260119202603|dir=UP
MOVE|ts=20260119202603|dir=UP
MOVE|ts=20260119202603|dir=UP
MOVE|ts=20260119202603|dir=UP
MOVE|ts=20260119202603|dir=UP
MOVE|ts=20260119202603|dir=UP
MOVE|ts=20260119202603|dir=UP
MOVE|ts=20260119202603|dir=UP
MOVE|ts=20260119202603|dir=UP
MOVE|ts=20260119202603|dir=UP
MOVE|ts=20260119202604|dir=UP
MOVE|ts=20260119202604|dir=UP
MOVE|ts=20260119202604|dir=LEFT
MOVE|ts=20260119202604|dir=UP
MOVE|ts=20260119202604|dir=LEFT
MOVE|ts=20260119202605|dir=LEFT
MOVE|ts=20260119202605|dir=LEFT
MOVE|ts=20260119202605|dir=LEFT
MOVE|ts=20260119202605|dir=LEFT
MOVE|ts=20260119202605|dir=LEFT
MOVE|ts=20260119202605|dir=LEFT
MOVE|ts=20260119202605|dir=LEFT
MOVE|ts=20260119202605|dir=LEFT
MOVE|ts=20260119202605|dir=LEFT
MOVE|ts=20260119202605|dir=LEFT
MOVE|ts=20260119202605|dir=LEFT
MOVE|ts=20260119202605|dir=LEFT
MOVE|ts=20260119202605|dir=LEFT
MOVE|ts=20260119202605|dir=LEFT
MOVE|ts=20260119202605|dir=LEFT
MOVE|ts=20260119202605|dir=LEFT
MOVE|ts=20260119202607|dir=UP
MOVE|ts=20260119202607|dir=UP
MOVE|ts=20260119202607|dir=UP
MOVE|ts=20260119202607|dir=UP
MOVE|ts=20260119202607|dir=UP
MOVE|ts=20260119202607|dir=UP
MOVE|ts=20260119202608|dir=UP
MOVE|ts=20260119202608|dir=UP
MOVE|ts=20260119202608|dir=UP
MOVE|ts=20260119202608|dir=UP
MOVE|ts=20260119202608|dir=UP
MOVE|ts=20260119202608|dir=UP
MOVE|ts=20260119202608|dir=UP
MOVE|ts=20260119202608|dir=UP
MOVE|ts=20260119202608|dir=UP
MOVE|ts=20260119202608|dir=UP
MOVE|ts=20260119202608|dir=UP
MOVE|ts=20260119202608|dir=UP
MOVE|ts=20260119202608|dir=UP
MOVE|ts=20260119202608|dir=LEFT
MOVE|ts=20260119202608|dir=UP
MOVE|ts=20260119202609|dir=UP
MOVE|ts=20260119202610|dir=LEFT
MOVE|ts=20260119202610|dir=UP
MOVE|ts=20260119202611|dir=UP
MOVE|ts=20260119202611|dir=UP
MOVE|ts=20260119202611|dir=UP
MOVE|ts=20260119202611|dir=UP
MOVE|ts=20260119202611|dir=UP
MOVE|ts=20260119202611|dir=UP
MOVE|ts=20260119202611|dir=UP
MOVE|ts=20260119202611|dir=UP
MOVE|ts=20260119202611|dir=UP
MOVE|ts=20260119202611|dir=UP
MOVE|ts=20260119202611|dir=UP
MOVE|ts=20260119202611|dir=UP
MOVE|ts=20260119202611|dir=UP
MOVE|ts=20260119202611|dir=UP
MOVE|ts=20260119202611|dir=UP
MOVE|ts=20260119202611|dir=UP
MOVE|ts=20260119202611|dir=UP
MOVE|ts=20260119202611|dir=UP
MOVE|ts=20260119202611|dir=UP
MOVE|ts=20260119202611|dir=UP
MOVE|ts=20260119202611|dir=UP
MOVE|ts=20260119202611|dir=UP
MOVE|ts=20260119202611|dir=UP
MOVE|ts=20260119202611|dir=UP
MOVE|ts=20260119202611|dir=UP
MOVE|ts=20260119202611|dir=UP
MOVE|ts=20260119202612|dir=UP
MOVE|ts=20260119202612|dir=UP
MOVE|ts=20260119202612|dir=UP
MOVE|ts=20260119202612|dir=DOWN
MOVE|ts=20260119202618|dir=DOWN
MOVE|ts=20260119202619|dir=DOWN
MOVE|ts=20260119202620|dir=LEFT
MOVE|ts=20260119202622|dir=RIGHT
MOVE|ts=20260119202622|dir=DOWN
MOVE|ts=20260119202624|dir=RIGHT
MOVE|ts=20260119202624|dir=DOWN
MOVE|ts=20260119202629|dir=LEFT
MOVE|ts=20260119202629|dir=LEFT
MOVE|ts=20260119202629|dir=LEFT
MOVE|ts=20260119202629|dir=LEFT
MOVE|ts=20260119202632|dir=UP
MOVE|ts=20260119202632|dir=LEFT
MOVE|ts=20260119202633|dir=UP
MOVE|ts=20260119202633|dir=UP
MOVE|ts=20260119202633|dir=UP
MOVE|ts=20260119202633|dir=UP
MOVE|ts=20260119202633|dir=UP
MOVE|ts=20260119202633|dir=UP
MOVE|ts=20260119202633|dir=UP
MOVE|ts=20260119202633|dir=LEFT
MOVE|ts=20260119202634|dir=LEFT
MOVE|ts=20260119202634|dir=LEFT
MOVE|ts=20260119202634|dir=LEFT
MOVE|ts=20260119202634|dir=LEFT
MOVE|ts=20260119202634|dir=RIGHT
MOVE|ts=20260119202635|dir=RIGHT
MOVE|ts=20260119202635|dir=RIGHT
MOVE|ts=20260119202635|dir=RIGHT
MOVE|ts=20260119202635|dir=RIGHT
MOVE|ts=20260119202635|dir=RIGHT
MOVE|ts=20260119202635|dir=RIGHT
MOVE|ts=20260119202635|dir=RIGHT
MOVE|ts=20260119202635|dir=RIGHT
MOVE|ts=20260119202635|dir=UP
MOVE|ts=20260119202636|dir=UP
MOVE|ts=20260119202637|dir=UP
MOVE|ts=20260119202638|dir=UP
MOVE|ts=20260119202638|dir=UP
MOVE|ts=20260119202638|dir=UP
MOVE|ts=20260119202638|dir=UP
MOVE|ts=20260119202638|dir=UP
MOVE|ts=20260119202638|dir=UP
MOVE|ts=20260119202638|dir=UP
MOVE|ts=20260119202638|dir=UP
MOVE|ts=20260119202638|dir=UP
MOVE|ts=20260119202638|dir=UP
MOVE|ts=20260119202638|dir=UP
MOVE|ts=20260119202638|dir=UP
MOVE|ts=20260119202638|dir=UP
MOVE|ts=20260119202638|dir=UP
MOVE|ts=20260119202638|dir=UP
MOVE|ts=20260119202638|dir=UP
MOVE|ts=20260119202638|dir=UP
MOVE|ts=20260119202638|dir=UP
MOVE|ts=20260119202638|dir=UP
MOVE|ts=20260119202638|dir=UP
MOVE|ts=20260119202638|dir=LEFT
MOVE|ts=20260119202639|dir=UP
MOVE|ts=20260119202640|dir=LEFT
MOVE|ts=20260119202641|dir=UP
MOVE|ts=20260119202642|dir=UP
MOVE|ts=20260119202642|dir=UP
MOVE|ts=20260119202643|dir=LEFT
MOVE|ts=20260119202643|dir=UP
MOVE|ts=20260119202644|dir=UP
MOVE|ts=20260119202645|dir=UP
MOVE|ts=20260119202645|dir=UP
MOVE|ts=20260119202649|dir=LEFT
MOVE|ts=20260119202649|dir=UP
MOVE|ts=20260119202650|dir=LEFT
MOVE|ts=20260119202651|dir=LEFT
MOVE|ts=20260119202652|dir=UP
MOVE|ts=20260119202652|dir=UP
MOVE|ts=20260119202653|dir=RIGHT
MOVE|ts=20260119202653|dir=RIGHT
MOVE|ts=20260119202653|dir=RIGHT
MOVE|ts=20260119202653|dir=UP
MOVE|ts=20260119202654|dir=RIGHT
MOVE|ts=20260119202656|dir=RIGHT
MOVE|ts=20260119202656|dir=RIGHT
MOVE|ts=20260119202657|dir=RIGHT
MOVE|ts=20260119202657|dir=RIGHT
MOVE|ts=20260119202657|dir=DOWN
MOVE|ts=20260119202657|dir=RIGHT
MOVE|ts=20260119202658|dir=RIGHT
MOVE|ts=20260119202659|dir=DOWN
MOVE|ts=20260119202700|dir=RIGHT
MOVE|ts=20260119202701|dir=DOWN
MOVE|ts=20260119202701|dir=RIGHT
MOVE|ts=20260119202703|dir=UP
MOVE|ts=20260119202703|dir=UP
MOVE|ts=20260119202705|dir=UP
MOVE|ts=20260119202705|dir=LEFT
MOVE|ts=20260119202706|dir=LEFT
MOVE|ts=20260119202706|dir=LEFT
MOVE|ts=20260119202709|dir=LEFT
MOVE|ts=20260119202709|dir=LEFT
MOVE|ts=20260119202710|dir=LEFT
MOVE|ts=20260119202711|dir=LEFT
MOVE|ts=20260119202711|dir=LEFT
MOVE|ts=20260119202711|dir=LEFT
MOVE|ts=20260119202711|dir=LEFT
MOVE|ts=20260119202711|dir=LEFT
MOVE|ts=20260119202711|dir=LEFT
MOVE|ts=20260119202711|dir=LEFT
MOVE|ts=20260119202711|dir=LEFT
MOVE|ts=20260119202711|dir=LEFT
MOVE|ts=20260119202711|dir=LEFT
MOVE|ts=20260119202711|dir=LEFT
MOVE|ts=20260119202711|dir=LEFT
MOVE|ts=20260119202711|dir=LEFT
MOVE|ts=20260119202711|dir=LEFT
MOVE|ts=20260119202711|dir=LEFT
MOVE|ts=20260119202711|dir=LEFT
MOVE|ts=20260119202711|dir=LEFT
MOVE|ts=20260119202711|dir=LEFT
MOVE|ts=20260119202711|dir=LEFT
MOVE|ts=20260119202711|dir=LEFT
MOVE|ts=20260119202711|dir=DOWN
MOVE|ts=20260119202712|dir=RIGHT
MOVE|ts=20260119202712|dir=RIGHT
MOVE|ts=20260119202712|dir=RIGHT
MOVE|ts=20260119202712|dir=RIGHT
MOVE|ts=20260119202713|dir=RIGHT
MOVE|ts=20260119202716|dir=DOWN
MOVE|ts=20260119202717|dir=RIGHT
MOVE|ts=20260119202718|dir=RIGHT
MOVE|ts=20260119202718|dir=RIGHT
MOVE|ts=20260119202718|dir=RIGHT
MOVE|ts=20260119202718|dir=RIGHT
MOVE|ts=20260119202718|dir=RIGHT
MOVE|ts=20260119202718|dir=DOWN
MOVE|ts=20260119202718|dir=RIGHT
MOVE|ts=20260119202719|dir=DOWN
MOVE|ts=20260119202719|dir=RIGHT
MOVE|ts=20260119202720|dir=RIGHT
MOVE|ts=20260119202720|dir=RIGHT
MOVE|ts=20260119202720|dir=RIGHT
MOVE|ts=20260119202720|dir=RIGHT
MOVE|ts=20260119202720|dir=UP
MOVE|ts=20260119202720|dir=RIGHT
MOVE|ts=20260119202721|dir=RIGHT
MOVE|ts=20260119202721|dir=RIGHT
MOVE|ts=20260119202721|dir=RIGHT
MOVE|ts=20260119202721|dir=RIGHT
MOVE|ts=20260119202721|dir=RIGHT
MOVE|ts=20260119202721|dir=RIGHT
MOVE|ts=20260119202721|dir=RIGHT
MOVE|ts=20260119202721|dir=RIGHT
MOVE|ts=20260119202721|dir=RIGHT
MOVE|ts=20260119202721|dir=RIGHT
MOVE|ts=20260119202721|dir=RIGHT
MOVE|ts=20260119202721|dir=RIGHT
MOVE|ts=20260119202721|dir=RIGHT
MOVE|ts=20260119202721|dir=RIGHT
MOVE|ts=20260119202721|dir=RIGHT
MOVE|ts=20260119202721|dir=RIGHT
MOVE|ts=20260119202721|dir=UP
MOVE|ts=20260119202722|dir=UP
MOVE|ts=20260119202722|dir=UP
MOVE|ts=20260119202722|dir=UP
MOVE|ts=20260119202722|dir=UP
MOVE|ts=20260119202722|dir=UP
MOVE|ts=20260119202722|dir=UP
MOVE|ts=20260119202722|dir=RIGHT
MOVE|ts=20260119202722|dir=RIGHT
MOVE|ts=20260119202722|dir=RIGHT
MOVE|ts=20260119202722|dir=RIGHT
MOVE|ts=20260119202722|dir=RIGHT
MOVE|ts=20260119202722|dir=RIGHT
MOVE|ts=20260119202723|dir=RIGHT
MOVE|ts=20260119202723|dir=RIGHT
MOVE|ts=20260119202723|dir=RIGHT
MOVE|ts=20260119202723|dir=RIGHT
MOVE|ts=20260119202723|dir=RIGHT
MOVE|ts=20260119202723|dir=RIGHT
MOVE|ts=20260119202723|dir=RIGHT
MOVE|ts=20260119202723|dir=RIGHT
MOVE|ts=20260119202723|dir=RIGHT
MOVE|ts=20260119202723|dir=RIGHT
MOVE|ts=20260119202723|dir=RIGHT
MOVE|ts=20260119202723|dir=RIGHT
MOVE|ts=20260119202723|dir=RIGHT
MOVE|ts=20260119202723|dir=RIGHT
MOVE|ts=20260119202723|dir=RIGHT
MOVE|ts=20260119202723|dir=RIGHT
MOVE|ts=20260119202723|dir=RIGHT
MOVE|ts=20260119202723|dir=RIGHT
MOVE|ts=20260119202723|dir=RIGHT
MOVE|ts=20260119202723|dir=RIGHT
MOVE|ts=20260119202723|dir=RIGHT
MOVE|ts=20260119202723|dir=RIGHT
MOVE|ts=20260119202723|dir=RIGHT
MOVE|ts=20260119202723|dir=RIGHT
MOVE|ts=20260119202723|dir=RIGHT
MOVE|ts=20260119202723|dir=RIGHT
MOVE|ts=20260119202723|dir=RIGHT
MOVE|ts=20260119202723|dir=RIGHT
MOVE|ts=20260119202724|dir=UP
MOVE|ts=20260119202724|dir=LEFT
MOVE|ts=20260119202724|dir=UP
MOVE|ts=20260119202725|dir=UP
MOVE|ts=20260119202725|dir=UP
MOVE|ts=20260119202725|dir=UP
MOVE|ts=20260119202725|dir=UP
MOVE|ts=20260119202725|dir=UP
MOVE|ts=20260119202727|dir=UP
MOVE|ts=20260119202728|dir=LEFT
MOVE|ts=20260119202728|dir=LEFT
MOVE|ts=20260119202728|dir=DOWN
MOVE|ts=20260119202729|dir=DOWN
MOVE|ts=20260119202729|dir=DOWN
MOVE|ts=20260119202729|dir=DOWN
MOVE|ts=20260119202729|dir=DOWN
MOVE|ts=20260119202729|dir=LEFT
MOVE|ts=20260119202729|dir=DOWN
MOVE|ts=20260119202730|dir=DOWN
MOVE|ts=20260119202730|dir=LEFT
MOVE|ts=20260119202730|dir=DOWN
MOVE|ts=20260119202731|dir=DOWN
MOVE|ts=20260119202731|dir=DOWN
MOVE|ts=20260119202731|dir=DOWN
MOVE|ts=20260119202731|dir=DOWN
MOVE|ts=20260119202731|dir=DOWN
MOVE|ts=20260119202731|dir=DOWN
MOVE|ts=20260119202731|dir=DOWN
MOVE|ts=20260119202731|dir=DOWN
MOVE|ts=20260119202731|dir=DOWN
MOVE|ts=20260119202731|dir=DOWN
MOVE|ts=20260119202731|dir=DOWN
MOVE|ts=20260119202731|dir=DOWN
MOVE|ts=20260119202731|dir=DOWN
MOVE|ts=20260119202731|dir=DOWN
MOVE|ts=20260119202731|dir=RIGHT
MOVE|ts=20260119202732|dir=RIGHT
MOVE|ts=20260119202732|dir=UP
MOVE|ts=20260119202732|dir=RIGHT
MOVE|ts=20260119202733|dir=RIGHT
MOVE|ts=20260119202733|dir=RIGHT
MOVE|ts=20260119202733|dir=RIGHT
MOVE|ts=20260119202733|dir=RIGHT
MOVE|ts=20260119202734|dir=RIGHT
MOVE|ts=20260119202734|dir=RIGHT
MOVE|ts=20260119202734|dir=RIGHT
MOVE|ts=20260119202734|dir=RIGHT
MOVE|ts=20260119202734|dir=RIGHT
MOVE|ts=20260119202734|dir=RIGHT
MOVE|ts=20260119202734|dir=RIGHT
MOVE|ts=20260119202735|dir=RIGHT
MOVE|ts=20260119202736|dir=RIGHT
MOVE|ts=20260119202736|dir=RIGHT
MOVE|ts=20260119202736|dir=RIGHT
MOVE|ts=20260119202736|dir=RIGHT
MOVE|ts=20260119202736|dir=RIGHT
MOVE|ts=20260119202736|dir=RIGHT
MOVE|ts=20260119202736|dir=RIGHT
MOVE|ts=20260119202736|dir=RIGHT
MOVE|ts=20260119202736|dir=RIGHT
MOVE|ts=20260119202736|dir=RIGHT
MOVE|ts=20260119202736|dir=RIGHT
MOVE|ts=20260119202736|dir=LEFT
MOVE|ts=20260119202737|dir=LEFT
MOVE|ts=20260119202738|dir=LEFT
MOVE|ts=20260119202801|dir=RIGHT
MOVE|ts=20260119202801|dir=RIGHT
MOVE|ts=20260119202801|dir=RIGHT
MOVE|ts=20260119202801|dir=RIGHT
MOVE|ts=20260119202801|dir=RIGHT
MOVE|ts=20260119202802|dir=RIGHT
MOVE|ts=20260119202802|dir=RIGHT
MOVE|ts=20260119202802|dir=RIGHT
MOVE|ts=20260119202802|dir=RIGHT
MOVE|ts=20260119202802|dir=RIGHT
MOVE|ts=20260119202802|dir=RIGHT
MOVE|ts=20260119202802|dir=UP
MOVE|ts=20260119202803|dir=UP
MOVE|ts=20260119202803|dir=UP
MOVE|ts=20260119202803|dir=UP
MOVE|ts=20260119202803|dir=UP
MOVE|ts=20260119202803|dir=UP
MOVE|ts=20260119202803|dir=UP
MOVE|ts=20260119202803|dir=UP
MOVE|ts=20260119202803|dir=UP
MOVE|ts=20260119202803|dir=UP
MOVE|ts=20260119202803|dir=UP
MOVE|ts=20260119202803|dir=UP
MOVE|ts=20260119202803|dir=LEFT
MOVE|ts=20260119202805|dir=UP
MOVE|ts=20260119202805|dir=RIGHT
MOVE|ts=20260119202806|dir=RIGHT
MOVE|ts=20260119202806|dir=RIGHT
MOVE|ts=20260119202806|dir=RIGHT
MOVE|ts=20260119202806|dir=RIGHT
MOVE|ts=20260119202806|dir=RIGHT
MOVE|ts=20260119202806|dir=RIGHT
MOVE|ts=20260119202806|dir=RIGHT
MOVE|ts=20260119202806|dir=RIGHT
MOVE|ts=20260119202806|dir=RIGHT
MOVE|ts=20260119202806|dir=RIGHT
MOVE|ts=20260119202806|dir=RIGHT
MOVE|ts=20260119202806|dir=RIGHT
MOVE|ts=20260119202806|dir=RIGHT
MOVE|ts=20260119202806|dir=RIGHT
MOVE|ts=20260119202806|dir=RIGHT
MOVE|ts=20260119202806|dir=DOWN
MOVE|ts=20260119202807|dir=RIGHT
MOVE|ts=20260119202807|dir=DOWN
MOVE|ts=20260119202808|dir=RIGHT
MOVE|ts=20260119202809|dir=DOWN
MOVE|ts=20260119202809|dir=RIGHT
MOVE|ts=20260119202810|dir=DOWN
MOVE|ts=20260119202811|dir=DOWN
MOVE|ts=20260119202811|dir=DOWN
MOVE|ts=20260119202811|dir=DOWN
MOVE|ts=20260119202811|dir=DOWN
MOVE|ts=20260119202811|dir=DOWN
MOVE|ts=20260119202811|dir=DOWN
MOVE|ts=20260119202811|dir=DOWN
MOVE|ts=20260119202811|dir=DOWN
MOVE|ts=20260119202811|dir=DOWN
MOVE|ts=20260119202811|dir=DOWN
MOVE|ts=20260119202811|dir=DOWN
MOVE|ts=20260119202811|dir=DOWN
MOVE|ts=20260119202811|dir=DOWN
MOVE|ts=20260119202811|dir=DOWN
MOVE|ts=20260119202811|dir=DOWN
MOVE|ts=20260119202811|dir=DOWN
MOVE|ts=20260119202811|dir=DOWN
MOVE|ts=20260119202811|dir=DOWN
MOVE|ts=20260119202811|dir=DOWN
MOVE|ts=20260119202811|dir=DOWN
MOVE|ts=20260119202811|dir=DOWN
MOVE|ts=20260119202811|dir=DOWN
MOVE|ts=20260119202811|dir=DOWN
MOVE|ts=20260119202811|dir=DOWN
MOVE|ts=20260119202811|dir=DOWN
MOVE|ts=20260119202812|dir=DOWN
MOVE|ts=20260119202812|dir=DOWN
MOVE|ts=20260119202812|dir=DOWN
MOVE|ts=20260119202812|dir=DOWN
MOVE|ts=20260119202812|dir=DOWN
MOVE|ts=20260119202812|dir=DOWN
MOVE|ts=20260119202812|dir=DOWN
MOVE|ts=20260119202812|dir=DOWN
MOVE|ts=20260119202812|dir=RIGHT
MOVE|ts=20260119202812|dir=RIGHT
MOVE|ts=20260119202812|dir=RIGHT
MOVE|ts=20260119202812|dir=RIGHT
MOVE|ts=20260119202812|dir=RIGHT
MOVE|ts=20260119202812|dir=RIGHT
MOVE|ts=20260119202812|dir=DOWN
MOVE|ts=20260119202813|dir=RIGHT
MOVE|ts=20260119202813|dir=RIGHT
MOVE|ts=20260119202813|dir=RIGHT
MOVE|ts=20260119202813|dir=RIGHT
MOVE|ts=20260119202813|dir=RIGHT
MOVE|ts=20260119202813|dir=RIGHT
MOVE|ts=20260119202813|dir=RIGHT
MOVE|ts=20260119202813|dir=RIGHT
MOVE|ts=20260119202813|dir=RIGHT
MOVE|ts=20260119202813|dir=RIGHT
MOVE|ts=20260119202813|dir=RIGHT
MOVE|ts=20260119202813|dir=RIGHT
MOVE|ts=20260119202813|dir=RIGHT
MOVE|ts=20260119202814|dir=RIGHT
MOVE|ts=20260119202814|dir=RIGHT
MOVE|ts=20260119202814|dir=UP
MOVE|ts=20260119202814|dir=RIGHT
MOVE|ts=20260119202814|dir=RIGHT
MOVE|ts=20260119202815|dir=RIGHT
MOVE|ts=20260119202815|dir=RIGHT
MOVE|ts=20260119202815|dir=RIGHT
MOVE|ts=20260119202815|dir=RIGHT
MOVE|ts=20260119202815|dir=RIGHT
MOVE|ts=20260119202815|dir=RIGHT
MOVE|ts=20260119202815|dir=RIGHT
MOVE|ts=20260119202815|dir=RIGHT
MOVE|ts=20260119202815|dir=RIGHT
MOVE|ts=20260119202815|dir=RIGHT
MOVE|ts=20260119202815|dir=RIGHT
MOVE|ts=20260119202815|dir=RIGHT
MOVE|ts=20260119202815|dir=RIGHT
MOVE|ts=20260119202815|dir=RIGHT
MOVE|ts=20260119202815|dir=RIGHT
MOVE|ts=20260119202816|dir=DOWN
MOVE|ts=20260119202818|dir=RIGHT
MOVE|ts=20260119202818|dir=RIGHT
MOVE|ts=20260119202818|dir=RIGHT
MOVE|ts=20260119202818|dir=RIGHT
MOVE|ts=20260119202818|dir=RIGHT
MOVE|ts=20260119202818|dir=RIGHT
MOVE|ts=20260119202818|dir=RIGHT
MOVE|ts=20260119202818|dir=RIGHT
MOVE|ts=20260119202818|dir=RIGHT
MOVE|ts=20260119202818|dir=DOWN
MOVE|ts=20260119202819|dir=DOWN
MOVE|ts=20260119202819|dir=RIGHT
MOVE|ts=20260119202820|dir=RIGHT
MOVE|ts=20260119202820|dir=DOWN
MOVE|ts=20260119202821|dir=DOWN
MOVE|ts=20260119202821|dir=DOWN
MOVE|ts=20260119202821|dir=DOWN
MOVE|ts=20260119202821|dir=DOWN
MOVE|ts=20260119202821|dir=DOWN
MOVE|ts=20260119202821|dir=DOWN
MOVE|ts=20260119202821|dir=DOWN
MOVE|ts=20260119202821|dir=DOWN
MOVE|ts=20260119202821|dir=DOWN
MOVE|ts=20260119202821|dir=DOWN
MOVE|ts=20260119202821|dir=DOWN
MOVE|ts=20260119202821|dir=DOWN
MOVE|ts=20260119202821|dir=DOWN
MOVE|ts=20260119202821|dir=DOWN
MOVE|ts=20260119202821|dir=DOWN
MOVE|ts=20260119202821|dir=DOWN
MOVE|ts=20260119202821|dir=DOWN
MOVE|ts=20260119202821|dir=DOWN
MOVE|ts=20260119202821|dir=DOWN
MOVE|ts=20260119202821|dir=DOWN
MOVE|ts=20260119202821|dir=DOWN
MOVE|ts=20260119202822|dir=DOWN
MOVE|ts=20260119202822|dir=DOWN
MOVE|ts=20260119202822|dir=DOWN
MOVE|ts=20260119202822|dir=DOWN
MOVE|ts=20260119202822|dir=DOWN
MOVE|ts=20260119202822|dir=DOWN
MOVE|ts=20260119202822|dir=DOWN
MOVE|ts=20260119202822|dir=DOWN
MOVE|ts=20260119202822|dir=DOWN
MOVE|ts=20260119202822|dir=DOWN
MOVE|ts=20260119202822|dir=DOWN
MOVE|ts=20260119202822|dir=DOWN
MOVE|ts=20260119202822|dir=RIGHT
MOVE|ts=20260119202823|dir=LEFT
MOVE|ts=20260119202823|dir=UP
MOVE|ts=20260119202824|dir=UP
MOVE|ts=20260119202824|dir=UP
MOVE|ts=20260119202824|dir=UP
MOVE|ts=20260119202824|dir=UP
MOVE|ts=20260119202824|dir=UP
MOVE|ts=20260119202824|dir=UP
MOVE|ts=20260119202824|dir=UP
MOVE|ts=20260119202824|dir=UP
MOVE|ts=20260119202824|dir=RIGHT
MOVE|ts=20260119202825|dir=LEFT
MOVE|ts=20260119202826|dir=UP
MOVE|ts=20260119202827|dir=UP
MOVE|ts=20260119202827|dir=LEFT
MOVE|ts=20260119202827|dir=UP
MOVE|ts=20260119202829|dir=LEFT
MOVE|ts=20260119202829|dir=UP
MOVE|ts=20260119202830|dir=LEFT
MOVE|ts=20260119202830|dir=UP
MOVE|ts=20260119202830|dir=LEFT
MOVE|ts=20260119202830|dir=UP
MOVE|ts=20260119202831|dir=LEFT
MOVE|ts=20260119202831|dir=UP
MOVE|ts=20260119202831|dir=LEFT
MOVE|ts=20260119202832|dir=LEFT
MOVE|ts=20260119202832|dir=LEFT
MOVE|ts=20260119202833|dir=LEFT
MOVE|ts=20260119202833|dir=LEFT
MOVE|ts=20260119202834|dir=LEFT
MOVE|ts=20260119202834|dir=DOWN
MOVE|ts=20260119202835|dir=LEFT
MOVE|ts=20260119202835|dir=LEFT
MOVE|ts=20260119202837|dir=LEFT
MOVE|ts=20260119202839|dir=LEFT
MOVE|ts=20260119202839|dir=LEFT
MOVE|ts=20260119202840|dir=DOWN
MOVE|ts=20260119202840|dir=DOWN
MOVE|ts=20260119202841|dir=DOWN
MOVE|ts=20260119202842|dir=LEFT
MOVE|ts=20260119202842|dir=LEFT
MOVE|ts=20260119202843|dir=UP
MOVE|ts=20260119202843|dir=UP
MOVE|ts=20260119202844|dir=UP
MOVE|ts=20260119202845|dir=UP
MOVE|ts=20260119202845|dir=UP
MOVE|ts=20260119202845|dir=LEFT
MOVE|ts=20260119202846|dir=UP
MOVE|ts=20260119202847|dir=DOWN
MOVE|ts=20260119202848|dir=LEFT
MOVE|ts=20260119202849|dir=DOWN
MOVE|ts=20260119202859|dir=RIGHT
MOVE|ts=20260119202900|dir=RIGHT
MOVE|ts=20260119202900|dir=RIGHT
MOVE|ts=20260119202901|dir=DOWN
MOVE|ts=20260119202901|dir=RIGHT
MOVE|ts=20260119202902|dir=RIGHT
MOVE|ts=20260119202902|dir=RIGHT
MOVE|ts=20260119202902|dir=RIGHT
MOVE|ts=20260119202902|dir=RIGHT
MOVE|ts=20260119202902|dir=RIGHT
MOVE|ts=20260119202902|dir=RIGHT
MOVE|ts=20260119202902|dir=RIGHT
MOVE|ts=20260119202902|dir=RIGHT
MOVE|ts=20260119202902|dir=RIGHT
MOVE|ts=20260119202902|dir=RIGHT
MOVE|ts=20260119202902|dir=RIGHT
MOVE|ts=20260119202902|dir=RIGHT
MOVE|ts=20260119202902|dir=UP
MOVE|ts=20260119202903|dir=RIGHT
MOVE|ts=20260119202903|dir=UP
MOVE|ts=20260119202904|dir=UP
MOVE|ts=20260119202904|dir=UP
MOVE|ts=20260119202904|dir=RIGHT
MOVE|ts=20260119202904|dir=UP
MOVE|ts=20260119202905|dir=LEFT
MOVE|ts=20260119202906|dir=UP
MOVE|ts=20260119202908|dir=RIGHT
MOVE|ts=20260119202909|dir=DOWN
MOVE|ts=20260119202910|dir=RIGHT
MOVE|ts=20260119202910|dir=DOWN
MOVE|ts=20260119202911|dir=RIGHT
MOVE|ts=20260119202911|dir=RIGHT
MOVE|ts=20260119202911|dir=RIGHT
MOVE|ts=20260119202911|dir=RIGHT
MOVE|ts=20260119202911|dir=RIGHT
MOVE|ts=20260119202911|dir=RIGHT
MOVE|ts=20260119202911|dir=RIGHT
MOVE|ts=20260119202911|dir=RIGHT
MOVE|ts=20260119202912|dir=RIGHT
MOVE|ts=20260119202912|dir=RIGHT
MOVE|ts=20260119202912|dir=RIGHT
MOVE|ts=20260119202912|dir=RIGHT
MOVE|ts=20260119202912|dir=RIGHT
MOVE|ts=20260119202912|dir=RIGHT
MOVE|ts=20260119202912|dir=RIGHT
MOVE|ts=20260119202912|dir=DOWN
MOVE|ts=20260119202912|dir=DOWN
MOVE|ts=20260119202912|dir=RIGHT
MOVE|ts=20260119202913|dir=RIGHT
MOVE|ts=20260119202913|dir=RIGHT
MOVE|ts=20260119202913|dir=RIGHT
MOVE|ts=20260119202913|dir=RIGHT
MOVE|ts=20260119202913|dir=RIGHT
MOVE|ts=20260119202913|dir=RIGHT
MOVE|ts=20260119202913|dir=RIGHT
MOVE|ts=20260119202913|dir=RIGHT
MOVE|ts=20260119202913|dir=RIGHT
MOVE|ts=20260119202913|dir=RIGHT
MOVE|ts=20260119202913|dir=UP
MOVE|ts=20260119202914|dir=RIGHT
MOVE|ts=20260119202914|dir=RIGHT
MOVE|ts=20260119202914|dir=RIGHT
MOVE|ts=20260119202914|dir=RIGHT
MOVE|ts=20260119202914|dir=RIGHT
MOVE|ts=20260119202914|dir=RIGHT
MOVE|ts=20260119202914|dir=RIGHT
MOVE|ts=20260119202914|dir=RIGHT
MOVE|ts=20260119202914|dir=RIGHT
MOVE|ts=20260119202914|dir=RIGHT
MOVE|ts=20260119202914|dir=RIGHT
MOVE|ts=20260119202914|dir=RIGHT
MOVE|ts=20260119202914|dir=RIGHT
MOVE|ts=20260119202914|dir=RIGHT
MOVE|ts=20260119202914|dir=RIGHT
MOVE|ts=20260119202914|dir=RIGHT
MOVE|ts=20260119202915|dir=RIGHT
MOVE|ts=20260119202915|dir=RIGHT
MOVE|ts=20260119202915|dir=RIGHT
MOVE|ts=20260119202915|dir=RIGHT
MOVE|ts=20260119202915|dir=RIGHT
MOVE|ts=20260119202915|dir=RIGHT
MOVE|ts=20260119202915|dir=RIGHT
MOVE|ts=20260119202915|dir=RIGHT
MOVE|ts=20260119202915|dir=RIGHT
MOVE|ts=20260119202915|dir=RIGHT
MOVE|ts=20260119202915|dir=UP
MOVE|ts=20260119202915|dir=RIGHT
MOVE|ts=20260119202916|dir=RIGHT
MOVE|ts=20260119202916|dir=RIGHT
MOVE|ts=20260119202916|dir=RIGHT
MOVE|ts=20260119202916|dir=RIGHT
MOVE|ts=20260119202916|dir=RIGHT
MOVE|ts=20260119202916|dir=UP
MOVE|ts=20260119202916|dir=RIGHT
MOVE|ts=20260119202916|dir=UP
MOVE|ts=20260119202917|dir=RIGHT
MOVE|ts=20260119202917|dir=DOWN
MOVE|ts=20260119202917|dir=RIGHT
MOVE|ts=20260119202918|dir=RIGHT
MOVE|ts=20260119202918|dir=RIGHT
MOVE|ts=20260119202918|dir=RIGHT
MOVE|ts=20260119202918|dir=RIGHT
MOVE|ts=20260119202918|dir=RIGHT
MOVE|ts=20260119202918|dir=RIGHT
MOVE|ts=20260119202918|dir=RIGHT
MOVE|ts=20260119202918|dir=RIGHT
MOVE|ts=20260119202918|dir=RIGHT
MOVE|ts=20260119202918|dir=RIGHT
MOVE|ts=20260119202918|dir=RIGHT
MOVE|ts=20260119202918|dir=DOWN
MOVE|ts=20260119202919|dir=DOWN
MOVE|ts=20260119202919|dir=RIGHT
MOVE|ts=20260119202919|dir=RIGHT
MOVE|ts=20260119202919|dir=RIGHT
MOVE|ts=20260119202919|dir=RIGHT
MOVE|ts=20260119202920|dir=RIGHT
MOVE|ts=20260119202920|dir=RIGHT
MOVE|ts=20260119202920|dir=RIGHT
MOVE|ts=20260119202920|dir=RIGHT
MOVE|ts=20260119202921|dir=DOWN
MOVE|ts=20260119202921|dir=DOWN
MOVE|ts=20260119202921|dir=DOWN
MOVE|ts=20260119202921|dir=DOWN
MOVE|ts=20260119202921|dir=DOWN
MOVE|ts=20260119202921|dir=DOWN
MOVE|ts=20260119202921|dir=DOWN
MOVE|ts=20260119202922|dir=DOWN
MOVE|ts=20260119202922|dir=DOWN
MOVE|ts=20260119202922|dir=DOWN
MOVE|ts=20260119202922|dir=DOWN
MOVE|ts=20260119202922|dir=DOWN
MOVE|ts=20260119202922|dir=DOWN
MOVE|ts=20260119202922|dir=DOWN
MOVE|ts=20260119202922|dir=DOWN
MOVE|ts=20260119202922|dir=DOWN
MOVE|ts=20260119202922|dir=DOWN
MOVE|ts=20260119202922|dir=DOWN
MOVE|ts=20260119202922|dir=DOWN
MOVE|ts=20260119202922|dir=DOWN
MOVE|ts=20260119202922|dir=DOWN
MOVE|ts=20260119202922|dir=DOWN
MOVE|ts=20260119202922|dir=DOWN
MOVE|ts=20260119202922|dir=DOWN
MOVE|ts=20260119202922|dir=DOWN
MOVE|ts=20260119202922|dir=LEFT
MOVE|ts=20260119202922|dir=DOWN
MOVE|ts=20260119202923|dir=DOWN
MOVE|ts=20260119202923|dir=DOWN
MOVE|ts=20260119202923|dir=LEFT
MOVE|ts=20260119202923|dir=DOWN
MOVE|ts=20260119202925|dir=DOWN
MOVE|ts=20260119202926|dir=DOWN
MOVE|ts=20260119202926|dir=DOWN
MOVE|ts=20260119202927|dir=DOWN
MOVE|ts=20260119202928|dir=DOWN
MOVE|ts=20260119202928|dir=DOWN
MOVE|ts=20260119202929|dir=RIGHT
MOVE|ts=20260119202930|dir=UP
MOVE|ts=20260119202930|dir=RIGHT
MOVE|ts=20260119202931|dir=RIGHT
MOVE|ts=20260119202931|dir=RIGHT
MOVE|ts=20260119202931|dir=RIGHT
MOVE|ts=20260119202931|dir=RIGHT
MOVE|ts=20260119202931|dir=RIGHT
MOVE|ts=20260119202931|dir=RIGHT
MOVE|ts=20260119202931|dir=RIGHT
MOVE|ts=20260119202931|dir=RIGHT
MOVE|ts=20260119202931|dir=RIGHT
MOVE|ts=20260119202931|dir=RIGHT
MOVE|ts=20260119202931|dir=RIGHT
MOVE|ts=20260119202931|dir=RIGHT
MOVE|ts=20260119202931|dir=RIGHT
MOVE|ts=20260119202931|dir=RIGHT
MOVE|ts=20260119202931|dir=RIGHT
MOVE|ts=20260119202931|dir=RIGHT
MOVE|ts=20260119202931|dir=RIGHT
MOVE|ts=20260119202931|dir=RIGHT
MOVE|ts=20260119202931|dir=RIGHT
MOVE|ts=20260119202931|dir=RIGHT
MOVE|ts=20260119202931|dir=RIGHT
MOVE|ts=20260119202931|dir=RIGHT
MOVE|ts=20260119202931|dir=RIGHT
MOVE|ts=20260119202931|dir=RIGHT
MOVE|ts=20260119202931|dir=RIGHT
MOVE|ts=20260119202932|dir=RIGHT
MOVE|ts=20260119202932|dir=RIGHT
MOVE|ts=20260119202932|dir=RIGHT
MOVE|ts=20260119202932|dir=RIGHT
MOVE|ts=20260119202932|dir=RIGHT
MOVE|ts=20260119202932|dir=RIGHT
MOVE|ts=20260119202932|dir=RIGHT
MOVE|ts=20260119202932|dir=RIGHT
MOVE|ts=20260119202932|dir=RIGHT
MOVE|ts=20260119202932|dir=RIGHT
MOVE|ts=20260119202932|dir=RIGHT
MOVE|ts=20260119202932|dir=RIGHT
MOVE|ts=20260119202932|dir=RIGHT
MOVE|ts=20260119202932|dir=RIGHT
MOVE|ts=20260119202932|dir=RIGHT
MOVE|ts=20260119202932|dir=RIGHT
MOVE|ts=20260119202932|dir=RIGHT
MOVE|ts=20260119202933|dir=UP
MOVE|ts=20260119202933|dir=UP
MOVE|ts=20260119202934|dir=DOWN
MOVE|ts=20260119202934|dir=RIGHT
MOVE|ts=20260119202935|dir=RIGHT
MOVE|ts=20260119202936|dir=UP
MOVE|ts=20260119202936|dir=RIGHT
MOVE|ts=20260119202936|dir=UP
MOVE|ts=20260119202937|dir=RIGHT
MOVE|ts=20260119202937|dir=UP
MOVE|ts=20260119202938|dir=RIGHT
MOVE|ts=20260119202938|dir=UP
MOVE|ts=20260119202938|dir=RIGHT
MOVE|ts=20260119202939|dir=UP
MOVE|ts=20260119202939|dir=UP
MOVE|ts=20260119202939|dir=LEFT
MOVE|ts=20260119202941|dir=RIGHT
MOVE|ts=20260119202942|dir=RIGHT
MOVE|ts=20260119202942|dir=UP
MOVE|ts=20260119202943|dir=UP
MOVE|ts=20260119202943|dir=UP
MOVE|ts=20260119202944|dir=LEFT
MOVE|ts=20260119202945|dir=UP
MOVE|ts=20260119202945|dir=LEFT
MOVE|ts=20260119202946|dir=LEFT
MOVE|ts=20260119202946|dir=LEFT
MOVE|ts=20260119202947|dir=LEFT
MOVE|ts=20260119202947|dir=LEFT
MOVE|ts=20260119202948|dir=DOWN
MOVE|ts=20260119202948|dir=LEFT
MOVE|ts=20260119202949|dir=UP
MOVE|ts=20260119202949|dir=UP
MOVE|ts=20260119202950|dir=LEFT
MOVE|ts=20260119202950|dir=LEFT
MOVE|ts=20260119202951|dir=RIGHT
MOVE|ts=20260119202952|dir=LEFT
MOVE|ts=20260119202952|dir=LEFT
MOVE|ts=20260119202953|dir=DOWN
MOVE|ts=20260119202953|dir=LEFT
MOVE|ts=20260119202954|dir=DOWN
MOVE|ts=20260119202954|dir=LEFT
MOVE|ts=20260119202955|dir=LEFT
MOVE|ts=20260119202955|dir=LEFT
MOVE|ts=20260119202956|dir=DOWN
MOVE|ts=20260119202957|dir=DOWN
MOVE|ts=20260119202957|dir=DOWN
MOVE|ts=20260119202957|dir=LEFT
MOVE|ts=20260119202958|dir=LEFT
MOVE|ts=20260119202959|dir=DOWN
MOVE|ts=20260119202959|dir=DOWN
MOVE|ts=20260119203002|dir=RIGHT
MOVE|ts=20260119203002|dir=LEFT
MOVE|ts=20260119203007|dir=UP
MOVE|ts=20260119203008|dir=UP
MOVE|ts=20260119203009|dir=RIGHT
MOVE|ts=20260119203009|dir=RIGHT
MOVE|ts=20260119203009|dir=UP
MOVE|ts=20260119203010|dir=UP
MOVE|ts=20260119203014|dir=UP
MOVE|ts=20260119203014|dir=LEFT
MOVE|ts=20260119203015|dir=LEFT
MOVE|ts=20260119203015|dir=UP
MOVE|ts=20260119203015|dir=UP
MOVE|ts=20260119203015|dir=UP
MOVE|ts=20260119203015|dir=UP
MOVE|ts=20260119203015|dir=UP
MOVE|ts=20260119203015|dir=UP
MOVE|ts=20260119203015|dir=UP
MOVE|ts=20260119203016|dir=UP
MOVE|ts=20260119203016|dir=UP
MOVE|ts=20260119203016|dir=UP
MOVE|ts=20260119203016|dir=UP
MOVE|ts=20260119203016|dir=UP
MOVE|ts=20260119203016|dir=UP
MOVE|ts=20260119203016|dir=UP
MOVE|ts=20260119203016|dir=UP
MOVE|ts=20260119203016|dir=UP
MOVE|ts=20260119203016|dir=UP
MOVE|ts=20260119203016|dir=UP
MOVE|ts=20260119203016|dir=UP
MOVE|ts=20260119203016|dir=UP
MOVE|ts=20260119203016|dir=UP
MOVE|ts=20260119203016|dir=UP
MOVE|ts=20260119203016|dir=RIGHT
MOVE|ts=20260119203017|dir=RIGHT
MOVE|ts=20260119203017|dir=RIGHT
MOVE|ts=20260119203017|dir=RIGHT
MOVE|ts=20260119203017|dir=RIGHT
MOVE|ts=20260119203017|dir=RIGHT
MOVE|ts=20260119203017|dir=RIGHT
MOVE|ts=20260119203017|dir=RIGHT
MOVE|ts=20260119203017|dir=RIGHT
MOVE|ts=20260119203017|dir=RIGHT
MOVE|ts=20260119203017|dir=RIGHT
MOVE|ts=20260119203017|dir=RIGHT
MOVE|ts=20260119203017|dir=RIGHT
MOVE|ts=20260119203017|dir=RIGHT
MOVE|ts=20260119203017|dir=RIGHT
MOVE|ts=20260119203017|dir=RIGHT
MOVE|ts=20260119203017|dir=RIGHT
MOVE|ts=20260119203017|dir=RIGHT
MOVE|ts=20260119203017|dir=RIGHT
MOVE|ts=20260119203017|dir=RIGHT
MOVE|ts=20260119203017|dir=RIGHT
MOVE|ts=20260119203017|dir=RIGHT
MOVE|ts=20260119203017|dir=RIGHT
MOVE|ts=20260119203017|dir=RIGHT
MOVE|ts=20260119203017|dir=RIGHT
MOVE|ts=20260119203018|dir=UP
MOVE|ts=20260119203018|dir=RIGHT
MOVE|ts=20260119203018|dir=RIGHT
MOVE|ts=20260119203018|dir=RIGHT
MOVE|ts=20260119203018|dir=RIGHT
MOVE|ts=20260119203018|dir=RIGHT
MOVE|ts=20260119203018|dir=RIGHT
MOVE|ts=20260119203019|dir=RIGHT
MOVE|ts=20260119203019|dir=RIGHT
MOVE|ts=20260119203019|dir=RIGHT
MOVE|ts=20260119203019|dir=RIGHT
MOVE|ts=20260119203019|dir=RIGHT
MOVE|ts=20260119203019|dir=RIGHT
MOVE|ts=20260119203019|dir=RIGHT
MOVE|ts=20260119203019|dir=RIGHT
MOVE|ts=20260119203019|dir=RIGHT
MOVE|ts=20260119203020|dir=DOWN
MOVE|ts=20260119203020|dir=RIGHT
MOVE|ts=20260119203020|dir=DOWN
MOVE|ts=20260119203021|dir=RIGHT
MOVE|ts=20260119203021|dir=DOWN
MOVE|ts=20260119203021|dir=RIGHT
MOVE|ts=20260119203022|dir=UP
MOVE|ts=20260119203022|dir=RIGHT
MOVE|ts=20260119203024|dir=DOWN
MOVE|ts=20260119203025|dir=RIGHT
MOVE|ts=20260119203028|dir=RIGHT
MOVE|ts=20260119203028|dir=UP
MOVE|ts=20260119203029|dir=UP
MOVE|ts=20260119203029|dir=UP
MOVE|ts=20260119203029|dir=UP
MOVE|ts=20260119203029|dir=UP
MOVE|ts=20260119203029|dir=UP
MOVE|ts=20260119203029|dir=RIGHT
MOVE|ts=20260119203029|dir=UP
MOVE|ts=20260119203030|dir=UP
MOVE|ts=20260119203030|dir=UP
MOVE|ts=20260119203030|dir=UP
MOVE|ts=20260119203030|dir=UP
MOVE|ts=20260119203030|dir=UP
MOVE|ts=20260119203030|dir=UP
MOVE|ts=20260119203030|dir=UP
MOVE|ts=20260119203030|dir=UP
MOVE|ts=20260119203030|dir=UP
MOVE|ts=20260119203030|dir=UP
MOVE|ts=20260119203030|dir=UP
MOVE|ts=20260119203030|dir=UP
MOVE|ts=20260119203030|dir=UP
MOVE|ts=20260119203030|dir=UP
MOVE|ts=20260119203030|dir=UP
MOVE|ts=20260119203030|dir=UP
MOVE|ts=20260119203030|dir=UP
MOVE|ts=20260119203031|dir=UP
MOVE|ts=20260119203031|dir=UP
MOVE|ts=20260119203031|dir=UP
MOVE|ts=20260119203031|dir=UP
MOVE|ts=20260119203031|dir=UP
MOVE|ts=20260119203031|dir=UP
MOVE|ts=20260119203031|dir=UP
MOVE|ts=20260119203031|dir=UP
MOVE|ts=20260119203031|dir=UP
MOVE|ts=20260119203031|dir=UP
MOVE|ts=20260119203031|dir=UP
MOVE|ts=20260119203031|dir=UP
MOVE|ts=20260119203031|dir=UP
MOVE|ts=20260119203031|dir=UP
MOVE|ts=20260119203031|dir=UP
MOVE|ts=20260119203031|dir=UP
MOVE|ts=20260119203031|dir=UP
MOVE|ts=20260119203031|dir=UP
MOVE|ts=20260119203031|dir=UP
MOVE|ts=20260119203031|dir=UP
MOVE|ts=20260119203031|dir=UP
MOVE|ts=20260119203031|dir=UP
MOVE|ts=20260119203031|dir=UP
MOVE|ts=20260119203031|dir=UP
MOVE|ts=20260119203031|dir=UP
MOVE|ts=20260119203031|dir=UP
MOVE|ts=20260119203031|dir=UP
MOVE|ts=20260119203031|dir=UP
MOVE|ts=20260119203031|dir=UP
MOVE|ts=20260119203031|dir=UP
MOVE|ts=20260119203032|dir=UP
MOVE|ts=20260119203032|dir=UP
MOVE|ts=20260119203032|dir=UP
MOVE|ts=20260119203032|dir=UP
MOVE|ts=20260119203032|dir=UP
MOVE|ts=20260119203032|dir=UP
MOVE|ts=20260119203032|dir=UP
MOVE|ts=20260119203032|dir=UP
MOVE|ts=20260119203032|dir=UP
MOVE|ts=20260119203032|dir=UP
MOVE|ts=20260119203032|dir=UP
MOVE|ts=20260119203032|dir=UP
MOVE|ts=20260119203032|dir=UP
MOVE|ts=20260119203032|dir=UP
MOVE|ts=20260119203032|dir=UP
MOVE|ts=20260119203032|dir=UP
MOVE|ts=20260119203032|dir=UP
MOVE|ts=20260119203032|dir=UP
MOVE|ts=20260119203032|dir=UP
MOVE|ts=20260119203032|dir=UP
MOVE|ts=20260119203032|dir=UP
MOVE|ts=20260119203032|dir=UP
MOVE|ts=20260119203032|dir=UP
MOVE|ts=20260119203032|dir=UP
MOVE|ts=20260119203032|dir=UP
MOVE|ts=20260119203032|dir=UP
MOVE|ts=20260119203032|dir=UP
MOVE|ts=20260119203032|dir=UP
MOVE|ts=20260119203032|dir=UP
MOVE|ts=20260119203032|dir=UP
MOVE|ts=20260119203032|dir=UP
MOVE|ts=20260119203033|dir=UP
MOVE|ts=20260119203033|dir=RIGHT
MOVE|ts=20260119203033|dir=RIGHT
MOVE|ts=20260119203033|dir=RIGHT
MOVE|ts=20260119203033|dir=RIGHT
MOVE|ts=20260119203033|dir=RIGHT
MOVE|ts=20260119203033|dir=RIGHT
MOVE|ts=20260119203033|dir=RIGHT
MOVE|ts=20260119203033|dir=RIGHT
MOVE|ts=20260119203033|dir=RIGHT
MOVE|ts=20260119203033|dir=RIGHT
MOVE|ts=20260119203033|dir=RIGHT
MOVE|ts=20260119203033|dir=RIGHT
MOVE|ts=20260119203033|dir=RIGHT
MOVE|ts=20260119203033|dir=RIGHT
MOVE|ts=20260119203033|dir=RIGHT
MOVE|ts=20260119203034|dir=RIGHT
MOVE|ts=20260119203034|dir=RIGHT
MOVE|ts=20260119203034|dir=RIGHT
MOVE|ts=20260119203034|dir=RIGHT
MOVE|ts=20260119203034|dir=RIGHT
MOVE|ts=20260119203034|dir=RIGHT
MOVE|ts=20260119203034|dir=RIGHT
MOVE|ts=20260119203034|dir=RIGHT
MOVE|ts=20260119203034|dir=RIGHT
MOVE|ts=20260119203034|dir=RIGHT
MOVE|ts=20260119203034|dir=RIGHT
MOVE|ts=20260119203034|dir=RIGHT
MOVE|ts=20260119203034|dir=RIGHT
MOVE|ts=20260119203034|dir=RIGHT
MOVE|ts=20260119203034|dir=RIGHT
MOVE|ts=20260119203034|dir=RIGHT
MOVE|ts=20260119203034|dir=RIGHT
MOVE|ts=20260119203034|dir=RIGHT
MOVE|ts=20260119203034|dir=RIGHT
MOVE|ts=20260119203034|dir=RIGHT
MOVE|ts=20260119203034|dir=RIGHT
MOVE|ts=20260119203034|dir=UP
MOVE|ts=20260119203035|dir=RIGHT
MOVE|ts=20260119203035|dir=RIGHT
MOVE|ts=20260119203035|dir=RIGHT
MOVE|ts=20260119203035|dir=RIGHT
MOVE|ts=20260119203035|dir=RIGHT
MOVE|ts=20260119203035|dir=RIGHT
MOVE|ts=20260119203035|dir=RIGHT
MOVE|ts=20260119203035|dir=RIGHT
MOVE|ts=20260119203035|dir=RIGHT
MOVE|ts=20260119203035|dir=RIGHT
MOVE|ts=20260119203035|dir=RIGHT
MOVE|ts=20260119203035|dir=RIGHT
MOVE|ts=20260119203036|dir=RIGHT
MOVE|ts=20260119203036|dir=RIGHT
MOVE|ts=20260119203036|dir=RIGHT
MOVE|ts=20260119203036|dir=RIGHT
MOVE|ts=20260119203036|dir=RIGHT
MOVE|ts=20260119203036|dir=RIGHT
MOVE|ts=20260119203036|dir=RIGHT
MOVE|ts=20260119203036|dir=RIGHT
MOVE|ts=20260119203036|dir=RIGHT
MOVE|ts=20260119203036|dir=RIGHT
MOVE|ts=20260119203036|dir=RIGHT
MOVE|ts=20260119203036|dir=RIGHT
MOVE|ts=20260119203036|dir=RIGHT
MOVE|ts=20260119203036|dir=DOWN
MOVE|ts=20260119203036|dir=RIGHT
MOVE|ts=20260119203037|dir=UP
MOVE|ts=20260119203037|dir=UP
MOVE|ts=20260119203037|dir=UP
MOVE|ts=20260119203037|dir=UP
MOVE|ts=20260119203037|dir=UP
MOVE|ts=20260119203037|dir=UP
MOVE|ts=20260119203038|dir=UP
MOVE|ts=20260119203038|dir=UP
MOVE|ts=20260119203038|dir=UP
MOVE|ts=20260119203038|dir=UP
MOVE|ts=20260119203038|dir=UP
MOVE|ts=20260119203038|dir=RIGHT
MOVE|ts=20260119203038|dir=RIGHT
MOVE|ts=20260119203038|dir=RIGHT
MOVE|ts=20260119203038|dir=RIGHT
MOVE|ts=20260119203038|dir=RIGHT
MOVE|ts=20260119203038|dir=RIGHT
MOVE|ts=20260119203038|dir=RIGHT
MOVE|ts=20260119203038|dir=RIGHT
MOVE|ts=20260119203038|dir=RIGHT
MOVE|ts=20260119203038|dir=RIGHT
MOVE|ts=20260119203038|dir=RIGHT
MOVE|ts=20260119203039|dir=RIGHT
MOVE|ts=20260119203039|dir=RIGHT
MOVE|ts=20260119203039|dir=RIGHT
MOVE|ts=20260119203039|dir=RIGHT
MOVE|ts=20260119203039|dir=RIGHT
MOVE|ts=20260119203039|dir=RIGHT
MOVE|ts=20260119203039|dir=UP
MOVE|ts=20260119203040|dir=UP
MOVE|ts=20260119203040|dir=UP
MOVE|ts=20260119203040|dir=UP
MOVE|ts=20260119203040|dir=UP
MOVE|ts=20260119203040|dir=UP
MOVE|ts=20260119203040|dir=UP
MOVE|ts=20260119203040|dir=UP
MOVE|ts=20260119203040|dir=UP
MOVE|ts=20260119203040|dir=UP
MOVE|ts=20260119203040|dir=RIGHT
MOVE|ts=20260119203040|dir=UP
MOVE|ts=20260119203041|dir=UP
MOVE|ts=20260119203041|dir=UP
MOVE|ts=20260119203041|dir=UP
MOVE|ts=20260119203041|dir=UP
MOVE|ts=20260119203041|dir=UP
MOVE|ts=20260119203041|dir=LEFT
MOVE|ts=20260119203042|dir=UP
MOVE|ts=20260119203043|dir=UP
MOVE|ts=20260119203043|dir=UP
MOVE|ts=20260119203043|dir=UP
MOVE|ts=20260119203043|dir=UP
MOVE|ts=20260119203043|dir=UP
MOVE|ts=20260119203043|dir=UP
MOVE|ts=20260119203043|dir=UP
MOVE|ts=20260119203043|dir=UP
MOVE|ts=20260119203043|dir=UP
MOVE|ts=20260119203043|dir=UP
MOVE|ts=20260119203043|dir=UP
MOVE|ts=20260119203043|dir=UP
MOVE|ts=20260119203043|dir=UP
MOVE|ts=20260119203043|dir=UP
MOVE|ts=20260119203043|dir=UP
MOVE|ts=20260119203043|dir=RIGHT
MOVE|ts=20260119203044|dir=RIGHT
MOVE|ts=20260119203044|dir=RIGHT
MOVE|ts=20260119203044|dir=RIGHT
MOVE|ts=20260119203044|dir=UP
MOVE|ts=20260119203044|dir=UP
MOVE|ts=20260119203044|dir=UP
MOVE|ts=20260119203044|dir=UP
MOVE|ts=20260119203044|dir=UP
MOVE|ts=20260119203044|dir=UP
MOVE|ts=20260119203045|dir=UP
MOVE|ts=20260119203045|dir=UP
MOVE|ts=20260119203045|dir=UP
MOVE|ts=20260119203045|dir=UP
MOVE|ts=20260119203045|dir=UP
MOVE|ts=20260119203045|dir=UP
MOVE|ts=20260119203045|dir=UP
MOVE|ts=20260119203045|dir=UP
MOVE|ts=20260119203045|dir=UP
MOVE|ts=20260119203045|dir=UP
MOVE|ts=20260119203045|dir=UP
MOVE|ts=20260119203045|dir=UP
MOVE|ts=20260119203045|dir=UP
MOVE|ts=20260119203045|dir=UP
MOVE|ts=20260119203045|dir=UP
MOVE|ts=20260119203045|dir=UP
MOVE|ts=20260119203045|dir=UP
MOVE|ts=20260119203045|dir=UP
MOVE|ts=20260119203045|dir=UP
MOVE|ts=20260119203045|dir=UP
MOVE|ts=20260119203045|dir=UP
MOVE|ts=20260119203045|dir=UP
MOVE|ts=20260119203045|dir=UP
MOVE|ts=20260119203045|dir=UP
MOVE|ts=20260119203045|dir=UP
MOVE|ts=20260119203045|dir=UP
MOVE|ts=20260119203045|dir=UP
MOVE|ts=20260119203045|dir=UP
MOVE|ts=20260119203045|dir=UP
MOVE|ts=20260119203045|dir=UP
MOVE|ts=20260119203045|dir=UP
MOVE|ts=20260119203046|dir=UP
MOVE|ts=20260119203046|dir=UP
MOVE|ts=20260119203046|dir=UP
MOVE|ts=20260119203046|dir=UP
MOVE|ts=20260119203046|dir=LEFT
MOVE|ts=20260119203047|dir=UP
MOVE|ts=20260119203047|dir=LEFT
MOVE|ts=20260119203048|dir=UP
MOVE|ts=20260119203048|dir=DOWN
MOVE|ts=20260119203049|dir=UP
MOVE|ts=20260119203050|dir=UP
MOVE|ts=20260119203050|dir=LEFT
MOVE|ts=20260119203050|dir=UP
MOVE|ts=20260119203051|dir=UP
MOVE|ts=20260119203051|dir=UP
MOVE|ts=20260119203051|dir=UP
MOVE|ts=20260119203051|dir=UP
MOVE|ts=20260119203051|dir=UP
MOVE|ts=20260119203051|dir=UP
MOVE|ts=20260119203051|dir=UP
MOVE|ts=20260119203051|dir=UP
MOVE|ts=20260119203051|dir=UP
MOVE|ts=20260119203051|dir=UP
MOVE|ts=20260119203051|dir=UP
MOVE|ts=20260119203051|dir=UP
MOVE|ts=20260119203051|dir=UP
MOVE|ts=20260119203051|dir=UP
MOVE|ts=20260119203051|dir=UP
MOVE|ts=20260119203051|dir=UP
MOVE|ts=20260119203051|dir=UP
MOVE|ts=20260119203051|dir=UP
MOVE|ts=20260119203051|dir=UP
MOVE|ts=20260119203051|dir=UP
MOVE|ts=20260119203051|dir=UP
MOVE|ts=20260119203051|dir=UP
MOVE|ts=20260119203051|dir=UP
MOVE|ts=20260119203051|dir=UP
MOVE|ts=20260119203052|dir=UP
MOVE|ts=20260119203052|dir=LEFT
MOVE|ts=20260119203052|dir=LEFT
MOVE|ts=20260119203052|dir=LEFT
MOVE|ts=20260119203052|dir=LEFT
MOVE|ts=20260119203052|dir=LEFT
MOVE|ts=20260119203052|dir=LEFT
MOVE|ts=20260119203052|dir=LEFT
MOVE|ts=20260119203052|dir=LEFT
MOVE|ts=20260119203052|dir=LEFT
MOVE|ts=20260119203052|dir=LEFT
MOVE|ts=20260119203052|dir=LEFT
MOVE|ts=20260119203052|dir=LEFT
MOVE|ts=20260119203052|dir=LEFT
MOVE|ts=20260119203052|dir=LEFT
MOVE|ts=20260119203053|dir=LEFT
MOVE|ts=20260119203053|dir=LEFT
MOVE|ts=20260119203053|dir=LEFT
MOVE|ts=20260119203053|dir=LEFT
MOVE|ts=20260119203053|dir=LEFT
MOVE|ts=20260119203053|dir=LEFT
MOVE|ts=20260119203053|dir=LEFT
MOVE|ts=20260119203053|dir=LEFT
MOVE|ts=20260119203053|dir=LEFT
MOVE|ts=20260119203053|dir=LEFT
MOVE|ts=20260119203053|dir=LEFT
MOVE|ts=20260119203053|dir=LEFT
MOVE|ts=20260119203053|dir=LEFT
MOVE|ts=20260119203053|dir=LEFT
MOVE|ts=20260119203053|dir=DOWN
MOVE|ts=20260119203054|dir=RIGHT
MOVE|ts=20260119203055|dir=DOWN
MOVE|ts=20260119203055|dir=RIGHT
MOVE|ts=20260119203056|dir=RIGHT
MOVE|ts=20260119203056|dir=DOWN
MOVE|ts=20260119203057|dir=DOWN
MOVE|ts=20260119203057|dir=RIGHT
MOVE|ts=20260119203057|dir=DOWN
MOVE|ts=20260119203057|dir=DOWN
MOVE|ts=20260119203059|dir=RIGHT
MOVE|ts=20260119203100|dir=RIGHT
MOVE|ts=20260119203100|dir=DOWN
MOVE|ts=20260119203101|dir=RIGHT
MOVE|ts=20260119203101|dir=DOWN
MOVE|ts=20260119203103|dir=LEFT
MOVE|ts=20260119203103|dir=LEFT
MOVE|ts=20260119203106|dir=RIGHT
MOVE|ts=20260119203110|dir=DOWN
MOVE|ts=20260119203111|dir=LEFT
MOVE|ts=20260119203113|dir=LEFT
MOVE|ts=20260119203114|dir=UP
MOVE|ts=20260119203114|dir=RIGHT
MOVE|ts=20260119203116|dir=LEFT
MOVE|ts=20260119203116|dir=UP
MOVE|ts=20260119203117|dir=RIGHT
MOVE|ts=20260119203119|dir=DOWN
MOVE|ts=20260119203119|dir=UP
MOVE|ts=20260119203120|dir=UP
MOVE|ts=20260119203120|dir=UP
MOVE|ts=20260119203126|dir=DOWN
MOVE|ts=20260119203126|dir=DOWN
MOVE|ts=20260119203126|dir=DOWN
MOVE|ts=20260119203126|dir=DOWN
MOVE|ts=20260119203126|dir=DOWN
MOVE|ts=20260119203126|dir=DOWN
MOVE|ts=20260119203126|dir=DOWN
MOVE|ts=20260119203126|dir=DOWN
MOVE|ts=20260119203127|dir=DOWN
MOVE|ts=20260119203127|dir=DOWN
MOVE|ts=20260119203127|dir=DOWN
MOVE|ts=20260119203127|dir=DOWN
MOVE|ts=20260119203127|dir=RIGHT
MOVE|ts=20260119203127|dir=RIGHT
MOVE|ts=20260119203127|dir=RIGHT
MOVE|ts=20260119203127|dir=RIGHT
MOVE|ts=20260119203127|dir=RIGHT
MOVE|ts=20260119203127|dir=RIGHT
MOVE|ts=20260119203127|dir=RIGHT
MOVE|ts=20260119203127|dir=RIGHT
MOVE|ts=20260119203127|dir=RIGHT
MOVE|ts=20260119203127|dir=RIGHT
MOVE|ts=20260119203127|dir=RIGHT
MOVE|ts=20260119203127|dir=RIGHT
MOVE|ts=20260119203127|dir=RIGHT
MOVE|ts=20260119203128|dir=RIGHT
MOVE|ts=20260119203128|dir=DOWN
MOVE|ts=20260119203128|dir=RIGHT
MOVE|ts=20260119203130|dir=DOWN
MOVE|ts=20260119203131|dir=RIGHT
MOVE|ts=20260119203131|dir=UP
MOVE|ts=20260119203131|dir=RIGHT
MOVE|ts=20260119203133|dir=UP
MOVE|ts=20260119203133|dir=RIGHT
MOVE|ts=20260119203134|dir=UP
MOVE|ts=20260119203134|dir=RIGHT
MOVE|ts=20260119203135|dir=RIGHT
MOVE|ts=20260119203135|dir=RIGHT
MOVE|ts=20260119203135|dir=RIGHT
MOVE|ts=20260119203135|dir=RIGHT
MOVE|ts=20260119203135|dir=RIGHT
MOVE|ts=20260119203135|dir=RIGHT
MOVE|ts=20260119203135|dir=RIGHT
MOVE|ts=20260119203135|dir=RIGHT
MOVE|ts=20260119203135|dir=LEFT
MOVE|ts=20260119203136|dir=UP
MOVE|ts=20260119203136|dir=LEFT
MOVE|ts=20260119203137|dir=LEFT
MOVE|ts=20260119203137|dir=LEFT
MOVE|ts=20260119203137|dir=LEFT
MOVE|ts=20260119203137|dir=LEFT
MOVE|ts=20260119203137|dir=LEFT
MOVE|ts=20260119203137|dir=LEFT
MOVE|ts=20260119203137|dir=LEFT
MOVE|ts=20260119203137|dir=LEFT
MOVE|ts=20260119203137|dir=DOWN
MOVE|ts=20260119203138|dir=DOWN
MOVE|ts=20260119203138|dir=DOWN
MOVE|ts=20260119203138|dir=DOWN
MOVE|ts=20260119203138|dir=DOWN
MOVE|ts=20260119203138|dir=DOWN
MOVE|ts=20260119203138|dir=DOWN
MOVE|ts=20260119203138|dir=DOWN
MOVE|ts=20260119203138|dir=DOWN
MOVE|ts=20260119203138|dir=DOWN
MOVE|ts=20260119203138|dir=DOWN
MOVE|ts=20260119203138|dir=DOWN
MOVE|ts=20260119203138|dir=DOWN
MOVE|ts=20260119203138|dir=DOWN
MOVE|ts=20260119203138|dir=DOWN
MOVE|ts=20260119203138|dir=DOWN
MOVE|ts=20260119203138|dir=DOWN
MOVE|ts=20260119203138|dir=DOWN
MOVE|ts=20260119203138|dir=DOWN
MOVE|ts=20260119203138|dir=DOWN
MOVE|ts=20260119203138|dir=DOWN
MOVE|ts=20260119203138|dir=RIGHT
MOVE|ts=20260119203139|dir=DOWN
MOVE|ts=20260119203139|dir=DOWN
MOVE|ts=20260119203139|dir=DOWN
MOVE|ts=20260119203139|dir=DOWN
MOVE|ts=20260119203139|dir=DOWN
MOVE|ts=20260119203139|dir=DOWN
MOVE|ts=20260119203139|dir=DOWN
MOVE|ts=20260119203139|dir=DOWN
MOVE|ts=20260119203139|dir=DOWN
MOVE|ts=20260119203139|dir=DOWN
MOVE|ts=20260119203139|dir=DOWN
MOVE|ts=20260119203139|dir=DOWN
MOVE|ts=20260119203140|dir=DOWN
MOVE|ts=20260119203140|dir=DOWN
MOVE|ts=20260119203140|dir=DOWN
MOVE|ts=20260119203140|dir=DOWN
MOVE|ts=20260119203140|dir=DOWN
MOVE|ts=20260119203140|dir=DOWN
MOVE|ts=20260119203140|dir=DOWN
MOVE|ts=20260119203140|dir=DOWN
MOVE|ts=20260119203140|dir=DOWN
MOVE|ts=20260119203140|dir=DOWN
MOVE|ts=20260119203140|dir=DOWN
MOVE|ts=20260119203140|dir=DOWN
MOVE|ts=20260119203140|dir=DOWN
MOVE|ts=20260119203140|dir=DOWN
MOVE|ts=20260119203140|dir=RIGHT
MOVE|ts=20260119203141|dir=DOWN
MOVE|ts=20260119203141|dir=RIGHT
MOVE|ts=20260119203142|dir=DOWN
MOVE|ts=20260119203143|dir=DOWN
MOVE|ts=20260119203144|dir=DOWN
MOVE|ts=20260119203144|dir=LEFT
MOVE|ts=20260119203144|dir=DOWN
MOVE|ts=20260119203145|dir=LEFT
MOVE|ts=20260119203145|dir=LEFT
MOVE|ts=20260119203146|dir=DOWN
MOVE|ts=20260119203146|dir=DOWN
MOVE|ts=20260119203147|dir=DOWN
MOVE|ts=20260119203148|dir=RIGHT
MOVE|ts=20260119203148|dir=DOWN
MOVE|ts=20260119203148|dir=RIGHT
MOVE|ts=20260119203149|dir=DOWN
MOVE|ts=20260119203149|dir=RIGHT
MOVE|ts=20260119203149|dir=DOWN
MOVE|ts=20260119203150|dir=RIGHT
MOVE|ts=20260119203151|dir=RIGHT
MOVE|ts=20260119203151|dir=RIGHT
MOVE|ts=20260119203151|dir=UP
MOVE|ts=20260119203152|dir=UP
MOVE|ts=20260119203152|dir=UP
MOVE|ts=20260119203152|dir=UP
MOVE|ts=20260119203152|dir=UP
MOVE|ts=20260119203152|dir=UP
MOVE|ts=20260119203152|dir=UP
MOVE|ts=20260119203152|dir=UP
MOVE|ts=20260119203152|dir=UP
MOVE|ts=20260119203152|dir=UP
MOVE|ts=20260119203152|dir=UP
MOVE|ts=20260119203153|dir=LEFT
MOVE|ts=20260119203153|dir=UP
MOVE|ts=20260119203153|dir=UP
MOVE|ts=20260119203154|dir=UP
MOVE|ts=20260119203154|dir=LEFT
MOVE|ts=20260119203155|dir=UP
MOVE|ts=20260119203155|dir=RIGHT
MOVE|ts=20260119203156|dir=UP
MOVE|ts=20260119203156|dir=RIGHT
MOVE|ts=20260119203157|dir=UP
MOVE|ts=20260119203157|dir=LEFT
MOVE|ts=20260119203157|dir=UP
MOVE|ts=20260119203158|dir=UP
MOVE|ts=20260119203158|dir=UP
MOVE|ts=20260119203158|dir=UP
MOVE|ts=20260119203158|dir=UP
MOVE|ts=20260119203158|dir=UP
MOVE|ts=20260119203158|dir=UP
MOVE|ts=20260119203158|dir=UP
MOVE|ts=20260119203158|dir=UP
MOVE|ts=20260119203158|dir=UP
MOVE|ts=20260119203158|dir=UP
MOVE|ts=20260119203158|dir=UP
MOVE|ts=20260119203158|dir=UP
MOVE|ts=20260119203159|dir=RIGHT
MOVE|ts=20260119203159|dir=RIGHT
MOVE|ts=20260119203200|dir=RIGHT
MOVE|ts=20260119203201|dir=RIGHT
MOVE|ts=20260119203201|dir=RIGHT
MOVE|ts=20260119203201|dir=DOWN
MOVE|ts=20260119203202|dir=RIGHT
MOVE|ts=20260119203202|dir=DOWN
MOVE|ts=20260119203202|dir=RIGHT
MOVE|ts=20260119203203|dir=DOWN
MOVE|ts=20260119203203|dir=RIGHT
MOVE|ts=20260119203205|dir=RIGHT
MOVE|ts=20260119203205|dir=DOWN
MOVE|ts=20260119203205|dir=DOWN
MOVE|ts=20260119203206|dir=RIGHT
MOVE|ts=20260119203206|dir=RIGHT
MOVE|ts=20260119203207|dir=RIGHT
MOVE|ts=20260119203207|dir=DOWN
MOVE|ts=20260119203208|dir=RIGHT
MOVE|ts=20260119203208|dir=DOWN
MOVE|ts=20260119203209|dir=RIGHT
MOVE|ts=20260119203210|dir=LEFT
MOVE|ts=20260119203210|dir=DOWN
MOVE|ts=20260119203211|dir=LEFT
MOVE|ts=20260119203212|dir=DOWN
MOVE|ts=20260119203212|dir=LEFT
MOVE|ts=20260119203215|dir=DOWN
MOVE|ts=20260119203215|dir=RIGHT
MOVE|ts=20260119203224|dir=UP
MOVE|ts=20260119203225|dir=UP
MOVE|ts=20260119203226|dir=UP
MOVE|ts=20260119203226|dir=UP
MOVE|ts=20260119203226|dir=UP
MOVE|ts=20260119203226|dir=UP
MOVE|ts=20260119203226|dir=UP
MOVE|ts=20260119203226|dir=UP
MOVE|ts=20260119203226|dir=UP
MOVE|ts=20260119203226|dir=UP
MOVE|ts=20260119203226|dir=UP
MOVE|ts=20260119203226|dir=UP
MOVE|ts=20260119203226|dir=UP
MOVE|ts=20260119203226|dir=UP
MOVE|ts=20260119203226|dir=UP
MOVE|ts=20260119203226|dir=UP
MOVE|ts=20260119203226|dir=UP
MOVE|ts=20260119203226|dir=UP
MOVE|ts=20260119203226|dir=UP
MOVE|ts=20260119203226|dir=UP
MOVE|ts=20260119203226|dir=LEFT
MOVE|ts=20260119203228|dir=UP
MOVE|ts=20260119203228|dir=RIGHT
MOVE|ts=20260119203228|dir=DOWN
MOVE|ts=20260119203229|dir=RIGHT
MOVE|ts=20260119203230|dir=UP
MOVE|ts=20260119203231|dir=UP
MOVE|ts=20260119203231|dir=UP
MOVE|ts=20260119203231|dir=UP
MOVE|ts=20260119203231|dir=UP
MOVE|ts=20260119203231|dir=UP
MOVE|ts=20260119203231|dir=UP
MOVE|ts=20260119203231|dir=UP
MOVE|ts=20260119203231|dir=UP
MOVE|ts=20260119203231|dir=UP
MOVE|ts=20260119203231|dir=UP
MOVE|ts=20260119203231|dir=UP
MOVE|ts=20260119203231|dir=UP
MOVE|ts=20260119203231|dir=UP
MOVE|ts=20260119203231|dir=UP
MOVE|ts=20260119203231|dir=UP
MOVE|ts=20260119203231|dir=UP
MOVE|ts=20260119203231|dir=UP
MOVE|ts=20260119203231|dir=UP
MOVE|ts=20260119203231|dir=UP
MOVE|ts=20260119203231|dir=UP
MOVE|ts=20260119203231|dir=UP
MOVE|ts=20260119203231|dir=UP
MOVE|ts=20260119203231|dir=UP
MOVE|ts=20260119203231|dir=UP
MOVE|ts=20260119203231|dir=UP
MOVE|ts=20260119203231|dir=UP
MOVE|ts=20260119203231|dir=UP
MOVE|ts=20260119203231|dir=UP
MOVE|ts=20260119203231|dir=UP
MOVE|ts=20260119203231|dir=UP
MOVE|ts=20260119203231|dir=UP
MOVE|ts=20260119203232|dir=UP
MOVE|ts=20260119203232|dir=UP
MOVE|ts=20260119203232|dir=UP
MOVE|ts=20260119203232|dir=UP
MOVE|ts=20260119203232|dir=UP
MOVE|ts=20260119203232|dir=UP
MOVE|ts=20260119203232|dir=UP
MOVE|ts=20260119203232|dir=UP
MOVE|ts=20260119203232|dir=UP
MOVE|ts=20260119203232|dir=UP
MOVE|ts=20260119203232|dir=UP
MOVE|ts=20260119203232|dir=UP
MOVE|ts=20260119203232|dir=UP
MOVE|ts=20260119203232|dir=RIGHT
MOVE|ts=20260119203232|dir=UP
MOVE|ts=20260119203233|dir=UP
MOVE|ts=20260119203233|dir=UP
MOVE|ts=20260119203233|dir=UP
MOVE|ts=20260119203233|dir=UP
MOVE|ts=20260119203233|dir=UP
MOVE|ts=20260119203233|dir=UP
MOVE|ts=20260119203233|dir=UP
MOVE|ts=20260119203233|dir=UP
MOVE|ts=20260119203233|dir=UP
MOVE|ts=20260119203233|dir=UP
MOVE|ts=20260119203233|dir=UP
MOVE|ts=20260119203233|dir=UP
MOVE|ts=20260119203233|dir=UP
MOVE|ts=20260119203233|dir=UP
MOVE|ts=20260119203233|dir=UP
MOVE|ts=20260119203233|dir=UP
MOVE|ts=20260119203233|dir=UP
MOVE|ts=20260119203233|dir=UP
MOVE|ts=20260119203233|dir=UP
MOVE|ts=20260119203233|dir=UP
MOVE|ts=20260119203235|dir=RIGHT
MOVE|ts=20260119203237|dir=UP
MOVE|ts=20260119203237|dir=UP
MOVE|ts=20260119203238|dir=RIGHT
MOVE|ts=20260119203239|dir=LEFT
MOVE|ts=20260119203239|dir=DOWN
MOVE|ts=20260119203239|dir=DOWN
MOVE|ts=20260119203239|dir=DOWN
MOVE|ts=20260119203239|dir=DOWN
MOVE|ts=20260119203239|dir=DOWN
MOVE|ts=20260119203239|dir=DOWN
MOVE|ts=20260119203239|dir=DOWN
MOVE|ts=20260119203240|dir=DOWN
MOVE|ts=20260119203240|dir=LEFT
MOVE|ts=20260119203240|dir=DOWN
MOVE|ts=20260119203240|dir=DOWN
MOVE|ts=20260119203240|dir=RIGHT
MOVE|ts=20260119203241|dir=DOWN
MOVE|ts=20260119203241|dir=RIGHT
MOVE|ts=20260119203242|dir=RIGHT
MOVE|ts=20260119203242|dir=RIGHT
MOVE|ts=20260119203245|dir=UP
MOVE|ts=20260119203246|dir=UP
MOVE|ts=20260119203246|dir=UP
MOVE|ts=20260119203246|dir=UP
MOVE|ts=20260119203246|dir=UP
MOVE|ts=20260119203246|dir=UP
MOVE|ts=20260119203246|dir=UP
MOVE|ts=20260119203246|dir=UP
MOVE|ts=20260119203246|dir=UP
MOVE|ts=20260119203246|dir=UP
MOVE|ts=20260119203246|dir=UP
MOVE|ts=20260119203246|dir=UP
MOVE|ts=20260119203246|dir=UP
MOVE|ts=20260119203246|dir=UP
MOVE|ts=20260119203246|dir=UP
MOVE|ts=20260119203246|dir=UP
MOVE|ts=20260119203246|dir=UP
MOVE|ts=20260119203246|dir=UP
MOVE|ts=20260119203246|dir=UP
MOVE|ts=20260119203246|dir=UP
MOVE|ts=20260119203246|dir=UP
MOVE|ts=20260119203246|dir=UP
MOVE|ts=20260119203246|dir=UP
MOVE|ts=20260119203246|dir=UP
MOVE|ts=20260119203246|dir=UP
MOVE|ts=20260119203246|dir=UP
MOVE|ts=20260119203246|dir=UP
MOVE|ts=20260119203246|dir=UP
MOVE|ts=20260119203246|dir=UP
MOVE|ts=20260119203246|dir=UP
MOVE|ts=20260119203247|dir=LEFT
MOVE|ts=20260119203247|dir=LEFT
MOVE|ts=20260119203247|dir=UP
MOVE|ts=20260119203248|dir=LEFT
MOVE|ts=20260119203250|dir=RIGHT
MOVE|ts=20260119203250|dir=DOWN
MOVE|ts=20260119203252|dir=LEFT
MOVE|ts=20260119203257|dir=RIGHT
MOVE|ts=20260119203258|dir=RIGHT
MOVE|ts=20260119203304|dir=RIGHT
MOVE|ts=20260119203306|dir=DOWN
MOVE|ts=20260119203306|dir=LEFT
MOVE|ts=20260119203309|dir=LEFT
MOVE|ts=20260119203310|dir=DOWN
MOVE|ts=20260119203310|dir=LEFT
MOVE|ts=20260119203311|dir=DOWN
MOVE|ts=20260119203311|dir=LEFT
MOVE|ts=20260119203312|dir=UP
MOVE|ts=20260119203314|dir=DOWN
MOVE|ts=20260119203314|dir=RIGHT
MOVE|ts=20260119203315|dir=DOWN
MOVE|ts=20260119203315|dir=RIGHT
MOVE|ts=20260119203316|dir=LEFT
MOVE|ts=20260119203317|dir=UP
MOVE|ts=20260119203317|dir=UP
MOVE|ts=20260119203317|dir=UP
MOVE|ts=20260119203317|dir=UP
MOVE|ts=20260119203317|dir=UP
MOVE|ts=20260119203317|dir=UP
MOVE|ts=20260119203317|dir=UP
MOVE|ts=20260119203318|dir=UP
MOVE|ts=20260119203318|dir=UP
MOVE|ts=20260119203318|dir=UP
MOVE|ts=20260119203318|dir=UP
MOVE|ts=20260119203318|dir=UP
MOVE|ts=20260119203318|dir=LEFT
MOVE|ts=20260119203318|dir=UP
MOVE|ts=20260119203319|dir=UP
MOVE|ts=20260119203319|dir=UP
MOVE|ts=20260119203319|dir=UP
MOVE|ts=20260119203319|dir=UP
MOVE|ts=20260119203319|dir=UP
MOVE|ts=20260119203319|dir=UP
MOVE|ts=20260119203319|dir=UP
MOVE|ts=20260119203319|dir=UP
MOVE|ts=20260119203319|dir=UP
MOVE|ts=20260119203319|dir=UP
MOVE|ts=20260119203319|dir=UP
MOVE|ts=20260119203319|dir=UP
MOVE|ts=20260119203319|dir=UP
MOVE|ts=20260119203319|dir=UP
MOVE|ts=20260119203319|dir=UP
MOVE|ts=20260119203319|dir=UP
MOVE|ts=20260119203319|dir=UP
MOVE|ts=20260119203319|dir=UP
MOVE|ts=20260119203319|dir=UP
MOVE|ts=20260119203319|dir=UP
MOVE|ts=20260119203319|dir=UP
MOVE|ts=20260119203319|dir=UP
MOVE|ts=20260119203319|dir=UP
MOVE|ts=20260119203319|dir=UP
MOVE|ts=20260119203319|dir=UP
MOVE|ts=20260119203319|dir=UP
MOVE|ts=20260119203320|dir=UP
MOVE|ts=20260119203320|dir=UP
MOVE|ts=20260119203320|dir=UP
MOVE|ts=20260119203320|dir=UP
MOVE|ts=20260119203320|dir=UP
MOVE|ts=20260119203320|dir=UP
MOVE|ts=20260119203320|dir=UP
MOVE|ts=20260119203320|dir=UP
MOVE|ts=20260119203320|dir=UP
MOVE|ts=20260119203320|dir=UP
MOVE|ts=20260119203320|dir=UP
MOVE|ts=20260119203320|dir=UP
MOVE|ts=20260119203320|dir=UP
MOVE|ts=20260119203320|dir=UP
MOVE|ts=20260119203320|dir=LEFT
MOVE|ts=20260119203320|dir=UP
MOVE|ts=20260119203321|dir=UP
MOVE|ts=20260119203321|dir=UP
MOVE|ts=20260119203321|dir=UP
MOVE|ts=20260119203321|dir=UP
MOVE|ts=20260119203321|dir=UP
MOVE|ts=20260119203321|dir=UP
MOVE|ts=20260119203321|dir=UP
MOVE|ts=20260119203321|dir=UP
MOVE|ts=20260119203321|dir=UP
MOVE|ts=20260119203321|dir=UP
MOVE|ts=20260119203321|dir=UP
MOVE|ts=20260119203321|dir=UP
MOVE|ts=20260119203321|dir=UP
MOVE|ts=20260119203321|dir=UP
MOVE|ts=20260119203321|dir=UP
MOVE|ts=20260119203321|dir=UP
MOVE|ts=20260119203321|dir=UP
MOVE|ts=20260119203321|dir=UP
MOVE|ts=20260119203321|dir=UP
MOVE|ts=20260119203321|dir=UP
MOVE|ts=20260119203321|dir=UP
MOVE|ts=20260119203321|dir=UP
MOVE|ts=20260119203321|dir=UP
MOVE|ts=20260119203321|dir=UP
MOVE|ts=20260119203321|dir=UP
MOVE|ts=20260119203322|dir=UP
MOVE|ts=20260119203322|dir=UP
MOVE|ts=20260119203322|dir=UP
MOVE|ts=20260119203322|dir=UP
MOVE|ts=20260119203322|dir=UP
MOVE|ts=20260119203322|dir=UP
MOVE|ts=20260119203322|dir=UP
MOVE|ts=20260119203322|dir=UP
MOVE|ts=20260119203322|dir=UP
MOVE|ts=20260119203322|dir=UP
MOVE|ts=20260119203322|dir=UP
MOVE|ts=20260119203322|dir=UP
MOVE|ts=20260119203322|dir=UP
MOVE|ts=20260119203322|dir=UP
MOVE|ts=20260119203322|dir=UP
MOVE|ts=20260119203322|dir=UP
MOVE|ts=20260119203322|dir=UP
MOVE|ts=20260119203322|dir=UP
MOVE|ts=20260119203322|dir=UP
MOVE|ts=20260119203322|dir=UP
MOVE|ts=20260119203322|dir=UP
MOVE|ts=20260119203322|dir=UP
MOVE|ts=20260119203322|dir=UP
MOVE|ts=20260119203322|dir=UP
MOVE|ts=20260119203322|dir=UP
MOVE|ts=20260119203322|dir=UP
MOVE|ts=20260119203323|dir=LEFT
MOVE|ts=20260119203323|dir=UP
MOVE|ts=20260119203323|dir=UP
MOVE|ts=20260119203324|dir=DOWN
MOVE|ts=20260119203325|dir=LEFT
MOVE|ts=20260119203325|dir=DOWN
MOVE|ts=20260119203326|dir=LEFT
MOVE|ts=20260119203326|dir=LEFT
MOVE|ts=20260119203326|dir=DOWN
MOVE|ts=20260119203327|dir=LEFT
MOVE|ts=20260119203328|dir=LEFT
MOVE|ts=20260119203328|dir=LEFT
MOVE|ts=20260119203328|dir=LEFT
MOVE|ts=20260119203328|dir=LEFT
MOVE|ts=20260119203328|dir=LEFT
MOVE|ts=20260119203328|dir=LEFT
MOVE|ts=20260119203328|dir=LEFT
MOVE|ts=20260119203328|dir=LEFT
MOVE|ts=20260119203328|dir=LEFT
MOVE|ts=20260119203329|dir=UP
MOVE|ts=20260119203329|dir=UP
MOVE|ts=20260119203329|dir=UP
MOVE|ts=20260119203329|dir=UP
MOVE|ts=20260119203329|dir=UP
MOVE|ts=20260119203329|dir=UP
MOVE|ts=20260119203329|dir=UP
MOVE|ts=20260119203329|dir=UP
MOVE|ts=20260119203329|dir=UP
MOVE|ts=20260119203329|dir=UP
MOVE|ts=20260119203329|dir=UP
MOVE|ts=20260119203329|dir=UP
MOVE|ts=20260119203329|dir=UP
MOVE|ts=20260119203331|dir=UP
MOVE|ts=20260119203331|dir=UP
MOVE|ts=20260119203331|dir=UP
MOVE|ts=20260119203331|dir=UP
MOVE|ts=20260119203331|dir=UP
MOVE|ts=20260119203331|dir=UP
MOVE|ts=20260119203331|dir=UP
MOVE|ts=20260119203331|dir=UP
MOVE|ts=20260119203331|dir=UP
MOVE|ts=20260119203332|dir=RIGHT
MOVE|ts=20260119203334|dir=LEFT
MOVE|ts=20260119203334|dir=DOWN
MOVE|ts=20260119203335|dir=DOWN
MOVE|ts=20260119203336|dir=DOWN
MOVE|ts=20260119203336|dir=DOWN
MOVE|ts=20260119203337|dir=DOWN
MOVE|ts=20260119203339|dir=DOWN
MOVE|ts=20260119203340|dir=UP
MOVE|ts=20260119203341|dir=UP
MOVE|ts=20260119203342|dir=UP
MOVE|ts=20260119203343|dir=UP
MOVE|ts=20260119203344|dir=LEFT
MOVE|ts=20260119203344|dir=UP
MOVE|ts=20260119203344|dir=LEFT
MOVE|ts=20260119203344|dir=UP
MOVE|ts=20260119203345|dir=LEFT
MOVE|ts=20260119203345|dir=DOWN
MOVE|ts=20260119203345|dir=LEFT
MOVE|ts=20260119203346|dir=UP
MOVE|ts=20260119203346|dir=UP
MOVE|ts=20260119203346|dir=UP
MOVE|ts=20260119203346|dir=UP
MOVE|ts=20260119203346|dir=UP
MOVE|ts=20260119203346|dir=UP
MOVE|ts=20260119203346|dir=UP
MOVE|ts=20260119203346|dir=UP
MOVE|ts=20260119203346|dir=UP
MOVE|ts=20260119203346|dir=UP
MOVE|ts=20260119203347|dir=UP
MOVE|ts=20260119203347|dir=UP
MOVE|ts=20260119203347|dir=UP
MOVE|ts=20260119203347|dir=UP
MOVE|ts=20260119203347|dir=UP
MOVE|ts=20260119203347|dir=UP
MOVE|ts=20260119203347|dir=UP
MOVE|ts=20260119203347|dir=UP
MOVE|ts=20260119203347|dir=UP
MOVE|ts=20260119203347|dir=UP
MOVE|ts=20260119203347|dir=UP
MOVE|ts=20260119203347|dir=LEFT
MOVE|ts=20260119203348|dir=UP
MOVE|ts=20260119203349|dir=LEFT
MOVE|ts=20260119203349|dir=DOWN
MOVE|ts=20260119203351|dir=LEFT
MOVE|ts=20260119203351|dir=LEFT
MOVE|ts=20260119203351|dir=LEFT
MOVE|ts=20260119203351|dir=LEFT
MOVE|ts=20260119203351|dir=LEFT
MOVE|ts=20260119203351|dir=LEFT
MOVE|ts=20260119203351|dir=LEFT
MOVE|ts=20260119203351|dir=LEFT
MOVE|ts=20260119203351|dir=LEFT
MOVE|ts=20260119203351|dir=LEFT
MOVE|ts=20260119203351|dir=LEFT
MOVE|ts=20260119203351|dir=LEFT
MOVE|ts=20260119203351|dir=LEFT
MOVE|ts=20260119203352|dir=LEFT
MOVE|ts=20260119203352|dir=LEFT
MOVE|ts=20260119203352|dir=LEFT
MOVE|ts=20260119203352|dir=LEFT
MOVE|ts=20260119203352|dir=LEFT
MOVE|ts=20260119203352|dir=LEFT
MOVE|ts=20260119203352|dir=LEFT
MOVE|ts=20260119203352|dir=LEFT
MOVE|ts=20260119203352|dir=LEFT
MOVE|ts=20260119203352|dir=LEFT
MOVE|ts=20260119203352|dir=LEFT
MOVE|ts=20260119203352|dir=LEFT
MOVE|ts=20260119203352|dir=LEFT
MOVE|ts=20260119203352|dir=LEFT
MOVE|ts=20260119203352|dir=LEFT
MOVE|ts=20260119203352|dir=LEFT
MOVE|ts=20260119203352|dir=LEFT
MOVE|ts=20260119203352|dir=LEFT
MOVE|ts=20260119203352|dir=LEFT
MOVE|ts=20260119203352|dir=LEFT
MOVE|ts=20260119203352|dir=LEFT
MOVE|ts=20260119203352|dir=LEFT
MOVE|ts=20260119203352|dir=LEFT
MOVE|ts=20260119203352|dir=LEFT
MOVE|ts=20260119203352|dir=LEFT
MOVE|ts=20260119203352|dir=LEFT
MOVE|ts=20260119203352|dir=LEFT
MOVE|ts=20260119203352|dir=LEFT
MOVE|ts=20260119203352|dir=LEFT
MOVE|ts=20260119203352|dir=DOWN
MOVE|ts=20260119203353|dir=LEFT
MOVE|ts=20260119203354|dir=LEFT
MOVE|ts=20260119203354|dir=LEFT
MOVE|ts=20260119203354|dir=LEFT
MOVE|ts=20260119203354|dir=LEFT
MOVE|ts=20260119203354|dir=LEFT
MOVE|ts=20260119203354|dir=LEFT
MOVE|ts=20260119203354|dir=LEFT
MOVE|ts=20260119203354|dir=LEFT
MOVE|ts=20260119203354|dir=LEFT
MOVE|ts=20260119203354|dir=LEFT
MOVE|ts=20260119203354|dir=LEFT
MOVE|ts=20260119203354|dir=LEFT
MOVE|ts=20260119203354|dir=LEFT
MOVE|ts=20260119203354|dir=LEFT
MOVE|ts=20260119203354|dir=DOWN
MOVE|ts=20260119203355|dir=LEFT
MOVE|ts=20260119203355|dir=LEFT
MOVE|ts=20260119203355|dir=LEFT
MOVE|ts=20260119203355|dir=LEFT
MOVE|ts=20260119203355|dir=LEFT
MOVE|ts=20260119203355|dir=LEFT
MOVE|ts=20260119203355|dir=LEFT
MOVE|ts=20260119203355|dir=LEFT
MOVE|ts=20260119203355|dir=LEFT
MOVE|ts=20260119203355|dir=LEFT
MOVE|ts=20260119203355|dir=LEFT
MOVE|ts=20260119203355|dir=LEFT
MOVE|ts=20260119203355|dir=LEFT
MOVE|ts=20260119203355|dir=LEFT
MOVE|ts=20260119203356|dir=LEFT
MOVE|ts=20260119203356|dir=LEFT
MOVE|ts=20260119203356|dir=LEFT
MOVE|ts=20260119203356|dir=LEFT
MOVE|ts=20260119203356|dir=LEFT
MOVE|ts=20260119203356|dir=LEFT
MOVE|ts=20260119203356|dir=LEFT
MOVE|ts=20260119203356|dir=LEFT
MOVE|ts=20260119203356|dir=LEFT
MOVE|ts=20260119203356|dir=LEFT
MOVE|ts=20260119203356|dir=LEFT
MOVE|ts=20260119203356|dir=LEFT
MOVE|ts=20260119203356|dir=DOWN
MOVE|ts=20260119203357|dir=RIGHT
MOVE|ts=20260119203358|dir=RIGHT
MOVE|ts=20260119203358|dir=RIGHT
MOVE|ts=20260119203358|dir=RIGHT
MOVE|ts=20260119203358|dir=RIGHT
MOVE|ts=20260119203358|dir=RIGHT
MOVE|ts=20260119203359|dir=RIGHT
MOVE|ts=20260119203359|dir=RIGHT
MOVE|ts=20260119203400|dir=RIGHT
MOVE|ts=20260119203402|dir=UP
MOVE|ts=20260119203402|dir=UP
MOVE|ts=20260119203402|dir=UP
MOVE|ts=20260119203402|dir=UP
MOVE|ts=20260119203403|dir=UP
MOVE|ts=20260119203403|dir=UP
MOVE|ts=20260119203403|dir=LEFT
MOVE|ts=20260119203407|dir=DOWN
MOVE|ts=20260119203409|dir=RIGHT
MOVE|ts=20260119203410|dir=RIGHT
MOVE|ts=20260119203410|dir=DOWN
MOVE|ts=20260119203414|dir=LEFT
MOVE|ts=20260119203415|dir=LEFT
MOVE|ts=20260119203415|dir=LEFT
MOVE|ts=20260119203416|dir=UP
MOVE|ts=20260119203416|dir=LEFT
MOVE|ts=20260119203417|dir=LEFT
MOVE|ts=20260119203418|dir=RIGHT
MOVE|ts=20260119203418|dir=LEFT
MOVE|ts=20260119203419|dir=DOWN
MOVE|ts=20260119203419|dir=LEFT
MOVE|ts=20260119203419|dir=DOWN
MOVE|ts=20260119203420|dir=DOWN
MOVE|ts=20260119203420|dir=DOWN
MOVE|ts=20260119203420|dir=DOWN
MOVE|ts=20260119203420|dir=DOWN
MOVE|ts=20260119203420|dir=DOWN
MOVE|ts=20260119203420|dir=DOWN
MOVE|ts=20260119203420|dir=DOWN
MOVE|ts=20260119203420|dir=DOWN
MOVE|ts=20260119203420|dir=DOWN
MOVE|ts=20260119203420|dir=DOWN
MOVE|ts=20260119203420|dir=DOWN
MOVE|ts=20260119203420|dir=DOWN
MOVE|ts=20260119203420|dir=DOWN
MOVE|ts=20260119203420|dir=LEFT
MOVE|ts=20260119203423|dir=DOWN
MOVE|ts=20260119203424|dir=LEFT
MOVE|ts=20260119203424|dir=LEFT
MOVE|ts=20260119203424|dir=LEFT
MOVE|ts=20260119203424|dir=LEFT
MOVE|ts=20260119203424|dir=LEFT
MOVE|ts=20260119203424|dir=LEFT
MOVE|ts=20260119203424|dir=LEFT
MOVE|ts=20260119203424|dir=LEFT
MOVE|ts=20260119203424|dir=LEFT
MOVE|ts=20260119203424|dir=LEFT
MOVE|ts=20260119203424|dir=LEFT
MOVE|ts=20260119203424|dir=LEFT
MOVE|ts=20260119203424|dir=LEFT
MOVE|ts=20260119203424|dir=LEFT
MOVE|ts=20260119203424|dir=LEFT
MOVE|ts=20260119203424|dir=LEFT
MOVE|ts=20260119203425|dir=LEFT
MOVE|ts=20260119203425|dir=LEFT
MOVE|ts=20260119203425|dir=LEFT
MOVE|ts=20260119203425|dir=LEFT
MOVE|ts=20260119203425|dir=LEFT
MOVE|ts=20260119203425|dir=LEFT
MOVE|ts=20260119203425|dir=LEFT
MOVE|ts=20260119203425|dir=LEFT
MOVE|ts=20260119203425|dir=LEFT
MOVE|ts=20260119203425|dir=LEFT
MOVE|ts=20260119203425|dir=LEFT
MOVE|ts=20260119203425|dir=LEFT
MOVE|ts=20260119203425|dir=LEFT
MOVE|ts=20260119203425|dir=LEFT
MOVE|ts=20260119203425|dir=LEFT
MOVE|ts=20260119203425|dir=LEFT
MOVE|ts=20260119203425|dir=LEFT
MOVE|ts=20260119203425|dir=LEFT
MOVE|ts=20260119203425|dir=LEFT
MOVE|ts=20260119203425|dir=LEFT
MOVE|ts=20260119203425|dir=LEFT
MOVE|ts=20260119203425|dir=LEFT
MOVE|ts=20260119203426|dir=LEFT
MOVE|ts=20260119203426|dir=LEFT
MOVE|ts=20260119203426|dir=LEFT
MOVE|ts=20260119203426|dir=LEFT
MOVE|ts=20260119203426|dir=LEFT
MOVE|ts=20260119203426|dir=LEFT
MOVE|ts=20260119203426|dir=LEFT
MOVE|ts=20260119203426|dir=LEFT
MOVE|ts=20260119203426|dir=LEFT
MOVE|ts=20260119203426|dir=LEFT
MOVE|ts=20260119203426|dir=LEFT
MOVE|ts=20260119203426|dir=LEFT
MOVE|ts=20260119203426|dir=LEFT
MOVE|ts=20260119203426|dir=LEFT
MOVE|ts=20260119203426|dir=LEFT
MOVE|ts=20260119203426|dir=LEFT
MOVE|ts=20260119203426|dir=LEFT
MOVE|ts=20260119203426|dir=LEFT
MOVE|ts=20260119203426|dir=LEFT
MOVE|ts=20260119203426|dir=LEFT
MOVE|ts=20260119203426|dir=LEFT
MOVE|ts=20260119203426|dir=LEFT
MOVE|ts=20260119203426|dir=LEFT
MOVE|ts=20260119203427|dir=LEFT
MOVE|ts=20260119203427|dir=LEFT
MOVE|ts=20260119203427|dir=LEFT
MOVE|ts=20260119203427|dir=LEFT
MOVE|ts=20260119203427|dir=LEFT
MOVE|ts=20260119203427|dir=LEFT
MOVE|ts=20260119203427|dir=LEFT
MOVE|ts=20260119203427|dir=LEFT
MOVE|ts=20260119203427|dir=LEFT
MOVE|ts=20260119203427|dir=UP
MOVE|ts=20260119203427|dir=UP
MOVE|ts=20260119203427|dir=UP
MOVE|ts=20260119203427|dir=UP
MOVE|ts=20260119203427|dir=UP
MOVE|ts=20260119203427|dir=UP
MOVE|ts=20260119203428|dir=UP
MOVE|ts=20260119203428|dir=UP
MOVE|ts=20260119203428|dir=LEFT
MOVE|ts=20260119203428|dir=LEFT
MOVE|ts=20260119203428|dir=LEFT
MOVE|ts=20260119203428|dir=LEFT
MOVE|ts=20260119203428|dir=LEFT
MOVE|ts=20260119203428|dir=LEFT
MOVE|ts=20260119203428|dir=LEFT
MOVE|ts=20260119203428|dir=LEFT
MOVE|ts=20260119203428|dir=LEFT
MOVE|ts=20260119203428|dir=LEFT
MOVE|ts=20260119203428|dir=LEFT
MOVE|ts=20260119203428|dir=LEFT
MOVE|ts=20260119203428|dir=LEFT
MOVE|ts=20260119203428|dir=LEFT
MOVE|ts=20260119203429|dir=LEFT
MOVE|ts=20260119203429|dir=LEFT
MOVE|ts=20260119203429|dir=LEFT
MOVE|ts=20260119203429|dir=LEFT
MOVE|ts=20260119203429|dir=LEFT
MOVE|ts=20260119203429|dir=LEFT
MOVE|ts=20260119203429|dir=LEFT
MOVE|ts=20260119203429|dir=LEFT
MOVE|ts=20260119203429|dir=LEFT
MOVE|ts=20260119203429|dir=LEFT
MOVE|ts=20260119203429|dir=LEFT
MOVE|ts=20260119203429|dir=LEFT
MOVE|ts=20260119203429|dir=LEFT
MOVE|ts=20260119203429|dir=LEFT
MOVE|ts=20260119203429|dir=LEFT
MOVE|ts=20260119203429|dir=LEFT
MOVE|ts=20260119203429|dir=LEFT
MOVE|ts=20260119203429|dir=LEFT
MOVE|ts=20260119203429|dir=LEFT
MOVE|ts=20260119203429|dir=LEFT
MOVE|ts=20260119203429|dir=LEFT
MOVE|ts=20260119203429|dir=LEFT
MOVE|ts=20260119203430|dir=LEFT
MOVE|ts=20260119203430|dir=LEFT
MOVE|ts=20260119203430|dir=LEFT
MOVE|ts=20260119203430|dir=LEFT
MOVE|ts=20260119203430|dir=LEFT
MOVE|ts=20260119203430|dir=LEFT
MOVE|ts=20260119203430|dir=LEFT
MOVE|ts=20260119203430|dir=LEFT
MOVE|ts=20260119203430|dir=LEFT
MOVE|ts=20260119203430|dir=LEFT
MOVE|ts=20260119203430|dir=LEFT
MOVE|ts=20260119203430|dir=LEFT
MOVE|ts=20260119203430|dir=LEFT
MOVE|ts=20260119203430|dir=LEFT
MOVE|ts=20260119203430|dir=LEFT
MOVE|ts=20260119203430|dir=LEFT
MOVE|ts=20260119203430|dir=LEFT
MOVE|ts=20260119203430|dir=LEFT
MOVE|ts=20260119203430|dir=LEFT
MOVE|ts=20260119203430|dir=LEFT
MOVE|ts=20260119203430|dir=LEFT
MOVE|ts=20260119203430|dir=LEFT
MOVE|ts=20260119203430|dir=LEFT
MOVE|ts=20260119203431|dir=LEFT
MOVE|ts=20260119203431|dir=LEFT
MOVE|ts=20260119203431|dir=LEFT
MOVE|ts=20260119203431|dir=LEFT
MOVE|ts=20260119203431|dir=LEFT
MOVE|ts=20260119203431|dir=LEFT
MOVE|ts=20260119203431|dir=LEFT
MOVE|ts=20260119203431|dir=LEFT
MOVE|ts=20260119203431|dir=LEFT
MOVE|ts=20260119203431|dir=LEFT
MOVE|ts=20260119203431|dir=LEFT
MOVE|ts=20260119203431|dir=LEFT
MOVE|ts=20260119203431|dir=LEFT
MOVE|ts=20260119203431|dir=LEFT
MOVE|ts=20260119203431|dir=LEFT
MOVE|ts=20260119203431|dir=LEFT
MOVE|ts=20260119203431|dir=LEFT
MOVE|ts=20260119203431|dir=LEFT
MOVE|ts=20260119203431|dir=LEFT
MOVE|ts=20260119203431|dir=LEFT
MOVE|ts=20260119203431|dir=LEFT
MOVE|ts=20260119203431|dir=UP
MOVE|ts=20260119203432|dir=UP
MOVE|ts=20260119203432|dir=UP
MOVE|ts=20260119203432|dir=UP
MOVE|ts=20260119203432|dir=UP
MOVE|ts=20260119203432|dir=UP
MOVE|ts=20260119203432|dir=LEFT
MOVE|ts=20260119203432|dir=LEFT
MOVE|ts=20260119203432|dir=LEFT
MOVE|ts=20260119203432|dir=LEFT
MOVE|ts=20260119203433|dir=LEFT
MOVE|ts=20260119203433|dir=LEFT
MOVE|ts=20260119203433|dir=LEFT
MOVE|ts=20260119203433|dir=LEFT
MOVE|ts=20260119203433|dir=LEFT
MOVE|ts=20260119203433|dir=LEFT
MOVE|ts=20260119203433|dir=LEFT
MOVE|ts=20260119203433|dir=LEFT
MOVE|ts=20260119203433|dir=LEFT
MOVE|ts=20260119203433|dir=LEFT
MOVE|ts=20260119203433|dir=LEFT
MOVE|ts=20260119203433|dir=LEFT
MOVE|ts=20260119203433|dir=LEFT
MOVE|ts=20260119203433|dir=LEFT
MOVE|ts=20260119203433|dir=LEFT
MOVE|ts=20260119203433|dir=LEFT
MOVE|ts=20260119203433|dir=LEFT
MOVE|ts=20260119203433|dir=LEFT
MOVE|ts=20260119203433|dir=LEFT
MOVE|ts=20260119203433|dir=LEFT
MOVE|ts=20260119203433|dir=LEFT
MOVE|ts=20260119203433|dir=LEFT
MOVE|ts=20260119203433|dir=LEFT
MOVE|ts=20260119203433|dir=LEFT
MOVE|ts=20260119203433|dir=LEFT
MOVE|ts=20260119203433|dir=LEFT
MOVE|ts=20260119203433|dir=LEFT
MOVE|ts=20260119203433|dir=LEFT
MOVE|ts=20260119203433|dir=LEFT
MOVE|ts=20260119203433|dir=LEFT
MOVE|ts=20260119203434|dir=LEFT
MOVE|ts=20260119203434|dir=LEFT
MOVE|ts=20260119203434|dir=LEFT
MOVE|ts=20260119203434|dir=LEFT
MOVE|ts=20260119203434|dir=LEFT
MOVE|ts=20260119203434|dir=LEFT
MOVE|ts=20260119203434|dir=LEFT
MOVE|ts=20260119203434|dir=LEFT
MOVE|ts=20260119203434|dir=LEFT
MOVE|ts=20260119203434|dir=LEFT
MOVE|ts=20260119203434|dir=LEFT
MOVE|ts=20260119203434|dir=LEFT
MOVE|ts=20260119203434|dir=DOWN
MOVE|ts=20260119203434|dir=LEFT
MOVE|ts=20260119203435|dir=LEFT
MOVE|ts=20260119203435|dir=LEFT
MOVE|ts=20260119203435|dir=LEFT
MOVE|ts=20260119203435|dir=LEFT
MOVE|ts=20260119203435|dir=LEFT
MOVE|ts=20260119203435|dir=LEFT
MOVE|ts=20260119203435|dir=LEFT
MOVE|ts=20260119203435|dir=LEFT
MOVE|ts=20260119203435|dir=LEFT
MOVE|ts=20260119203435|dir=LEFT
MOVE|ts=20260119203435|dir=LEFT
MOVE|ts=20260119203435|dir=LEFT
MOVE|ts=20260119203435|dir=LEFT
MOVE|ts=20260119203435|dir=LEFT
MOVE|ts=20260119203435|dir=LEFT
MOVE|ts=20260119203435|dir=LEFT
MOVE|ts=20260119203435|dir=LEFT
MOVE|ts=20260119203435|dir=LEFT
MOVE|ts=20260119203435|dir=LEFT
MOVE|ts=20260119203435|dir=LEFT
MOVE|ts=20260119203435|dir=LEFT
MOVE|ts=20260119203435|dir=LEFT
MOVE|ts=20260119203435|dir=LEFT
MOVE|ts=20260119203435|dir=LEFT
MOVE|ts=20260119203436|dir=LEFT
MOVE|ts=20260119203436|dir=LEFT
MOVE|ts=20260119203436|dir=LEFT
MOVE|ts=20260119203436|dir=LEFT
MOVE|ts=20260119203436|dir=LEFT
MOVE|ts=20260119203436|dir=LEFT
MOVE|ts=20260119203436|dir=LEFT
MOVE|ts=20260119203436|dir=LEFT
MOVE|ts=20260119203436|dir=LEFT
MOVE|ts=20260119203436|dir=LEFT
MOVE|ts=20260119203436|dir=LEFT
MOVE|ts=20260119203436|dir=LEFT
MOVE|ts=20260119203436|dir=LEFT
MOVE|ts=20260119203436|dir=LEFT
MOVE|ts=20260119203436|dir=LEFT
MOVE|ts=20260119203436|dir=LEFT
MOVE|ts=20260119203436|dir=LEFT
MOVE|ts=20260119203436|dir=LEFT
MOVE|ts=20260119203436|dir=LEFT
MOVE|ts=20260119203436|dir=LEFT
MOVE|ts=20260119203436|dir=LEFT
MOVE|ts=20260119203436|dir=LEFT
MOVE|ts=20260119203436|dir=LEFT
MOVE|ts=20260119203436|dir=LEFT
MOVE|ts=20260119203436|dir=LEFT
MOVE|ts=20260119203437|dir=LEFT
MOVE|ts=20260119203437|dir=LEFT
MOVE|ts=20260119203437|dir=LEFT
MOVE|ts=20260119203437|dir=LEFT
MOVE|ts=20260119203437|dir=LEFT
MOVE|ts=20260119203437|dir=LEFT
MOVE|ts=20260119203437|dir=LEFT
MOVE|ts=20260119203437|dir=LEFT
MOVE|ts=20260119203437|dir=LEFT
MOVE|ts=20260119203437|dir=LEFT
MOVE|ts=20260119203438|dir=LEFT
MOVE|ts=20260119203438|dir=UP
MOVE|ts=20260119203438|dir=UP
MOVE|ts=20260119203438|dir=UP
MOVE|ts=20260119203438|dir=UP
MOVE|ts=20260119203438|dir=UP
MOVE|ts=20260119203438|dir=UP
MOVE|ts=20260119203438|dir=UP
MOVE|ts=20260119203438|dir=UP
MOVE|ts=20260119203438|dir=UP
MOVE|ts=20260119203438|dir=UP
MOVE|ts=20260119203438|dir=UP
MOVE|ts=20260119203438|dir=UP
MOVE|ts=20260119203438|dir=UP
MOVE|ts=20260119203439|dir=UP
MOVE|ts=20260119203439|dir=LEFT
MOVE|ts=20260119203439|dir=LEFT
MOVE|ts=20260119203439|dir=LEFT
MOVE|ts=20260119203439|dir=LEFT
MOVE|ts=20260119203439|dir=LEFT
MOVE|ts=20260119203439|dir=LEFT
MOVE|ts=20260119203439|dir=LEFT
MOVE|ts=20260119203439|dir=LEFT
MOVE|ts=20260119203439|dir=LEFT
MOVE|ts=20260119203439|dir=LEFT
MOVE|ts=20260119203439|dir=LEFT
MOVE|ts=20260119203439|dir=LEFT
MOVE|ts=20260119203439|dir=LEFT
MOVE|ts=20260119203439|dir=LEFT
MOVE|ts=20260119203439|dir=LEFT
MOVE|ts=20260119203440|dir=LEFT
MOVE|ts=20260119203440|dir=DOWN
MOVE|ts=20260119203440|dir=DOWN
MOVE|ts=20260119203440|dir=DOWN
MOVE|ts=20260119203440|dir=RIGHT
MOVE|ts=20260119203441|dir=RIGHT
MOVE|ts=20260119203441|dir=RIGHT
MOVE|ts=20260119203441|dir=RIGHT
MOVE|ts=20260119203441|dir=RIGHT
MOVE|ts=20260119203441|dir=RIGHT
MOVE|ts=20260119203441|dir=RIGHT
MOVE|ts=20260119203441|dir=RIGHT
MOVE|ts=20260119203441|dir=RIGHT
MOVE|ts=20260119203441|dir=RIGHT
MOVE|ts=20260119203441|dir=RIGHT
MOVE|ts=20260119203441|dir=RIGHT
MOVE|ts=20260119203441|dir=RIGHT
MOVE|ts=20260119203441|dir=RIGHT
MOVE|ts=20260119203441|dir=RIGHT
MOVE|ts=20260119203441|dir=RIGHT
MOVE|ts=20260119203441|dir=DOWN
MOVE|ts=20260119203442|dir=RIGHT
MOVE|ts=20260119203442|dir=RIGHT
MOVE|ts=20260119203442|dir=RIGHT
MOVE|ts=20260119203442|dir=RIGHT
MOVE|ts=20260119203442|dir=RIGHT
MOVE|ts=20260119203442|dir=RIGHT
MOVE|ts=20260119203442|dir=RIGHT
MOVE|ts=20260119203442|dir=RIGHT
MOVE|ts=20260119203442|dir=RIGHT
MOVE|ts=20260119203442|dir=RIGHT
MOVE|ts=20260119203442|dir=RIGHT
MOVE|ts=20260119203442|dir=RIGHT
MOVE|ts=20260119203442|dir=RIGHT
MOVE|ts=20260119203442|dir=RIGHT
MOVE|ts=20260119203443|dir=RIGHT
MOVE|ts=20260119203443|dir=RIGHT
MOVE|ts=20260119203443|dir=RIGHT
MOVE|ts=20260119203443|dir=RIGHT
MOVE|ts=20260119203443|dir=RIGHT
MOVE|ts=20260119203443|dir=RIGHT
MOVE|ts=20260119203443|dir=RIGHT
MOVE|ts=20260119203443|dir=RIGHT
MOVE|ts=20260119203443|dir=RIGHT
MOVE|ts=20260119203443|dir=RIGHT
MOVE|ts=20260119203443|dir=RIGHT
MOVE|ts=20260119203443|dir=RIGHT
MOVE|ts=20260119203443|dir=RIGHT
MOVE|ts=20260119203443|dir=RIGHT
MOVE|ts=20260119203443|dir=RIGHT
MOVE|ts=20260119203443|dir=RIGHT
MOVE|ts=20260119203443|dir=RIGHT
MOVE|ts=20260119203443|dir=RIGHT
MOVE|ts=20260119203443|dir=RIGHT
MOVE|ts=20260119203443|dir=RIGHT
MOVE|ts=20260119203443|dir=RIGHT
MOVE|ts=20260119203443|dir=RIGHT
MOVE|ts=20260119203443|dir=RIGHT
MOVE|ts=20260119203443|dir=RIGHT
MOVE|ts=20260119203443|dir=RIGHT
MOVE|ts=20260119203443|dir=RIGHT
MOVE|ts=20260119203443|dir=RIGHT
MOVE|ts=20260119203443|dir=RIGHT
MOVE|ts=20260119203443|dir=RIGHT
MOVE|ts=20260119203443|dir=RIGHT
MOVE|ts=20260119203443|dir=RIGHT
MOVE|ts=20260119203444|dir=UP
MOVE|ts=20260119203444|dir=LEFT
MOVE|ts=20260119203445|dir=RIGHT
MOVE|ts=20260119203446|dir=RIGHT
MOVE|ts=20260119203446|dir=DOWN
MOVE|ts=20260119203446|dir=RIGHT
MOVE|ts=20260119203447|dir=RIGHT
MOVE|ts=20260119203447|dir=RIGHT
MOVE|ts=20260119203447|dir=RIGHT
MOVE|ts=20260119203447|dir=RIGHT
MOVE|ts=20260119203447|dir=RIGHT
MOVE|ts=20260119203447|dir=RIGHT
MOVE|ts=20260119203447|dir=RIGHT
MOVE|ts=20260119203447|dir=RIGHT
MOVE|ts=20260119203447|dir=LEFT
MOVE|ts=20260119203448|dir=LEFT
MOVE|ts=20260119203448|dir=RIGHT
MOVE|ts=20260119203449|dir=RIGHT
MOVE|ts=20260119203449|dir=RIGHT
MOVE|ts=20260119203449|dir=RIGHT
MOVE|ts=20260119203449|dir=RIGHT
MOVE|ts=20260119203449|dir=RIGHT
MOVE|ts=20260119203449|dir=RIGHT
MOVE|ts=20260119203450|dir=LEFT
MOVE|ts=20260119203450|dir=LEFT
MOVE|ts=20260119203450|dir=LEFT
MOVE|ts=20260119203450|dir=LEFT
MOVE|ts=20260119203450|dir=LEFT
MOVE|ts=20260119203450|dir=LEFT
MOVE|ts=20260119203450|dir=LEFT
MOVE|ts=20260119203451|dir=LEFT
MOVE|ts=20260119203451|dir=LEFT
MOVE|ts=20260119203451|dir=LEFT
MOVE|ts=20260119203451|dir=LEFT
MOVE|ts=20260119203451|dir=LEFT
MOVE|ts=20260119203451|dir=LEFT
MOVE|ts=20260119203451|dir=LEFT
MOVE|ts=20260119203451|dir=LEFT
MOVE|ts=20260119203451|dir=LEFT
MOVE|ts=20260119203451|dir=LEFT
MOVE|ts=20260119203451|dir=LEFT
MOVE|ts=20260119203451|dir=LEFT
MOVE|ts=20260119203451|dir=LEFT
MOVE|ts=20260119203451|dir=LEFT
MOVE|ts=20260119203451|dir=DOWN
MOVE|ts=20260119203451|dir=LEFT
MOVE|ts=20260119203452|dir=LEFT
MOVE|ts=20260119203452|dir=LEFT
MOVE|ts=20260119203452|dir=LEFT
MOVE|ts=20260119203452|dir=LEFT
MOVE|ts=20260119203452|dir=LEFT
MOVE|ts=20260119203452|dir=LEFT
MOVE|ts=20260119203452|dir=LEFT
MOVE|ts=20260119203452|dir=LEFT
MOVE|ts=20260119203452|dir=LEFT
MOVE|ts=20260119203452|dir=LEFT
MOVE|ts=20260119203452|dir=LEFT
MOVE|ts=20260119203452|dir=LEFT
MOVE|ts=20260119203452|dir=LEFT
MOVE|ts=20260119203452|dir=LEFT
MOVE|ts=20260119203452|dir=LEFT
MOVE|ts=20260119203452|dir=LEFT
MOVE|ts=20260119203452|dir=LEFT
MOVE|ts=20260119203452|dir=LEFT
MOVE|ts=20260119203452|dir=LEFT
MOVE|ts=20260119203452|dir=LEFT
MOVE|ts=20260119203452|dir=LEFT
MOVE|ts=20260119203452|dir=LEFT
MOVE|ts=20260119203452|dir=LEFT
MOVE|ts=20260119203453|dir=LEFT
MOVE|ts=20260119203453|dir=LEFT
MOVE|ts=20260119203453|dir=LEFT
MOVE|ts=20260119203453|dir=LEFT
MOVE|ts=20260119203453|dir=UP
MOVE|ts=20260119203454|dir=LEFT
MOVE|ts=20260119203454|dir=UP
MOVE|ts=20260119203454|dir=LEFT
MOVE|ts=20260119203455|dir=DOWN
MOVE|ts=20260119203457|dir=UP
MOVE|ts=20260119203457|dir=UP
MOVE|ts=20260119203457|dir=UP
MOVE|ts=20260119203457|dir=UP
MOVE|ts=20260119203457|dir=UP
MOVE|ts=20260119203458|dir=DOWN
MOVE|ts=20260119203505|dir=RIGHT
MOVE|ts=20260119203505|dir=RIGHT
MOVE|ts=20260119203505|dir=RIGHT
MOVE|ts=20260119203505|dir=RIGHT
MOVE|ts=20260119203505|dir=RIGHT
MOVE|ts=20260119203505|dir=RIGHT
MOVE|ts=20260119203505|dir=RIGHT
MOVE|ts=20260119203505|dir=RIGHT
MOVE|ts=20260119203505|dir=RIGHT
MOVE|ts=20260119203505|dir=RIGHT
MOVE|ts=20260119203505|dir=RIGHT
MOVE|ts=20260119203505|dir=RIGHT
MOVE|ts=20260119203505|dir=RIGHT
MOVE|ts=20260119203506|dir=RIGHT
MOVE|ts=20260119203506|dir=RIGHT
MOVE|ts=20260119203507|dir=RIGHT
MOVE|ts=20260119203507|dir=RIGHT
MOVE|ts=20260119203507|dir=RIGHT
MOVE|ts=20260119203507|dir=RIGHT
MOVE|ts=20260119203507|dir=RIGHT
MOVE|ts=20260119203507|dir=RIGHT
MOVE|ts=20260119203507|dir=RIGHT
MOVE|ts=20260119203507|dir=RIGHT
MOVE|ts=20260119203507|dir=RIGHT
MOVE|ts=20260119203507|dir=RIGHT
MOVE|ts=20260119203507|dir=RIGHT
MOVE|ts=20260119203507|dir=RIGHT
MOVE|ts=20260119203507|dir=RIGHT
MOVE|ts=20260119203507|dir=RIGHT
MOVE|ts=20260119203507|dir=RIGHT
MOVE|ts=20260119203507|dir=RIGHT
MOVE|ts=20260119203507|dir=RIGHT
MOVE|ts=20260119203507|dir=RIGHT
MOVE|ts=20260119203507|dir=RIGHT
MOVE|ts=20260119203507|dir=RIGHT
MOVE|ts=20260119203507|dir=RIGHT
MOVE|ts=20260119203507|dir=RIGHT
MOVE|ts=20260119203507|dir=RIGHT
MOVE|ts=20260119203507|dir=RIGHT
MOVE|ts=20260119203509|dir=RIGHT
MOVE|ts=20260119203510|dir=RIGHT
MOVE|ts=20260119203510|dir=RIGHT
MOVE|ts=20260119203510|dir=RIGHT
MOVE|ts=20260119203510|dir=RIGHT
MOVE|ts=20260119203510|dir=RIGHT
MOVE|ts=20260119203510|dir=RIGHT
MOVE|ts=20260119203510|dir=RIGHT
MOVE|ts=20260119203510|dir=RIGHT
MOVE|ts=20260119203510|dir=RIGHT
MOVE|ts=20260119203511|dir=RIGHT
MOVE|ts=20260119203511|dir=RIGHT
MOVE|ts=20260119203511|dir=RIGHT
MOVE|ts=20260119203511|dir=RIGHT
MOVE|ts=20260119203511|dir=RIGHT
MOVE|ts=20260119203511|dir=RIGHT
MOVE|ts=20260119203511|dir=RIGHT
MOVE|ts=20260119203511|dir=RIGHT
MOVE|ts=20260119203511|dir=RIGHT
MOVE|ts=20260119203511|dir=RIGHT
MOVE|ts=20260119203511|dir=RIGHT
MOVE|ts=20260119203511|dir=RIGHT
MOVE|ts=20260119203511|dir=RIGHT
MOVE|ts=20260119203511|dir=RIGHT
MOVE|ts=20260119203511|dir=RIGHT
MOVE|ts=20260119203511|dir=RIGHT
MOVE|ts=20260119203511|dir=RIGHT
MOVE|ts=20260119203511|dir=RIGHT
MOVE|ts=20260119203511|dir=UP
MOVE|ts=20260119203511|dir=RIGHT
MOVE|ts=20260119203512|dir=RIGHT
MOVE|ts=20260119203512|dir=RIGHT
MOVE|ts=20260119203512|dir=DOWN
MOVE|ts=20260119203512|dir=RIGHT
MOVE|ts=20260119203513|dir=RIGHT
MOVE|ts=20260119203513|dir=RIGHT
MOVE|ts=20260119203513|dir=RIGHT
MOVE|ts=20260119203514|dir=RIGHT
MOVE|ts=20260119203514|dir=RIGHT
MOVE|ts=20260119203514|dir=RIGHT
MOVE|ts=20260119203514|dir=RIGHT
MOVE|ts=20260119203515|dir=RIGHT
MOVE|ts=20260119203515|dir=RIGHT
MOVE|ts=20260119203519|dir=LEFT
MOVE|ts=20260119203520|dir=LEFT
MOVE|ts=20260119203520|dir=LEFT
MOVE|ts=20260119203520|dir=LEFT
MOVE|ts=20260119203520|dir=LEFT
MOVE|ts=20260119203520|dir=LEFT
MOVE|ts=20260119203520|dir=LEFT
MOVE|ts=20260119203529|dir=DOWN
MOVE|ts=20260119203529|dir=DOWN
MOVE|ts=20260119203530|dir=RIGHT
MOVE|ts=20260119203530|dir=RIGHT
MOVE|ts=20260119203530|dir=RIGHT
MOVE|ts=20260119203530|dir=RIGHT
MOVE|ts=20260119203530|dir=RIGHT
MOVE|ts=20260119203530|dir=RIGHT
MOVE|ts=20260119203530|dir=RIGHT
MOVE|ts=20260119203530|dir=RIGHT
MOVE|ts=20260119203530|dir=RIGHT
MOVE|ts=20260119203530|dir=RIGHT
MOVE|ts=20260119203530|dir=RIGHT
MOVE|ts=20260119203530|dir=RIGHT
MOVE|ts=20260119203531|dir=RIGHT
MOVE|ts=20260119203531|dir=RIGHT
MOVE|ts=20260119203531|dir=RIGHT
MOVE|ts=20260119203531|dir=RIGHT
MOVE|ts=20260119203531|dir=RIGHT
MOVE|ts=20260119203531|dir=RIGHT
MOVE|ts=20260119203531|dir=RIGHT
MOVE|ts=20260119203531|dir=RIGHT
MOVE|ts=20260119203531|dir=RIGHT
MOVE|ts=20260119203531|dir=RIGHT
MOVE|ts=20260119203531|dir=RIGHT
MOVE|ts=20260119203531|dir=RIGHT
MOVE|ts=20260119203531|dir=RIGHT
MOVE|ts=20260119203531|dir=RIGHT
MOVE|ts=20260119203531|dir=RIGHT
MOVE|ts=20260119203531|dir=RIGHT
MOVE|ts=20260119203531|dir=RIGHT
MOVE|ts=20260119203531|dir=RIGHT
MOVE|ts=20260119203531|dir=RIGHT
MOVE|ts=20260119203531|dir=RIGHT
MOVE|ts=20260119203531|dir=RIGHT
MOVE|ts=20260119203531|dir=RIGHT
MOVE|ts=20260119203531|dir=RIGHT
MOVE|ts=20260119203531|dir=RIGHT
MOVE|ts=20260119203531|dir=RIGHT
MOVE|ts=20260119203531|dir=RIGHT
MOVE|ts=20260119203531|dir=RIGHT
MOVE|ts=20260119203531|dir=RIGHT
MOVE|ts=20260119203532|dir=UP
MOVE|ts=20260119203532|dir=UP
MOVE|ts=20260119203532|dir=UP
MOVE|ts=20260119203532|dir=UP
MOVE|ts=20260119203532|dir=UP
MOVE|ts=20260119203533|dir=RIGHT
MOVE|ts=20260119203533|dir=LEFT
MOVE|ts=20260119203534|dir=LEFT
MOVE|ts=20260119203534|dir=LEFT
MOVE|ts=20260119203534|dir=LEFT
MOVE|ts=20260119203535|dir=LEFT
MOVE|ts=20260119203535|dir=LEFT
MOVE|ts=20260119203535|dir=LEFT
MOVE|ts=20260119203535|dir=LEFT
MOVE|ts=20260119203535|dir=LEFT
MOVE|ts=20260119203535|dir=LEFT
MOVE|ts=20260119203535|dir=LEFT
MOVE|ts=20260119203535|dir=LEFT
MOVE|ts=20260119203535|dir=LEFT
MOVE|ts=20260119203535|dir=LEFT
MOVE|ts=20260119203535|dir=LEFT
MOVE|ts=20260119203535|dir=LEFT
MOVE|ts=20260119203535|dir=LEFT
MOVE|ts=20260119203535|dir=LEFT
MOVE|ts=20260119203535|dir=LEFT
MOVE|ts=20260119203535|dir=DOWN
MOVE|ts=20260119203536|dir=LEFT
MOVE|ts=20260119203537|dir=RIGHT
MOVE|ts=20260119203538|dir=UP
MOVE|ts=20260119203538|dir=RIGHT
MOVE|ts=20260119203539|dir=UP
MOVE|ts=20260119203539|dir=RIGHT
MOVE|ts=20260119203540|dir=DOWN
MOVE|ts=20260119203540|dir=RIGHT
MOVE|ts=20260119203542|dir=DOWN
MOVE|ts=20260119203542|dir=RIGHT
MOVE|ts=20260119203544|dir=DOWN
MOVE|ts=20260119203545|dir=DOWN
MOVE|ts=20260119203545|dir=RIGHT
MOVE|ts=20260119203548|dir=RIGHT
MOVE|ts=20260119203549|dir=RIGHT
MOVE|ts=20260119203549|dir=RIGHT
MOVE|ts=20260119203549|dir=RIGHT
MOVE|ts=20260119203549|dir=RIGHT
MOVE|ts=20260119203549|dir=RIGHT
MOVE|ts=20260119203549|dir=RIGHT
MOVE|ts=20260119203549|dir=RIGHT
MOVE|ts=20260119203549|dir=RIGHT
MOVE|ts=20260119203549|dir=RIGHT
MOVE|ts=20260119203549|dir=RIGHT
MOVE|ts=20260119203549|dir=RIGHT
MOVE|ts=20260119203549|dir=RIGHT
MOVE|ts=20260119203549|dir=RIGHT
MOVE|ts=20260119203549|dir=RIGHT
MOVE|ts=20260119203549|dir=RIGHT
MOVE|ts=20260119203549|dir=RIGHT
MOVE|ts=20260119203549|dir=RIGHT
MOVE|ts=20260119203549|dir=RIGHT
MOVE|ts=20260119203549|dir=RIGHT
MOVE|ts=20260119203549|dir=RIGHT
MOVE|ts=20260119203549|dir=RIGHT
MOVE|ts=20260119203549|dir=RIGHT
MOVE|ts=20260119203549|dir=RIGHT
MOVE|ts=20260119203549|dir=RIGHT
MOVE|ts=20260119203549|dir=RIGHT
MOVE|ts=20260119203549|dir=RIGHT
MOVE|ts=20260119203549|dir=RIGHT
MOVE|ts=20260119203550|dir=RIGHT
MOVE|ts=20260119203550|dir=DOWN
MOVE|ts=20260119203550|dir=DOWN
MOVE|ts=20260119203550|dir=DOWN
MOVE|ts=20260119203550|dir=DOWN
MOVE|ts=20260119203550|dir=DOWN
MOVE|ts=20260119203550|dir=DOWN
MOVE|ts=20260119203550|dir=DOWN
MOVE|ts=20260119203550|dir=DOWN
MOVE|ts=20260119203550|dir=DOWN
MOVE|ts=20260119203550|dir=DOWN
MOVE|ts=20260119203550|dir=DOWN
MOVE|ts=20260119203550|dir=DOWN
MOVE|ts=20260119203550|dir=DOWN
MOVE|ts=20260119203551|dir=DOWN
MOVE|ts=20260119203551|dir=DOWN
MOVE|ts=20260119203551|dir=DOWN
MOVE|ts=20260119203551|dir=DOWN
MOVE|ts=20260119203551|dir=DOWN
MOVE|ts=20260119203551|dir=DOWN
MOVE|ts=20260119203551|dir=DOWN
MOVE|ts=20260119203551|dir=DOWN
MOVE|ts=20260119203551|dir=DOWN
MOVE|ts=20260119203551|dir=DOWN
MOVE|ts=20260119203551|dir=DOWN
MOVE|ts=20260119203551|dir=DOWN
MOVE|ts=20260119203551|dir=DOWN
MOVE|ts=20260119203551|dir=DOWN
MOVE|ts=20260119203551|dir=DOWN
MOVE|ts=20260119203551|dir=DOWN
MOVE|ts=20260119203551|dir=DOWN
MOVE|ts=20260119203551|dir=DOWN
MOVE|ts=20260119203551|dir=DOWN
MOVE|ts=20260119203551|dir=DOWN
MOVE|ts=20260119203551|dir=DOWN
MOVE|ts=20260119203551|dir=DOWN
MOVE|ts=20260119203551|dir=DOWN
MOVE|ts=20260119203551|dir=DOWN
MOVE|ts=20260119203551|dir=DOWN
MOVE|ts=20260119203551|dir=DOWN
MOVE|ts=20260119203551|dir=DOWN
MOVE|ts=20260119203551|dir=DOWN
MOVE|ts=20260119203551|dir=DOWN
MOVE|ts=20260119203551|dir=DOWN
MOVE|ts=20260119203552|dir=DOWN
MOVE|ts=20260119203552|dir=DOWN
MOVE|ts=20260119203552|dir=RIGHT
MOVE|ts=20260119203553|dir=RIGHT
MOVE|ts=20260119203553|dir=LEFT
MOVE|ts=20260119203555|dir=DOWN
MOVE|ts=20260119203556|dir=DOWN
MOVE|ts=20260119203556|dir=DOWN
MOVE|ts=20260119203556|dir=DOWN
MOVE|ts=20260119203556|dir=DOWN
MOVE|ts=20260119203556|dir=DOWN
MOVE|ts=20260119203556|dir=DOWN
MOVE|ts=20260119203556|dir=DOWN
MOVE|ts=20260119203556|dir=DOWN
MOVE|ts=20260119203556|dir=DOWN
MOVE|ts=20260119203556|dir=DOWN
MOVE|ts=20260119203556|dir=DOWN
MOVE|ts=20260119203556|dir=DOWN
MOVE|ts=20260119203556|dir=DOWN
MOVE|ts=20260119203556|dir=DOWN
MOVE|ts=20260119203556|dir=DOWN
MOVE|ts=20260119203556|dir=DOWN
MOVE|ts=20260119203557|dir=DOWN
MOVE|ts=20260119203557|dir=DOWN
MOVE|ts=20260119203557|dir=DOWN
MOVE|ts=20260119203557|dir=DOWN
MOVE|ts=20260119203557|dir=DOWN
MOVE|ts=20260119203557|dir=DOWN
MOVE|ts=20260119203557|dir=DOWN
MOVE|ts=20260119203557|dir=DOWN
MOVE|ts=20260119203557|dir=RIGHT
MOVE|ts=20260119203558|dir=DOWN
MOVE|ts=20260119203558|dir=RIGHT
MOVE|ts=20260119203604|dir=RIGHT
MOVE|ts=20260119203605|dir=RIGHT
MOVE|ts=20260119203605|dir=DOWN
MOVE|ts=20260119203605|dir=RIGHT
MOVE|ts=20260119203606|dir=DOWN
MOVE|ts=20260119203606|dir=DOWN
MOVE|ts=20260119203607|dir=DOWN
MOVE|ts=20260119203607|dir=DOWN
MOVE|ts=20260119203607|dir=DOWN
MOVE|ts=20260119203607|dir=DOWN
MOVE|ts=20260119203607|dir=DOWN
MOVE|ts=20260119203607|dir=DOWN
MOVE|ts=20260119203607|dir=DOWN
MOVE|ts=20260119203607|dir=DOWN
MOVE|ts=20260119203607|dir=DOWN
MOVE|ts=20260119203607|dir=DOWN
MOVE|ts=20260119203607|dir=DOWN
MOVE|ts=20260119203607|dir=DOWN
MOVE|ts=20260119203607|dir=DOWN
MOVE|ts=20260119203607|dir=DOWN
MOVE|ts=20260119203607|dir=DOWN
MOVE|ts=20260119203607|dir=DOWN
MOVE|ts=20260119203607|dir=DOWN
MOVE|ts=20260119203607|dir=DOWN
MOVE|ts=20260119203608|dir=DOWN
MOVE|ts=20260119203608|dir=DOWN
MOVE|ts=20260119203608|dir=DOWN
MOVE|ts=20260119203608|dir=DOWN
MOVE|ts=20260119203608|dir=DOWN
MOVE|ts=20260119203608|dir=DOWN
MOVE|ts=20260119203608|dir=DOWN
MOVE|ts=20260119203608|dir=DOWN
MOVE|ts=20260119203608|dir=DOWN
MOVE|ts=20260119203608|dir=UP
MOVE|ts=20260119203610|dir=UP
MOVE|ts=20260119203611|dir=UP
MOVE|ts=20260119203611|dir=UP
MOVE|ts=20260119203612|dir=LEFT
MOVE|ts=20260119203613|dir=UP
MOVE|ts=20260119203613|dir=UP
MOVE|ts=20260119203613|dir=UP
MOVE|ts=20260119203615|dir=DOWN
MOVE|ts=20260119203617|dir=DOWN
MOVE|ts=20260119203618|dir=DOWN
MOVE|ts=20260119203618|dir=DOWN
MOVE|ts=20260119203618|dir=DOWN
MOVE|ts=20260119203618|dir=DOWN
MOVE|ts=20260119203619|dir=DOWN
MOVE|ts=20260119203620|dir=DOWN
MOVE|ts=20260119203620|dir=DOWN
MOVE|ts=20260119203620|dir=RIGHT
MOVE|ts=20260119203621|dir=DOWN
MOVE|ts=20260119203623|dir=DOWN
MOVE|ts=20260119203624|dir=LEFT
MOVE|ts=20260119203624|dir=LEFT
MOVE|ts=20260119203625|dir=RIGHT
MOVE|ts=20260119203626|dir=UP
MOVE|ts=20260119203626|dir=UP
MOVE|ts=20260119203626|dir=UP
MOVE|ts=20260119203626|dir=UP
MOVE|ts=20260119203626|dir=UP
MOVE|ts=20260119203626|dir=UP
MOVE|ts=20260119203626|dir=UP
MOVE|ts=20260119203626|dir=UP
MOVE|ts=20260119203626|dir=UP
MOVE|ts=20260119203626|dir=UP
MOVE|ts=20260119203627|dir=UP
MOVE|ts=20260119203627|dir=UP
MOVE|ts=20260119203627|dir=UP
MOVE|ts=20260119203627|dir=UP
MOVE|ts=20260119203627|dir=UP
MOVE|ts=20260119203627|dir=UP
MOVE|ts=20260119203627|dir=UP
MOVE|ts=20260119203627|dir=UP
MOVE|ts=20260119203627|dir=UP
MOVE|ts=20260119203627|dir=UP
MOVE|ts=20260119203627|dir=UP
MOVE|ts=20260119203627|dir=UP
MOVE|ts=20260119203627|dir=UP
MOVE|ts=20260119203627|dir=UP
MOVE|ts=20260119203627|dir=UP
MOVE|ts=20260119203627|dir=UP
MOVE|ts=20260119203627|dir=UP
MOVE|ts=20260119203627|dir=UP
MOVE|ts=20260119203627|dir=RIGHT
MOVE|ts=20260119203628|dir=UP
MOVE|ts=20260119203628|dir=UP
MOVE|ts=20260119203628|dir=UP
MOVE|ts=20260119203628|dir=UP
MOVE|ts=20260119203628|dir=UP
MOVE|ts=20260119203628|dir=UP
MOVE|ts=20260119203628|dir=UP
MOVE|ts=20260119203629|dir=UP
MOVE|ts=20260119203629|dir=UP
MOVE|ts=20260119203629|dir=UP
MOVE|ts=20260119203629|dir=UP
MOVE|ts=20260119203629|dir=UP
MOVE|ts=20260119203629|dir=UP
MOVE|ts=20260119203629|dir=UP
MOVE|ts=20260119203629|dir=UP
MOVE|ts=20260119203629|dir=UP
MOVE|ts=20260119203629|dir=UP
MOVE|ts=20260119203629|dir=UP
MOVE|ts=20260119203629|dir=UP
MOVE|ts=20260119203629|dir=UP
MOVE|ts=20260119203629|dir=UP
MOVE|ts=20260119203629|dir=UP
MOVE|ts=20260119203629|dir=UP
MOVE|ts=20260119203629|dir=UP
MOVE|ts=20260119203629|dir=UP
MOVE|ts=20260119203629|dir=UP
MOVE|ts=20260119203629|dir=UP
MOVE|ts=20260119203629|dir=UP
MOVE|ts=20260119203629|dir=UP
MOVE|ts=20260119203630|dir=UP
MOVE|ts=20260119203630|dir=DOWN
MOVE|ts=20260119203631|dir=RIGHT
MOVE|ts=20260119203631|dir=DOWN
MOVE|ts=20260119203631|dir=DOWN
MOVE|ts=20260119203631|dir=DOWN
MOVE|ts=20260119203631|dir=DOWN
MOVE|ts=20260119203631|dir=DOWN
MOVE|ts=20260119203632|dir=DOWN
MOVE|ts=20260119203632|dir=DOWN
MOVE|ts=20260119203632|dir=DOWN
MOVE|ts=20260119203632|dir=DOWN
MOVE|ts=20260119203632|dir=DOWN
MOVE|ts=20260119203632|dir=DOWN
MOVE|ts=20260119203632|dir=DOWN
MOVE|ts=20260119203632|dir=DOWN
MOVE|ts=20260119203632|dir=DOWN
MOVE|ts=20260119203632|dir=DOWN
MOVE|ts=20260119203632|dir=DOWN
MOVE|ts=20260119203633|dir=LEFT
MOVE|ts=20260119203634|dir=LEFT
MOVE|ts=20260119203634|dir=LEFT
MOVE|ts=20260119203634|dir=LEFT
MOVE|ts=20260119203634|dir=LEFT
MOVE|ts=20260119203634|dir=LEFT
MOVE|ts=20260119203634|dir=LEFT
MOVE|ts=20260119203634|dir=LEFT
MOVE|ts=20260119203634|dir=LEFT
MOVE|ts=20260119203634|dir=LEFT
MOVE|ts=20260119203634|dir=LEFT
MOVE|ts=20260119203634|dir=LEFT
MOVE|ts=20260119203634|dir=LEFT
MOVE|ts=20260119203634|dir=LEFT
MOVE|ts=20260119203634|dir=LEFT
MOVE|ts=20260119203634|dir=LEFT
MOVE|ts=20260119203634|dir=LEFT
MOVE|ts=20260119203634|dir=LEFT
MOVE|ts=20260119203634|dir=LEFT
MOVE|ts=20260119203634|dir=LEFT
MOVE|ts=20260119203634|dir=LEFT
MOVE|ts=20260119203634|dir=LEFT
MOVE|ts=20260119203634|dir=LEFT
MOVE|ts=20260119203634|dir=LEFT
MOVE|ts=20260119203634|dir=LEFT
MOVE|ts=20260119203634|dir=LEFT
MOVE|ts=20260119203634|dir=LEFT
MOVE|ts=20260119203634|dir=LEFT
MOVE|ts=20260119203635|dir=LEFT
MOVE|ts=20260119203635|dir=LEFT
MOVE|ts=20260119203635|dir=LEFT
MOVE|ts=20260119203635|dir=LEFT
MOVE|ts=20260119203635|dir=LEFT
MOVE|ts=20260119203635|dir=LEFT
MOVE|ts=20260119203635|dir=LEFT
MOVE|ts=20260119203635|dir=LEFT
MOVE|ts=20260119203635|dir=LEFT
MOVE|ts=20260119203635|dir=LEFT
MOVE|ts=20260119203635|dir=LEFT
MOVE|ts=20260119203635|dir=LEFT
MOVE|ts=20260119203635|dir=LEFT
MOVE|ts=20260119203635|dir=LEFT
MOVE|ts=20260119203635|dir=LEFT
MOVE|ts=20260119203635|dir=LEFT
MOVE|ts=20260119203635|dir=LEFT
MOVE|ts=20260119203635|dir=LEFT
MOVE|ts=20260119203635|dir=LEFT
MOVE|ts=20260119203635|dir=LEFT
MOVE|ts=20260119203635|dir=LEFT
MOVE|ts=20260119203635|dir=LEFT
MOVE|ts=20260119203635|dir=LEFT
MOVE|ts=20260119203635|dir=LEFT
MOVE|ts=20260119203635|dir=LEFT
MOVE|ts=20260119203635|dir=LEFT
MOVE|ts=20260119203635|dir=LEFT
MOVE|ts=20260119203635|dir=LEFT
MOVE|ts=20260119203635|dir=LEFT
MOVE|ts=20260119203635|dir=LEFT
MOVE|ts=20260119203635|dir=LEFT
MOVE|ts=20260119203636|dir=LEFT
MOVE|ts=20260119203636|dir=LEFT
MOVE|ts=20260119203636|dir=LEFT
MOVE|ts=20260119203636|dir=LEFT
MOVE|ts=20260119203636|dir=LEFT
MOVE|ts=20260119203636|dir=LEFT
MOVE|ts=20260119203636|dir=LEFT
MOVE|ts=20260119203636|dir=LEFT
MOVE|ts=20260119203636|dir=LEFT
MOVE|ts=20260119203636|dir=LEFT
MOVE|ts=20260119203636|dir=LEFT
MOVE|ts=20260119203636|dir=LEFT
MOVE|ts=20260119203636|dir=LEFT
MOVE|ts=20260119203636|dir=DOWN
MOVE|ts=20260119203636|dir=LEFT
MOVE|ts=20260119203639|dir=LEFT
MOVE|ts=20260119203639|dir=LEFT
MOVE|ts=20260119203639|dir=LEFT
MOVE|ts=20260119203639|dir=LEFT
MOVE|ts=20260119203639|dir=LEFT
MOVE|ts=20260119203640|dir=LEFT
MOVE|ts=20260119203640|dir=LEFT
MOVE|ts=20260119203640|dir=LEFT
MOVE|ts=20260119203640|dir=LEFT
MOVE|ts=20260119203640|dir=LEFT
MOVE|ts=20260119203640|dir=LEFT
MOVE|ts=20260119203640|dir=LEFT
MOVE|ts=20260119203640|dir=LEFT
MOVE|ts=20260119203640|dir=LEFT
MOVE|ts=20260119203640|dir=LEFT
MOVE|ts=20260119203640|dir=LEFT
MOVE|ts=20260119203640|dir=LEFT
MOVE|ts=20260119203640|dir=LEFT
MOVE|ts=20260119203640|dir=LEFT
MOVE|ts=20260119203640|dir=LEFT
MOVE|ts=20260119203640|dir=LEFT
MOVE|ts=20260119203640|dir=LEFT
MOVE|ts=20260119203640|dir=LEFT
MOVE|ts=20260119203640|dir=LEFT
MOVE|ts=20260119203640|dir=LEFT
MOVE|ts=20260119203640|dir=LEFT
MOVE|ts=20260119203640|dir=LEFT
MOVE|ts=20260119203640|dir=LEFT
MOVE|ts=20260119203640|dir=LEFT
MOVE|ts=20260119203640|dir=LEFT
MOVE|ts=20260119203640|dir=LEFT
MOVE|ts=20260119203640|dir=LEFT
MOVE|ts=20260119203640|dir=LEFT
MOVE|ts=20260119203640|dir=LEFT
MOVE|ts=20260119203640|dir=LEFT
MOVE|ts=20260119203641|dir=LEFT
MOVE|ts=20260119203641|dir=LEFT
MOVE|ts=20260119203641|dir=LEFT
MOVE|ts=20260119203641|dir=LEFT
MOVE|ts=20260119203641|dir=LEFT
MOVE|ts=20260119203641|dir=LEFT
MOVE|ts=20260119203641|dir=LEFT
MOVE|ts=20260119203641|dir=LEFT
MOVE|ts=20260119203641|dir=LEFT
MOVE|ts=20260119203641|dir=LEFT
MOVE|ts=20260119203641|dir=LEFT
MOVE|ts=20260119203641|dir=LEFT
MOVE|ts=20260119203641|dir=LEFT
MOVE|ts=20260119203641|dir=LEFT
MOVE|ts=20260119203641|dir=LEFT
MOVE|ts=20260119203641|dir=LEFT
MOVE|ts=20260119203641|dir=LEFT
MOVE|ts=20260119203641|dir=LEFT
MOVE|ts=20260119203641|dir=LEFT
MOVE|ts=20260119203641|dir=LEFT
MOVE|ts=20260119203641|dir=LEFT
MOVE|ts=20260119203641|dir=LEFT
MOVE|ts=20260119203641|dir=LEFT
MOVE|ts=20260119203641|dir=LEFT
MOVE|ts=20260119203641|dir=LEFT
MOVE|ts=20260119203641|dir=LEFT
MOVE|ts=20260119203641|dir=LEFT
MOVE|ts=20260119203641|dir=LEFT
MOVE|ts=20260119203641|dir=LEFT
MOVE|ts=20260119203641|dir=LEFT
MOVE|ts=20260119203642|dir=LEFT
MOVE|ts=20260119203642|dir=LEFT
MOVE|ts=20260119203642|dir=LEFT
MOVE|ts=20260119203642|dir=LEFT
MOVE|ts=20260119203642|dir=LEFT
MOVE|ts=20260119203642|dir=LEFT
MOVE|ts=20260119203642|dir=LEFT
MOVE|ts=20260119203642|dir=LEFT
MOVE|ts=20260119203642|dir=LEFT
MOVE|ts=20260119203642|dir=LEFT
MOVE|ts=20260119203642|dir=LEFT
MOVE|ts=20260119203642|dir=LEFT
MOVE|ts=20260119203642|dir=LEFT
MOVE|ts=20260119203642|dir=LEFT
MOVE|ts=20260119203644|dir=RIGHT
MOVE|ts=20260119203644|dir=UP
MOVE|ts=20260119203647|dir=UP
MOVE|ts=20260119203647|dir=LEFT
MOVE|ts=20260119203651|dir=LEFT
MOVE|ts=20260119203651|dir=DOWN
MOVE|ts=20260119203652|dir=LEFT
MOVE|ts=20260119203652|dir=LEFT
MOVE|ts=20260119203652|dir=LEFT
MOVE|ts=20260119203652|dir=LEFT
MOVE|ts=20260119203652|dir=LEFT
MOVE|ts=20260119203652|dir=LEFT
MOVE|ts=20260119203652|dir=LEFT
MOVE|ts=20260119203652|dir=LEFT
MOVE|ts=20260119203652|dir=LEFT
MOVE|ts=20260119203653|dir=LEFT
MOVE|ts=20260119203653|dir=LEFT
MOVE|ts=20260119203653|dir=LEFT
MOVE|ts=20260119203653|dir=LEFT
MOVE|ts=20260119203653|dir=LEFT
MOVE|ts=20260119203653|dir=LEFT
MOVE|ts=20260119203653|dir=LEFT
MOVE|ts=20260119203653|dir=LEFT
MOVE|ts=20260119203653|dir=LEFT
MOVE|ts=20260119203653|dir=LEFT
MOVE|ts=20260119203653|dir=LEFT
MOVE|ts=20260119203653|dir=LEFT
MOVE|ts=20260119203653|dir=LEFT
MOVE|ts=20260119203653|dir=LEFT
MOVE|ts=20260119203653|dir=LEFT
MOVE|ts=20260119203653|dir=LEFT
MOVE|ts=20260119203653|dir=LEFT
MOVE|ts=20260119203653|dir=LEFT
MOVE|ts=20260119203653|dir=LEFT
MOVE|ts=20260119203653|dir=LEFT
MOVE|ts=20260119203653|dir=LEFT
MOVE|ts=20260119203653|dir=LEFT
MOVE|ts=20260119203653|dir=LEFT
MOVE|ts=20260119203653|dir=LEFT
MOVE|ts=20260119203653|dir=LEFT
MOVE|ts=20260119203654|dir=LEFT
MOVE|ts=20260119203654|dir=UP
MOVE|ts=20260119203655|dir=UP
MOVE|ts=20260119203655|dir=DOWN
MOVE|ts=20260119203655|dir=DOWN
MOVE|ts=20260119203656|dir=DOWN
MOVE|ts=20260119203656|dir=DOWN
MOVE|ts=20260119203656|dir=LEFT
MOVE|ts=20260119203656|dir=LEFT
MOVE|ts=20260119203656|dir=UP
MOVE|ts=20260119203656|dir=LEFT
MOVE|ts=20260119203657|dir=LEFT
MOVE|ts=20260119203658|dir=RIGHT
MOVE|ts=20260119203659|dir=DOWN
MOVE|ts=20260119203659|dir=RIGHT
MOVE|ts=20260119203700|dir=RIGHT
MOVE|ts=20260119203700|dir=RIGHT
MOVE|ts=20260119203700|dir=RIGHT
MOVE|ts=20260119203700|dir=RIGHT
MOVE|ts=20260119203700|dir=RIGHT
MOVE|ts=20260119203700|dir=RIGHT
MOVE|ts=20260119203700|dir=RIGHT
MOVE|ts=20260119203700|dir=RIGHT
MOVE|ts=20260119203700|dir=RIGHT
MOVE|ts=20260119203700|dir=RIGHT
MOVE|ts=20260119203701|dir=RIGHT
MOVE|ts=20260119203701|dir=RIGHT
MOVE|ts=20260119203701|dir=RIGHT
MOVE|ts=20260119203701|dir=RIGHT
MOVE|ts=20260119203701|dir=RIGHT
MOVE|ts=20260119203701|dir=RIGHT
MOVE|ts=20260119203701|dir=RIGHT
MOVE|ts=20260119203701|dir=RIGHT
MOVE|ts=20260119203701|dir=RIGHT
MOVE|ts=20260119203701|dir=RIGHT
MOVE|ts=20260119203701|dir=RIGHT
MOVE|ts=20260119203701|dir=RIGHT
MOVE|ts=20260119203701|dir=RIGHT
MOVE|ts=20260119203701|dir=RIGHT
MOVE|ts=20260119203701|dir=RIGHT
MOVE|ts=20260119203701|dir=RIGHT
MOVE|ts=20260119203701|dir=RIGHT
MOVE|ts=20260119203701|dir=RIGHT
MOVE|ts=20260119203701|dir=RIGHT
MOVE|ts=20260119203701|dir=UP
MOVE|ts=20260119203703|dir=UP
MOVE|ts=20260119203703|dir=UP
MOVE|ts=20260119203703|dir=UP
MOVE|ts=20260119203703|dir=UP
MOVE|ts=20260119203703|dir=UP
MOVE|ts=20260119203703|dir=UP
MOVE|ts=20260119203703|dir=UP
MOVE|ts=20260119203703|dir=UP
MOVE|ts=20260119203704|dir=UP
MOVE|ts=20260119203704|dir=LEFT
MOVE|ts=20260119203704|dir=LEFT
MOVE|ts=20260119203704|dir=LEFT
MOVE|ts=20260119203704|dir=LEFT
MOVE|ts=20260119203704|dir=LEFT
MOVE|ts=20260119203704|dir=LEFT
MOVE|ts=20260119203704|dir=LEFT
MOVE|ts=20260119203704|dir=LEFT
MOVE|ts=20260119203704|dir=LEFT
MOVE|ts=20260119203704|dir=LEFT
MOVE|ts=20260119203704|dir=LEFT
MOVE|ts=20260119203704|dir=LEFT
MOVE|ts=20260119203704|dir=LEFT
MOVE|ts=20260119203705|dir=LEFT
MOVE|ts=20260119203705|dir=LEFT
MOVE|ts=20260119203705|dir=LEFT
MOVE|ts=20260119203705|dir=LEFT
MOVE|ts=20260119203705|dir=LEFT
MOVE|ts=20260119203705|dir=LEFT
MOVE|ts=20260119203705|dir=LEFT
MOVE|ts=20260119203705|dir=LEFT
MOVE|ts=20260119203705|dir=LEFT
MOVE|ts=20260119203705|dir=LEFT
MOVE|ts=20260119203705|dir=LEFT
MOVE|ts=20260119203705|dir=LEFT
MOVE|ts=20260119203705|dir=LEFT
MOVE|ts=20260119203705|dir=LEFT
MOVE|ts=20260119203705|dir=LEFT
MOVE|ts=20260119203705|dir=LEFT
MOVE|ts=20260119203705|dir=LEFT
MOVE|ts=20260119203705|dir=LEFT
MOVE|ts=20260119203706|dir=RIGHT
MOVE|ts=20260119203706|dir=RIGHT
MOVE|ts=20260119203706|dir=RIGHT
MOVE|ts=20260119203706|dir=RIGHT
MOVE|ts=20260119203706|dir=RIGHT
MOVE|ts=20260119203706|dir=RIGHT
MOVE|ts=20260119203706|dir=RIGHT
MOVE|ts=20260119203706|dir=RIGHT
MOVE|ts=20260119203707|dir=UP
MOVE|ts=20260119203707|dir=RIGHT
MOVE|ts=20260119203707|dir=DOWN
MOVE|ts=20260119203708|dir=DOWN
MOVE|ts=20260119203709|dir=DOWN
MOVE|ts=20260119203709|dir=DOWN
MOVE|ts=20260119203710|dir=LEFT
MOVE|ts=20260119203710|dir=DOWN
MOVE|ts=20260119203710|dir=LEFT
MOVE|ts=20260119203712|dir=LEFT
MOVE|ts=20260119203712|dir=DOWN
MOVE|ts=20260119203713|dir=RIGHT
MOVE|ts=20260119203713|dir=RIGHT
MOVE|ts=20260119203714|dir=RIGHT
MOVE|ts=20260119203714|dir=RIGHT
MOVE|ts=20260119203714|dir=RIGHT
MOVE|ts=20260119203714|dir=RIGHT
MOVE|ts=20260119203714|dir=RIGHT
MOVE|ts=20260119203714|dir=RIGHT
MOVE|ts=20260119203714|dir=RIGHT
MOVE|ts=20260119203714|dir=RIGHT
MOVE|ts=20260119203714|dir=RIGHT
MOVE|ts=20260119203714|dir=RIGHT
MOVE|ts=20260119203714|dir=RIGHT
MOVE|ts=20260119203714|dir=RIGHT
MOVE|ts=20260119203714|dir=RIGHT
MOVE|ts=20260119203714|dir=RIGHT
MOVE|ts=20260119203714|dir=RIGHT
MOVE|ts=20260119203714|dir=RIGHT
MOVE|ts=20260119203714|dir=RIGHT
MOVE|ts=20260119203714|dir=RIGHT
MOVE|ts=20260119203714|dir=RIGHT
MOVE|ts=20260119203714|dir=UP
MOVE|ts=20260119203715|dir=UP
MOVE|ts=20260119203715|dir=UP
MOVE|ts=20260119203716|dir=UP
MOVE|ts=20260119203717|dir=UP
MOVE|ts=20260119203717|dir=LEFT
MOVE|ts=20260119203717|dir=UP
MOVE|ts=20260119203718|dir=LEFT
MOVE|ts=20260119203718|dir=LEFT
MOVE|ts=20260119203719|dir=RIGHT
MOVE|ts=20260119203721|dir=DOWN
MOVE|ts=20260119203722|dir=DOWN
MOVE|ts=20260119203722|dir=DOWN
MOVE|ts=20260119203722|dir=DOWN
MOVE|ts=20260119203722|dir=DOWN
MOVE|ts=20260119203722|dir=DOWN
MOVE|ts=20260119203722|dir=DOWN
MOVE|ts=20260119203722|dir=DOWN
MOVE|ts=20260119203722|dir=DOWN
MOVE|ts=20260119203722|dir=DOWN
MOVE|ts=20260119203722|dir=DOWN
MOVE|ts=20260119203722|dir=LEFT
MOVE|ts=20260119203723|dir=LEFT
MOVE|ts=20260119203723|dir=LEFT
MOVE|ts=20260119203723|dir=LEFT
MOVE|ts=20260119203723|dir=LEFT
MOVE|ts=20260119203723|dir=LEFT
MOVE|ts=20260119203723|dir=LEFT
MOVE|ts=20260119203723|dir=LEFT
MOVE|ts=20260119203723|dir=LEFT
MOVE|ts=20260119203723|dir=LEFT
MOVE|ts=20260119203723|dir=LEFT
MOVE|ts=20260119203724|dir=UP
MOVE|ts=20260119203724|dir=LEFT
MOVE|ts=20260119203727|dir=RIGHT
MOVE|ts=20260119203727|dir=RIGHT
MOVE|ts=20260119203727|dir=RIGHT
MOVE|ts=20260119203727|dir=RIGHT
MOVE|ts=20260119203727|dir=RIGHT
MOVE|ts=20260119203727|dir=RIGHT
MOVE|ts=20260119203727|dir=RIGHT
MOVE|ts=20260119203727|dir=RIGHT
MOVE|ts=20260119203727|dir=RIGHT
MOVE|ts=20260119203727|dir=RIGHT
MOVE|ts=20260119203728|dir=LEFT
MOVE|ts=20260119203730|dir=LEFT
MOVE|ts=20260119203732|dir=RIGHT
MOVE|ts=20260119203733|dir=RIGHT
MOVE|ts=20260119203733|dir=RIGHT
MOVE|ts=20260119203736|dir=RIGHT
MOVE|ts=20260119203736|dir=RIGHT
MOVE|ts=20260119203737|dir=RIGHT
MOVE|ts=20260119203748|dir=UP
MOVE|ts=20260119203750|dir=DOWN
MOVE|ts=20260119203753|dir=LEFT
MOVE|ts=20260119203753|dir=LEFT
MOVE|ts=20260119203753|dir=LEFT
MOVE|ts=20260119203753|dir=UP
MOVE|ts=20260119203753|dir=LEFT
MOVE|ts=20260119203754|dir=LEFT
MOVE|ts=20260119203754|dir=LEFT
MOVE|ts=20260119203754|dir=LEFT
MOVE|ts=20260119203754|dir=LEFT
MOVE|ts=20260119203754|dir=LEFT
MOVE|ts=20260119203754|dir=LEFT
MOVE|ts=20260119203754|dir=LEFT
MOVE|ts=20260119203754|dir=LEFT
MOVE|ts=20260119203754|dir=LEFT
MOVE|ts=20260119203754|dir=LEFT
MOVE|ts=20260119203754|dir=LEFT
MOVE|ts=20260119203755|dir=DOWN
MOVE|ts=20260119203756|dir=LEFT
MOVE|ts=20260119203757|dir=DOWN
MOVE|ts=20260119203757|dir=DOWN
MOVE|ts=20260119203757|dir=DOWN
MOVE|ts=20260119203757|dir=DOWN
MOVE|ts=20260119203757|dir=DOWN
MOVE|ts=20260119203757|dir=DOWN
MOVE|ts=20260119203757|dir=DOWN
MOVE|ts=20260119203757|dir=RIGHT
MOVE|ts=20260119203758|dir=DOWN
MOVE|ts=20260119203758|dir=DOWN
MOVE|ts=20260119203758|dir=UP
MOVE|ts=20260119203759|dir=UP
MOVE|ts=20260119203759|dir=UP
MOVE|ts=20260119203759|dir=UP
MOVE|ts=20260119203759|dir=UP
MOVE|ts=20260119203759|dir=UP
MOVE|ts=20260119203759|dir=UP
MOVE|ts=20260119203759|dir=UP
MOVE|ts=20260119203800|dir=RIGHT
MOVE|ts=20260119203800|dir=RIGHT
MOVE|ts=20260119203800|dir=RIGHT
MOVE|ts=20260119203800|dir=RIGHT
MOVE|ts=20260119203801|dir=UP
MOVE|ts=20260119203801|dir=RIGHT
MOVE|ts=20260119203802|dir=RIGHT
MOVE|ts=20260119203802|dir=RIGHT
MOVE|ts=20260119203802|dir=RIGHT
MOVE|ts=20260119203802|dir=RIGHT
MOVE|ts=20260119203802|dir=RIGHT
MOVE|ts=20260119203802|dir=RIGHT
MOVE|ts=20260119203802|dir=RIGHT
MOVE|ts=20260119203802|dir=RIGHT
MOVE|ts=20260119203802|dir=RIGHT
MOVE|ts=20260119203802|dir=RIGHT
MOVE|ts=20260119203802|dir=RIGHT
MOVE|ts=20260119203802|dir=RIGHT
MOVE|ts=20260119203802|dir=RIGHT
MOVE|ts=20260119203802|dir=RIGHT
MOVE|ts=20260119203802|dir=RIGHT
MOVE|ts=20260119203802|dir=RIGHT
MOVE|ts=20260119203802|dir=RIGHT
MOVE|ts=20260119203802|dir=RIGHT
MOVE|ts=20260119203802|dir=RIGHT
MOVE|ts=20260119203804|dir=LEFT
MOVE|ts=20260119203804|dir=LEFT
MOVE|ts=20260119203804|dir=LEFT
MOVE|ts=20260119203806|dir=RIGHT
MOVE|ts=20260119203807|dir=RIGHT
MOVE|ts=20260119203807|dir=RIGHT
MOVE|ts=20260119203807|dir=RIGHT
MOVE|ts=20260119203807|dir=RIGHT
MOVE|ts=20260119203807|dir=RIGHT
MOVE|ts=20260119203807|dir=RIGHT
MOVE|ts=20260119203807|dir=RIGHT
MOVE|ts=20260119203807|dir=RIGHT
MOVE|ts=20260119203807|dir=RIGHT
MOVE|ts=20260119203807|dir=RIGHT
MOVE|ts=20260119203807|dir=RIGHT
MOVE|ts=20260119203807|dir=RIGHT
MOVE|ts=20260119203807|dir=RIGHT
MOVE|ts=20260119203807|dir=RIGHT
MOVE|ts=20260119203807|dir=RIGHT
MOVE|ts=20260119203807|dir=RIGHT
MOVE|ts=20260119203807|dir=RIGHT
MOVE|ts=20260119203807|dir=RIGHT
MOVE|ts=20260119203807|dir=RIGHT
MOVE|ts=20260119203807|dir=RIGHT
MOVE|ts=20260119203807|dir=RIGHT
MOVE|ts=20260119203807|dir=RIGHT
MOVE|ts=20260119203807|dir=RIGHT
MOVE|ts=20260119203807|dir=RIGHT
MOVE|ts=20260119203807|dir=RIGHT
MOVE|ts=20260119203807|dir=RIGHT
MOVE|ts=20260119203807|dir=RIGHT
MOVE|ts=20260119203807|dir=RIGHT
MOVE|ts=20260119203808|dir=RIGHT
MOVE|ts=20260119203809|dir=RIGHT
MOVE|ts=20260119203809|dir=RIGHT
MOVE|ts=20260119203809|dir=RIGHT
MOVE|ts=20260119203809|dir=RIGHT
MOVE|ts=20260119203809|dir=RIGHT
MOVE|ts=20260119203809|dir=RIGHT
MOVE|ts=20260119203810|dir=RIGHT
MOVE|ts=20260119203810|dir=RIGHT
MOVE|ts=20260119203810|dir=RIGHT
MOVE|ts=20260119203810|dir=UP
MOVE|ts=20260119203810|dir=RIGHT
MOVE|ts=20260119203810|dir=RIGHT
MOVE|ts=20260119203810|dir=RIGHT
MOVE|ts=20260119203810|dir=RIGHT
MOVE|ts=20260119203810|dir=RIGHT
MOVE|ts=20260119203811|dir=RIGHT
MOVE|ts=20260119203811|dir=RIGHT
MOVE|ts=20260119203811|dir=RIGHT
MOVE|ts=20260119203811|dir=RIGHT
MOVE|ts=20260119203811|dir=RIGHT
MOVE|ts=20260119203811|dir=RIGHT
MOVE|ts=20260119203811|dir=RIGHT
MOVE|ts=20260119203811|dir=RIGHT
MOVE|ts=20260119203811|dir=RIGHT
MOVE|ts=20260119203811|dir=UP
MOVE|ts=20260119203811|dir=RIGHT
MOVE|ts=20260119203811|dir=RIGHT
MOVE|ts=20260119203811|dir=RIGHT
MOVE|ts=20260119203812|dir=RIGHT
MOVE|ts=20260119203812|dir=RIGHT
MOVE|ts=20260119203812|dir=RIGHT
MOVE|ts=20260119203812|dir=RIGHT
MOVE|ts=20260119203812|dir=RIGHT
MOVE|ts=20260119203812|dir=RIGHT
MOVE|ts=20260119203812|dir=RIGHT
MOVE|ts=20260119203812|dir=RIGHT
MOVE|ts=20260119203812|dir=RIGHT
MOVE|ts=20260119203812|dir=RIGHT
MOVE|ts=20260119203812|dir=RIGHT
MOVE|ts=20260119203812|dir=RIGHT
MOVE|ts=20260119203812|dir=RIGHT
MOVE|ts=20260119203812|dir=RIGHT
MOVE|ts=20260119203812|dir=RIGHT
MOVE|ts=20260119203812|dir=RIGHT
MOVE|ts=20260119203812|dir=RIGHT
MOVE|ts=20260119203812|dir=RIGHT
MOVE|ts=20260119203812|dir=RIGHT
MOVE|ts=20260119203812|dir=RIGHT
MOVE|ts=20260119203812|dir=RIGHT
MOVE|ts=20260119203812|dir=RIGHT
MOVE|ts=20260119203812|dir=RIGHT
MOVE|ts=20260119203812|dir=RIGHT
MOVE|ts=20260119203812|dir=RIGHT
MOVE|ts=20260119203812|dir=RIGHT
MOVE|ts=20260119203812|dir=RIGHT
MOVE|ts=20260119203812|dir=RIGHT
MOVE|ts=20260119203826|dir=RIGHT
MOVE|ts=20260119203826|dir=UP
MOVE|ts=20260119203827|dir=UP
MOVE|ts=20260119203827|dir=UP
MOVE|ts=20260119203827|dir=UP
MOVE|ts=20260119203827|dir=UP
MOVE|ts=20260119203827|dir=UP
MOVE|ts=20260119203827|dir=UP
MOVE|ts=20260119203827|dir=UP
MOVE|ts=20260119203827|dir=UP
MOVE|ts=20260119203827|dir=UP
MOVE|ts=20260119203827|dir=UP
MOVE|ts=20260119203827|dir=UP
MOVE|ts=20260119203827|dir=UP
MOVE|ts=20260119203827|dir=UP
MOVE|ts=20260119203827|dir=LEFT
MOVE|ts=20260119203829|dir=LEFT
MOVE|ts=20260119203830|dir=LEFT
MOVE|ts=20260119203830|dir=DOWN
MOVE|ts=20260119203831|dir=DOWN
MOVE|ts=20260119203831|dir=DOWN
MOVE|ts=20260119203831|dir=DOWN
MOVE|ts=20260119203831|dir=DOWN
MOVE|ts=20260119203831|dir=DOWN
MOVE|ts=20260119203831|dir=DOWN
MOVE|ts=20260119203831|dir=DOWN
MOVE|ts=20260119203832|dir=DOWN
MOVE|ts=20260119203832|dir=RIGHT
MOVE|ts=20260119203833|dir=RIGHT
MOVE|ts=20260119203833|dir=RIGHT
MOVE|ts=20260119203833|dir=UP
MOVE|ts=20260119203834|dir=RIGHT
MOVE|ts=20260119203835|dir=UP
MOVE|ts=20260119203835|dir=LEFT
MOVE|ts=20260119203836|dir=LEFT
MOVE|ts=20260119203837|dir=UP
MOVE|ts=20260119203837|dir=LEFT
MOVE|ts=20260119203838|dir=UP
MOVE|ts=20260119203838|dir=LEFT
MOVE|ts=20260119203838|dir=LEFT
MOVE|ts=20260119203839|dir=LEFT
MOVE|ts=20260119203840|dir=LEFT
MOVE|ts=20260119203840|dir=DOWN
MOVE|ts=20260119203841|dir=LEFT
MOVE|ts=20260119203842|dir=LEFT
MOVE|ts=20260119203843|dir=LEFT
MOVE|ts=20260119203843|dir=LEFT
MOVE|ts=20260119203843|dir=LEFT
MOVE|ts=20260119203843|dir=LEFT
MOVE|ts=20260119203843|dir=LEFT
MOVE|ts=20260119203843|dir=LEFT
MOVE|ts=20260119203843|dir=LEFT
MOVE|ts=20260119203843|dir=LEFT
MOVE|ts=20260119203843|dir=LEFT
MOVE|ts=20260119203843|dir=LEFT
MOVE|ts=20260119203843|dir=LEFT
MOVE|ts=20260119203843|dir=LEFT
MOVE|ts=20260119203843|dir=LEFT
MOVE|ts=20260119203843|dir=LEFT
MOVE|ts=20260119203843|dir=LEFT
MOVE|ts=20260119203843|dir=LEFT
MOVE|ts=20260119203843|dir=LEFT
MOVE|ts=20260119203843|dir=LEFT
MOVE|ts=20260119203843|dir=LEFT
MOVE|ts=20260119203843|dir=LEFT
MOVE|ts=20260119203843|dir=LEFT
MOVE|ts=20260119203843|dir=LEFT
MOVE|ts=20260119203843|dir=LEFT
MOVE|ts=20260119203843|dir=LEFT
MOVE|ts=20260119203843|dir=LEFT
MOVE|ts=20260119203843|dir=LEFT
MOVE|ts=20260119203843|dir=LEFT
MOVE|ts=20260119203843|dir=LEFT
MOVE|ts=20260119203843|dir=LEFT
MOVE|ts=20260119203843|dir=LEFT
MOVE|ts=20260119203844|dir=LEFT
MOVE|ts=20260119203844|dir=LEFT
MOVE|ts=20260119203844|dir=LEFT
MOVE|ts=20260119203844|dir=LEFT
MOVE|ts=20260119203844|dir=LEFT
MOVE|ts=20260119203844|dir=LEFT
MOVE|ts=20260119203844|dir=LEFT
MOVE|ts=20260119203844|dir=LEFT
MOVE|ts=20260119203844|dir=LEFT
MOVE|ts=20260119203844|dir=LEFT
MOVE|ts=20260119203844|dir=LEFT
MOVE|ts=20260119203844|dir=LEFT
MOVE|ts=20260119203844|dir=LEFT
MOVE|ts=20260119203844|dir=LEFT
MOVE|ts=20260119203844|dir=LEFT
MOVE|ts=20260119203844|dir=LEFT
MOVE|ts=20260119203844|dir=RIGHT
MOVE|ts=20260119203846|dir=DOWN
MOVE|ts=20260119203846|dir=RIGHT
MOVE|ts=20260119203847|dir=UP
MOVE|ts=20260119203849|dir=RIGHT
MOVE|ts=20260119203850|dir=RIGHT
MOVE|ts=20260119203853|dir=LEFT
MOVE|ts=20260119203853|dir=LEFT
MOVE|ts=20260119203854|dir=LEFT
MOVE|ts=20260119203854|dir=LEFT
MOVE|ts=20260119203855|dir=LEFT
MOVE|ts=20260119203855|dir=LEFT
MOVE|ts=20260119203855|dir=RIGHT
MOVE|ts=20260119203856|dir=RIGHT
MOVE|ts=20260119203856|dir=RIGHT
MOVE|ts=20260119203856|dir=RIGHT
MOVE|ts=20260119203856|dir=RIGHT
MOVE|ts=20260119203856|dir=RIGHT
MOVE|ts=20260119203856|dir=RIGHT
MOVE|ts=20260119203903|dir=LEFT
MOVE|ts=20260119203903|dir=RIGHT
MOVE|ts=20260119203904|dir=RIGHT
MOVE|ts=20260119203904|dir=RIGHT
MOVE|ts=20260119203904|dir=RIGHT
MOVE|ts=20260119203904|dir=RIGHT
MOVE|ts=20260119203904|dir=RIGHT
MOVE|ts=20260119203904|dir=RIGHT
MOVE|ts=20260119203904|dir=RIGHT
MOVE|ts=20260119203904|dir=RIGHT
MOVE|ts=20260119203904|dir=RIGHT
MOVE|ts=20260119203904|dir=RIGHT
MOVE|ts=20260119203904|dir=RIGHT
MOVE|ts=20260119203904|dir=RIGHT
MOVE|ts=20260119203904|dir=RIGHT
MOVE|ts=20260119203904|dir=RIGHT
MOVE|ts=20260119203904|dir=RIGHT
MOVE|ts=20260119203904|dir=RIGHT
MOVE|ts=20260119203904|dir=RIGHT
MOVE|ts=20260119203904|dir=RIGHT
MOVE|ts=20260119203904|dir=RIGHT
MOVE|ts=20260119203904|dir=RIGHT
MOVE|ts=20260119203904|dir=RIGHT
MOVE|ts=20260119203905|dir=RIGHT
MOVE|ts=20260119203905|dir=RIGHT
MOVE|ts=20260119203905|dir=RIGHT
MOVE|ts=20260119203905|dir=RIGHT
MOVE|ts=20260119203905|dir=RIGHT
MOVE|ts=20260119203905|dir=RIGHT
MOVE|ts=20260119203905|dir=RIGHT
MOVE|ts=20260119203905|dir=RIGHT
MOVE|ts=20260119203905|dir=RIGHT
MOVE|ts=20260119203905|dir=RIGHT
MOVE|ts=20260119203905|dir=RIGHT
MOVE|ts=20260119203905|dir=RIGHT
MOVE|ts=20260119203905|dir=RIGHT
MOVE|ts=20260119203905|dir=RIGHT
MOVE|ts=20260119203905|dir=RIGHT
MOVE|ts=20260119203905|dir=RIGHT
MOVE|ts=20260119203905|dir=RIGHT
MOVE|ts=20260119203905|dir=RIGHT
MOVE|ts=20260119203905|dir=RIGHT
MOVE|ts=20260119203905|dir=RIGHT
MOVE|ts=20260119203905|dir=RIGHT
MOVE|ts=20260119203905|dir=RIGHT
MOVE|ts=20260119203905|dir=RIGHT
MOVE|ts=20260119203905|dir=RIGHT
MOVE|ts=20260119203905|dir=RIGHT
MOVE|ts=20260119203905|dir=RIGHT
MOVE|ts=20260119203905|dir=RIGHT
MOVE|ts=20260119203905|dir=RIGHT
MOVE|ts=20260119203905|dir=RIGHT
MOVE|ts=20260119203905|dir=RIGHT
MOVE|ts=20260119203906|dir=RIGHT
MOVE|ts=20260119203906|dir=RIGHT
MOVE|ts=20260119203906|dir=RIGHT
MOVE|ts=20260119203906|dir=RIGHT
MOVE|ts=20260119203906|dir=RIGHT
MOVE|ts=20260119203906|dir=RIGHT
MOVE|ts=20260119203906|dir=RIGHT
MOVE|ts=20260119203906|dir=RIGHT
MOVE|ts=20260119203906|dir=RIGHT
MOVE|ts=20260119203906|dir=RIGHT
MOVE|ts=20260119203906|dir=RIGHT
MOVE|ts=20260119203906|dir=RIGHT
MOVE|ts=20260119203906|dir=RIGHT
MOVE|ts=20260119203906|dir=RIGHT
MOVE|ts=20260119203906|dir=RIGHT
MOVE|ts=20260119203906|dir=RIGHT
MOVE|ts=20260119203906|dir=RIGHT
MOVE|ts=20260119203906|dir=RIGHT
MOVE|ts=20260119203906|dir=RIGHT
MOVE|ts=20260119203906|dir=RIGHT
MOVE|ts=20260119203906|dir=RIGHT
MOVE|ts=20260119203906|dir=RIGHT
MOVE|ts=20260119203906|dir=RIGHT
MOVE|ts=20260119203906|dir=RIGHT
MOVE|ts=20260119203906|dir=RIGHT
MOVE|ts=20260119203906|dir=RIGHT
MOVE|ts=20260119203906|dir=RIGHT
MOVE|ts=20260119203906|dir=RIGHT
MOVE|ts=20260119203906|dir=RIGHT
MOVE|ts=20260119203906|dir=RIGHT
MOVE|ts=20260119203906|dir=RIGHT
MOVE|ts=20260119203907|dir=RIGHT
MOVE|ts=20260119203907|dir=RIGHT
MOVE|ts=20260119203907|dir=RIGHT
MOVE|ts=20260119203907|dir=UP
MOVE|ts=20260119203907|dir=RIGHT
MOVE|ts=20260119203908|dir=UP
MOVE|ts=20260119203908|dir=UP
MOVE|ts=20260119203908|dir=UP
MOVE|ts=20260119203908|dir=UP
MOVE|ts=20260119203909|dir=UP
MOVE|ts=20260119203909|dir=RIGHT
MOVE|ts=20260119203914|dir=DOWN
MOVE|ts=20260119203915|dir=LEFT
MOVE|ts=20260119203915|dir=DOWN
MOVE|ts=20260119203915|dir=DOWN
MOVE|ts=20260119203915|dir=DOWN
MOVE|ts=20260119203915|dir=DOWN
MOVE|ts=20260119203916|dir=DOWN
MOVE|ts=20260119203916|dir=DOWN
MOVE|ts=20260119203916|dir=DOWN
MOVE|ts=20260119203916|dir=DOWN
MOVE|ts=20260119203916|dir=DOWN
MOVE|ts=20260119203916|dir=DOWN
MOVE|ts=20260119203916|dir=DOWN
MOVE|ts=20260119203916|dir=DOWN
MOVE|ts=20260119203916|dir=DOWN
MOVE|ts=20260119203916|dir=DOWN
MOVE|ts=20260119203916|dir=DOWN
MOVE|ts=20260119203916|dir=RIGHT
MOVE|ts=20260119203916|dir=RIGHT
MOVE|ts=20260119203916|dir=RIGHT
MOVE|ts=20260119203916|dir=DOWN
MOVE|ts=20260119203917|dir=RIGHT
MOVE|ts=20260119203917|dir=RIGHT
MOVE|ts=20260119203917|dir=RIGHT
MOVE|ts=20260119203917|dir=RIGHT
MOVE|ts=20260119203918|dir=RIGHT
MOVE|ts=20260119203918|dir=RIGHT
MOVE|ts=20260119203918|dir=RIGHT
MOVE|ts=20260119203918|dir=RIGHT
MOVE|ts=20260119203918|dir=RIGHT
MOVE|ts=20260119203918|dir=RIGHT
MOVE|ts=20260119203918|dir=RIGHT
MOVE|ts=20260119203918|dir=RIGHT
MOVE|ts=20260119203918|dir=RIGHT
MOVE|ts=20260119203918|dir=RIGHT
MOVE|ts=20260119203918|dir=RIGHT
MOVE|ts=20260119203918|dir=RIGHT
MOVE|ts=20260119203918|dir=RIGHT
MOVE|ts=20260119203918|dir=RIGHT
MOVE|ts=20260119203918|dir=RIGHT
MOVE|ts=20260119203918|dir=RIGHT
MOVE|ts=20260119203918|dir=RIGHT
MOVE|ts=20260119203918|dir=RIGHT
MOVE|ts=20260119203918|dir=RIGHT
MOVE|ts=20260119203918|dir=RIGHT
MOVE|ts=20260119203918|dir=RIGHT
MOVE|ts=20260119203918|dir=RIGHT
MOVE|ts=20260119203918|dir=RIGHT
MOVE|ts=20260119203918|dir=RIGHT
MOVE|ts=20260119203918|dir=RIGHT
MOVE|ts=20260119203918|dir=RIGHT
MOVE|ts=20260119203918|dir=RIGHT
MOVE|ts=20260119203918|dir=RIGHT
MOVE|ts=20260119203918|dir=RIGHT
MOVE|ts=20260119203918|dir=RIGHT
MOVE|ts=20260119203918|dir=RIGHT
MOVE|ts=20260119203919|dir=RIGHT
MOVE|ts=20260119203919|dir=RIGHT
MOVE|ts=20260119203919|dir=DOWN
MOVE|ts=20260119203919|dir=RIGHT
MOVE|ts=20260119203920|dir=RIGHT
MOVE|ts=20260119203920|dir=UP
MOVE|ts=20260119203921|dir=DOWN
MOVE|ts=20260119203921|dir=DOWN
MOVE|ts=20260119203921|dir=DOWN
MOVE|ts=20260119203921|dir=DOWN
MOVE|ts=20260119203921|dir=DOWN
MOVE|ts=20260119203921|dir=DOWN
MOVE|ts=20260119203922|dir=DOWN
MOVE|ts=20260119203922|dir=DOWN
MOVE|ts=20260119203922|dir=DOWN
MOVE|ts=20260119203922|dir=DOWN
MOVE|ts=20260119203922|dir=DOWN
MOVE|ts=20260119203922|dir=DOWN
MOVE|ts=20260119203924|dir=RIGHT
MOVE|ts=20260119203924|dir=RIGHT
MOVE|ts=20260119203924|dir=RIGHT
MOVE|ts=20260119203924|dir=RIGHT
MOVE|ts=20260119203924|dir=RIGHT
MOVE|ts=20260119203924|dir=RIGHT
MOVE|ts=20260119203924|dir=RIGHT
MOVE|ts=20260119203924|dir=RIGHT
MOVE|ts=20260119203924|dir=RIGHT
MOVE|ts=20260119203924|dir=RIGHT
MOVE|ts=20260119203924|dir=RIGHT
MOVE|ts=20260119203924|dir=RIGHT
MOVE|ts=20260119203924|dir=RIGHT
MOVE|ts=20260119203924|dir=RIGHT
MOVE|ts=20260119203925|dir=RIGHT
MOVE|ts=20260119203925|dir=RIGHT
MOVE|ts=20260119203925|dir=RIGHT
MOVE|ts=20260119203925|dir=UP
MOVE|ts=20260119203925|dir=RIGHT
MOVE|ts=20260119203925|dir=UP
MOVE|ts=20260119203926|dir=UP
MOVE|ts=20260119203926|dir=RIGHT
MOVE|ts=20260119203926|dir=UP
MOVE|ts=20260119203927|dir=DOWN
MOVE|ts=20260119203927|dir=LEFT
MOVE|ts=20260119203927|dir=DOWN
MOVE|ts=20260119203928|dir=LEFT
MOVE|ts=20260119203928|dir=DOWN
MOVE|ts=20260119203928|dir=DOWN
MOVE|ts=20260119203928|dir=DOWN
MOVE|ts=20260119203928|dir=DOWN
MOVE|ts=20260119203928|dir=DOWN
MOVE|ts=20260119203928|dir=DOWN
MOVE|ts=20260119203929|dir=DOWN
MOVE|ts=20260119203929|dir=RIGHT
MOVE|ts=20260119203929|dir=DOWN
MOVE|ts=20260119203929|dir=DOWN
MOVE|ts=20260119203929|dir=DOWN
MOVE|ts=20260119203929|dir=DOWN
MOVE|ts=20260119203929|dir=DOWN
MOVE|ts=20260119203929|dir=DOWN
MOVE|ts=20260119203929|dir=DOWN
MOVE|ts=20260119203930|dir=DOWN
MOVE|ts=20260119203930|dir=DOWN
MOVE|ts=20260119203930|dir=DOWN
MOVE|ts=20260119203930|dir=DOWN
MOVE|ts=20260119203930|dir=DOWN
MOVE|ts=20260119203930|dir=DOWN
MOVE|ts=20260119203930|dir=DOWN
MOVE|ts=20260119203930|dir=UP
MOVE|ts=20260119203931|dir=UP
MOVE|ts=20260119203931|dir=UP
MOVE|ts=20260119203931|dir=UP
MOVE|ts=20260119203931|dir=UP
MOVE|ts=20260119203931|dir=UP
MOVE|ts=20260119203931|dir=UP
MOVE|ts=20260119203931|dir=UP
MOVE|ts=20260119203931|dir=UP
MOVE|ts=20260119203931|dir=UP
MOVE|ts=20260119203931|dir=UP
MOVE|ts=20260119203931|dir=UP
MOVE|ts=20260119203931|dir=UP
MOVE|ts=20260119203931|dir=UP
MOVE|ts=20260119203931|dir=UP
MOVE|ts=20260119203931|dir=UP
MOVE|ts=20260119203931|dir=UP
MOVE|ts=20260119203931|dir=UP
MOVE|ts=20260119203931|dir=UP
MOVE|ts=20260119203931|dir=UP
MOVE|ts=20260119203932|dir=LEFT
MOVE|ts=20260119203932|dir=LEFT
MOVE|ts=20260119203932|dir=LEFT
MOVE|ts=20260119203932|dir=LEFT
MOVE|ts=20260119203932|dir=LEFT
MOVE|ts=20260119203932|dir=LEFT
MOVE|ts=20260119203932|dir=LEFT
MOVE|ts=20260119203932|dir=LEFT
MOVE|ts=20260119203932|dir=LEFT
MOVE|ts=20260119203932|dir=LEFT
MOVE|ts=20260119203932|dir=LEFT
MOVE|ts=20260119203932|dir=LEFT
MOVE|ts=20260119203932|dir=LEFT
MOVE|ts=20260119203932|dir=LEFT
MOVE|ts=20260119203932|dir=LEFT
MOVE|ts=20260119203932|dir=LEFT
MOVE|ts=20260119203932|dir=LEFT
MOVE|ts=20260119203932|dir=LEFT
MOVE|ts=20260119203932|dir=LEFT
MOVE|ts=20260119203932|dir=LEFT
MOVE|ts=20260119203932|dir=LEFT
MOVE|ts=20260119203932|dir=LEFT
MOVE|ts=20260119203933|dir=RIGHT
MOVE|ts=20260119203933|dir=DOWN
MOVE|ts=20260119203934|dir=DOWN
MOVE|ts=20260119203934|dir=DOWN
MOVE|ts=20260119203934|dir=DOWN
MOVE|ts=20260119203934|dir=DOWN
MOVE|ts=20260119203934|dir=DOWN
MOVE|ts=20260119203934|dir=DOWN
MOVE|ts=20260119203934|dir=DOWN
MOVE|ts=20260119203934|dir=DOWN
MOVE|ts=20260119203934|dir=DOWN
MOVE|ts=20260119203934|dir=DOWN
MOVE|ts=20260119203934|dir=DOWN
MOVE|ts=20260119203934|dir=DOWN
MOVE|ts=20260119203934|dir=DOWN
MOVE|ts=20260119203934|dir=DOWN
MOVE|ts=20260119203934|dir=DOWN
MOVE|ts=20260119203935|dir=DOWN
MOVE|ts=20260119203935|dir=DOWN
MOVE|ts=20260119203935|dir=DOWN
MOVE|ts=20260119203935|dir=DOWN
MOVE|ts=20260119203935|dir=DOWN
MOVE|ts=20260119203935|dir=DOWN
MOVE|ts=20260119203935|dir=DOWN
MOVE|ts=20260119203935|dir=DOWN
MOVE|ts=20260119203935|dir=DOWN
MOVE|ts=20260119203935|dir=DOWN
MOVE|ts=20260119203935|dir=DOWN
MOVE|ts=20260119203935|dir=DOWN
MOVE|ts=20260119203935|dir=DOWN
MOVE|ts=20260119203935|dir=DOWN
MOVE|ts=20260119203935|dir=DOWN
MOVE|ts=20260119203935|dir=DOWN
MOVE|ts=20260119203935|dir=DOWN
MOVE|ts=20260119203935|dir=DOWN
MOVE|ts=20260119203935|dir=RIGHT
MOVE|ts=20260119203936|dir=RIGHT
MOVE|ts=20260119203936|dir=RIGHT
MOVE|ts=20260119203936|dir=RIGHT
MOVE|ts=20260119203936|dir=RIGHT
MOVE|ts=20260119203936|dir=RIGHT
MOVE|ts=20260119203936|dir=RIGHT
MOVE|ts=20260119203936|dir=RIGHT
MOVE|ts=20260119203936|dir=RIGHT
MOVE|ts=20260119203936|dir=RIGHT
MOVE|ts=20260119203936|dir=RIGHT
MOVE|ts=20260119203936|dir=RIGHT
MOVE|ts=20260119203936|dir=RIGHT
MOVE|ts=20260119203936|dir=RIGHT
MOVE|ts=20260119203936|dir=RIGHT
MOVE|ts=20260119203936|dir=RIGHT
MOVE|ts=20260119203936|dir=RIGHT
MOVE|ts=20260119203936|dir=RIGHT
MOVE|ts=20260119203936|dir=RIGHT
MOVE|ts=20260119203936|dir=RIGHT
MOVE|ts=20260119203936|dir=RIGHT
MOVE|ts=20260119203936|dir=RIGHT
MOVE|ts=20260119203936|dir=RIGHT
MOVE|ts=20260119203936|dir=RIGHT
MOVE|ts=20260119203936|dir=RIGHT
MOVE|ts=20260119203936|dir=RIGHT
MOVE|ts=20260119203936|dir=RIGHT
MOVE|ts=20260119203936|dir=RIGHT
MOVE|ts=20260119203937|dir=RIGHT
MOVE|ts=20260119203937|dir=RIGHT
MOVE|ts=20260119203937|dir=RIGHT
MOVE|ts=20260119203937|dir=RIGHT
MOVE|ts=20260119203937|dir=RIGHT
MOVE|ts=20260119203937|dir=RIGHT
MOVE|ts=20260119203937|dir=RIGHT
MOVE|ts=20260119203937|dir=RIGHT
MOVE|ts=20260119203937|dir=RIGHT
MOVE|ts=20260119203937|dir=RIGHT
MOVE|ts=20260119203937|dir=RIGHT
MOVE|ts=20260119203937|dir=RIGHT
MOVE|ts=20260119203937|dir=RIGHT
MOVE|ts=20260119203937|dir=RIGHT
MOVE|ts=20260119203937|dir=RIGHT
MOVE|ts=20260119203937|dir=RIGHT
MOVE|ts=20260119203937|dir=RIGHT
MOVE|ts=20260119203937|dir=RIGHT
MOVE|ts=20260119203937|dir=UP
MOVE|ts=20260119203938|dir=UP
MOVE|ts=20260119203938|dir=UP
MOVE|ts=20260119203938|dir=UP
MOVE|ts=20260119203938|dir=UP
MOVE|ts=20260119203938|dir=RIGHT
MOVE|ts=20260119203938|dir=RIGHT
MOVE|ts=20260119203938|dir=RIGHT
MOVE|ts=20260119203938|dir=RIGHT
MOVE|ts=20260119203938|dir=RIGHT
MOVE|ts=20260119203939|dir=RIGHT
MOVE|ts=20260119203939|dir=RIGHT
MOVE|ts=20260119203939|dir=RIGHT
MOVE|ts=20260119203939|dir=RIGHT
MOVE|ts=20260119203939|dir=DOWN
MOVE|ts=20260119203940|dir=DOWN
MOVE|ts=20260119203940|dir=DOWN
MOVE|ts=20260119203940|dir=DOWN
MOVE|ts=20260119203940|dir=DOWN
MOVE|ts=20260119203940|dir=DOWN
MOVE|ts=20260119203940|dir=RIGHT
MOVE|ts=20260119203940|dir=DOWN
MOVE|ts=20260119203941|dir=RIGHT
MOVE|ts=20260119203941|dir=RIGHT
MOVE|ts=20260119203941|dir=RIGHT
MOVE|ts=20260119203941|dir=RIGHT
MOVE|ts=20260119203941|dir=RIGHT
MOVE|ts=20260119203941|dir=RIGHT
MOVE|ts=20260119203941|dir=RIGHT
MOVE|ts=20260119203941|dir=RIGHT
MOVE|ts=20260119203941|dir=RIGHT
MOVE|ts=20260119203941|dir=RIGHT
MOVE|ts=20260119203941|dir=RIGHT
MOVE|ts=20260119203942|dir=DOWN
MOVE|ts=20260119203943|dir=DOWN
MOVE|ts=20260119203944|dir=DOWN
MOVE|ts=20260119203944|dir=DOWN
MOVE|ts=20260119203944|dir=DOWN
MOVE|ts=20260119203945|dir=DOWN
MOVE|ts=20260119203945|dir=DOWN
MOVE|ts=20260119203945|dir=DOWN
MOVE|ts=20260119203945|dir=DOWN
MOVE|ts=20260119203945|dir=DOWN
MOVE|ts=20260119203945|dir=DOWN
MOVE|ts=20260119203945|dir=DOWN
MOVE|ts=20260119203945|dir=DOWN
MOVE|ts=20260119203945|dir=DOWN
MOVE|ts=20260119203945|dir=DOWN
MOVE|ts=20260119203945|dir=DOWN
MOVE|ts=20260119203945|dir=DOWN
MOVE|ts=20260119203945|dir=DOWN
MOVE|ts=20260119203946|dir=DOWN
MOVE|ts=20260119203946|dir=DOWN
MOVE|ts=20260119203946|dir=DOWN
MOVE|ts=20260119203946|dir=DOWN
MOVE|ts=20260119203946|dir=DOWN
MOVE|ts=20260119203947|dir=DOWN
MOVE|ts=20260119203947|dir=DOWN
MOVE|ts=20260119203947|dir=DOWN
MOVE|ts=20260119203947|dir=DOWN
MOVE|ts=20260119203947|dir=DOWN
MOVE|ts=20260119203947|dir=DOWN
MOVE|ts=20260119203947|dir=DOWN
MOVE|ts=20260119203947|dir=DOWN
MOVE|ts=20260119203947|dir=DOWN
MOVE|ts=20260119203947|dir=DOWN
MOVE|ts=20260119203947|dir=DOWN
MOVE|ts=20260119203947|dir=DOWN
MOVE|ts=20260119203947|dir=DOWN
MOVE|ts=20260119203947|dir=DOWN
MOVE|ts=20260119203947|dir=LEFT
MOVE|ts=20260119203947|dir=UP
MOVE|ts=20260119203948|dir=LEFT
MOVE|ts=20260119203948|dir=LEFT
MOVE|ts=20260119203948|dir=LEFT
MOVE|ts=20260119203948|dir=LEFT
MOVE|ts=20260119203948|dir=LEFT
MOVE|ts=20260119203948|dir=LEFT
MOVE|ts=20260119203948|dir=LEFT
MOVE|ts=20260119203948|dir=LEFT
MOVE|ts=20260119203948|dir=LEFT
MOVE|ts=20260119203948|dir=LEFT
MOVE|ts=20260119203948|dir=LEFT
MOVE|ts=20260119203948|dir=LEFT
MOVE|ts=20260119203948|dir=LEFT
MOVE|ts=20260119203948|dir=LEFT
MOVE|ts=20260119203949|dir=LEFT
MOVE|ts=20260119203949|dir=LEFT
MOVE|ts=20260119203949|dir=LEFT
MOVE|ts=20260119203949|dir=LEFT
MOVE|ts=20260119203949|dir=LEFT
MOVE|ts=20260119203949|dir=LEFT
MOVE|ts=20260119203949|dir=LEFT
MOVE|ts=20260119203949|dir=LEFT
MOVE|ts=20260119203949|dir=LEFT
MOVE|ts=20260119203949|dir=LEFT
MOVE|ts=20260119203949|dir=LEFT
MOVE|ts=20260119203949|dir=LEFT
MOVE|ts=20260119203949|dir=LEFT
MOVE|ts=20260119203949|dir=DOWN
MOVE|ts=20260119203950|dir=DOWN
MOVE|ts=20260119203950|dir=DOWN
MOVE|ts=20260119203950|dir=DOWN
MOVE|ts=20260119203950|dir=DOWN
MOVE|ts=20260119203950|dir=DOWN
MOVE|ts=20260119203950|dir=DOWN
MOVE|ts=20260119203950|dir=DOWN
MOVE|ts=20260119203950|dir=DOWN
MOVE|ts=20260119203950|dir=DOWN
MOVE|ts=20260119203950|dir=DOWN
MOVE|ts=20260119203950|dir=DOWN
MOVE|ts=20260119203950|dir=DOWN
MOVE|ts=20260119203950|dir=DOWN
MOVE|ts=20260119203950|dir=DOWN
MOVE|ts=20260119203950|dir=DOWN
MOVE|ts=20260119203950|dir=DOWN
MOVE|ts=20260119203950|dir=DOWN
MOVE|ts=20260119203950|dir=DOWN
MOVE|ts=20260119203950|dir=DOWN
MOVE|ts=20260119203951|dir=DOWN
MOVE|ts=20260119203951|dir=LEFT
MOVE|ts=20260119203951|dir=LEFT
MOVE|ts=20260119203951|dir=LEFT
MOVE|ts=20260119203951|dir=LEFT
MOVE|ts=20260119203951|dir=LEFT
MOVE|ts=20260119203951|dir=LEFT
MOVE|ts=20260119203951|dir=LEFT
MOVE|ts=20260119203951|dir=LEFT
MOVE|ts=20260119203951|dir=LEFT
MOVE|ts=20260119203951|dir=LEFT
MOVE|ts=20260119203952|dir=LEFT
MOVE|ts=20260119203952|dir=LEFT
MOVE|ts=20260119203952|dir=LEFT
MOVE|ts=20260119203952|dir=LEFT
MOVE|ts=20260119203952|dir=LEFT
MOVE|ts=20260119203955|dir=DOWN
MOVE|ts=20260119203955|dir=RIGHT
MOVE|ts=20260119203955|dir=RIGHT
MOVE|ts=20260119203957|dir=RIGHT
MOVE|ts=20260119203957|dir=RIGHT
MOVE|ts=20260119203958|dir=UP
MOVE|ts=20260119203958|dir=UP
MOVE|ts=20260119203959|dir=LEFT
MOVE|ts=20260119203959|dir=UP
MOVE|ts=20260119204000|dir=RIGHT
MOVE|ts=20260119204001|dir=DOWN
MOVE|ts=20260119204001|dir=DOWN
MOVE|ts=20260119204002|dir=DOWN
MOVE|ts=20260119204003|dir=DOWN
MOVE|ts=20260119204003|dir=LEFT
MOVE|ts=20260119204003|dir=LEFT
MOVE|ts=20260119204004|dir=LEFT
MOVE|ts=20260119204005|dir=LEFT
MOVE|ts=20260119204005|dir=UP
MOVE|ts=20260119204006|dir=LEFT
MOVE|ts=20260119204006|dir=DOWN
MOVE|ts=20260119204007|dir=LEFT
MOVE|ts=20260119204008|dir=UP
MOVE|ts=20260119204008|dir=UP
MOVE|ts=20260119204008|dir=LEFT
MOVE|ts=20260119204009|dir=LEFT
MOVE|ts=20260119204010|dir=RIGHT
MOVE|ts=20260119204010|dir=UP
MOVE|ts=20260119204011|dir=RIGHT
MOVE|ts=20260119204012|dir=RIGHT
MOVE|ts=20260119204012|dir=DOWN
MOVE|ts=20260119204013|dir=UP
MOVE|ts=20260119204015|dir=DOWN
MOVE|ts=20260119204015|dir=DOWN
MOVE|ts=20260119204015|dir=RIGHT
MOVE|ts=20260119204016|dir=RIGHT
MOVE|ts=20260119204016|dir=RIGHT
MOVE|ts=20260119204016|dir=RIGHT
MOVE|ts=20260119204016|dir=RIGHT
MOVE|ts=20260119204016|dir=RIGHT
MOVE|ts=20260119204016|dir=RIGHT
MOVE|ts=20260119204016|dir=RIGHT
MOVE|ts=20260119204016|dir=RIGHT
MOVE|ts=20260119204016|dir=RIGHT
MOVE|ts=20260119204016|dir=RIGHT
MOVE|ts=20260119204016|dir=RIGHT
MOVE|ts=20260119204016|dir=RIGHT
MOVE|ts=20260119204024|dir=LEFT
MOVE|ts=20260119204025|dir=LEFT
MOVE|ts=20260119204025|dir=LEFT
MOVE|ts=20260119204025|dir=LEFT
MOVE|ts=20260119204025|dir=LEFT
MOVE|ts=20260119204025|dir=LEFT
MOVE|ts=20260119204025|dir=LEFT
MOVE|ts=20260119204025|dir=LEFT
MOVE|ts=20260119204025|dir=LEFT
MOVE|ts=20260119204025|dir=LEFT
MOVE|ts=20260119204025|dir=LEFT
MOVE|ts=20260119204025|dir=LEFT
MOVE|ts=20260119204025|dir=LEFT
MOVE|ts=20260119204025|dir=LEFT
MOVE|ts=20260119204025|dir=LEFT
MOVE|ts=20260119204025|dir=LEFT
MOVE|ts=20260119204025|dir=DOWN
MOVE|ts=20260119204027|dir=UP
MOVE|ts=20260119204027|dir=RIGHT
MOVE|ts=20260119204031|dir=UP
MOVE|ts=20260119204031|dir=RIGHT
MOVE|ts=20260119204033|dir=DOWN
MOVE|ts=20260119204033|dir=RIGHT
MOVE|ts=20260119204036|dir=LEFT
MOVE|ts=20260119204036|dir=LEFT
MOVE|ts=20260119204036|dir=LEFT
MOVE|ts=20260119204036|dir=LEFT
MOVE|ts=20260119204036|dir=LEFT
MOVE|ts=20260119204036|dir=LEFT
MOVE|ts=20260119204036|dir=LEFT
MOVE|ts=20260119204036|dir=LEFT
MOVE|ts=20260119204036|dir=LEFT
MOVE|ts=20260119204037|dir=LEFT
MOVE|ts=20260119204037|dir=DOWN
MOVE|ts=20260119204038|dir=LEFT
MOVE|ts=20260119204038|dir=LEFT
MOVE|ts=20260119204038|dir=LEFT
MOVE|ts=20260119204038|dir=LEFT
MOVE|ts=20260119204038|dir=LEFT
MOVE|ts=20260119204038|dir=LEFT
MOVE|ts=20260119204038|dir=LEFT
MOVE|ts=20260119204038|dir=LEFT
MOVE|ts=20260119204038|dir=LEFT
MOVE|ts=20260119204038|dir=UP
MOVE|ts=20260119204039|dir=LEFT
MOVE|ts=20260119204039|dir=LEFT
MOVE|ts=20260119204039|dir=LEFT
MOVE|ts=20260119204039|dir=LEFT
MOVE|ts=20260119204039|dir=LEFT
MOVE|ts=20260119204039|dir=LEFT
MOVE|ts=20260119204039|dir=LEFT
MOVE|ts=20260119204039|dir=LEFT
MOVE|ts=20260119204039|dir=LEFT
MOVE|ts=20260119204039|dir=LEFT
MOVE|ts=20260119204039|dir=LEFT
MOVE|ts=20260119204039|dir=LEFT
MOVE|ts=20260119204039|dir=LEFT
MOVE|ts=20260119204039|dir=LEFT
MOVE|ts=20260119204039|dir=LEFT
MOVE|ts=20260119204040|dir=LEFT
MOVE|ts=20260119204040|dir=LEFT
MOVE|ts=20260119204040|dir=LEFT
MOVE|ts=20260119204040|dir=LEFT
MOVE|ts=20260119204040|dir=LEFT
MOVE|ts=20260119204040|dir=LEFT
MOVE|ts=20260119204040|dir=LEFT
MOVE|ts=20260119204040|dir=LEFT
MOVE|ts=20260119204040|dir=LEFT
MOVE|ts=20260119204040|dir=LEFT
MOVE|ts=20260119204040|dir=LEFT
MOVE|ts=20260119204040|dir=LEFT
MOVE|ts=20260119204040|dir=LEFT
MOVE|ts=20260119204040|dir=LEFT
MOVE|ts=20260119204040|dir=LEFT
MOVE|ts=20260119204040|dir=LEFT
MOVE|ts=20260119204040|dir=LEFT
MOVE|ts=20260119204040|dir=LEFT
MOVE|ts=20260119204040|dir=LEFT
MOVE|ts=20260119204040|dir=LEFT
MOVE|ts=20260119204040|dir=LEFT
MOVE|ts=20260119204040|dir=LEFT
MOVE|ts=20260119204040|dir=LEFT
MOVE|ts=20260119204040|dir=LEFT
MOVE|ts=20260119204040|dir=LEFT
MOVE|ts=20260119204040|dir=LEFT
MOVE|ts=20260119204040|dir=LEFT
MOVE|ts=20260119204040|dir=LEFT
MOVE|ts=20260119204040|dir=LEFT
MOVE|ts=20260119204040|dir=LEFT
MOVE|ts=20260119204040|dir=LEFT
MOVE|ts=20260119204041|dir=LEFT
MOVE|ts=20260119204041|dir=LEFT
MOVE|ts=20260119204041|dir=LEFT
MOVE|ts=20260119204041|dir=LEFT
MOVE|ts=20260119204041|dir=LEFT
MOVE|ts=20260119204041|dir=LEFT
MOVE|ts=20260119204041|dir=LEFT
MOVE|ts=20260119204041|dir=LEFT
MOVE|ts=20260119204041|dir=LEFT
MOVE|ts=20260119204041|dir=LEFT
MOVE|ts=20260119204041|dir=LEFT
MOVE|ts=20260119204041|dir=LEFT
MOVE|ts=20260119204041|dir=LEFT
MOVE|ts=20260119204041|dir=LEFT
MOVE|ts=20260119204041|dir=LEFT
MOVE|ts=20260119204041|dir=LEFT
MOVE|ts=20260119204041|dir=LEFT
MOVE|ts=20260119204041|dir=LEFT
MOVE|ts=20260119204041|dir=LEFT
MOVE|ts=20260119204041|dir=LEFT
MOVE|ts=20260119204041|dir=LEFT
MOVE|ts=20260119204041|dir=LEFT
MOVE|ts=20260119204041|dir=LEFT
MOVE|ts=20260119204041|dir=LEFT
MOVE|ts=20260119204041|dir=LEFT
MOVE|ts=20260119204041|dir=LEFT
MOVE|ts=20260119204041|dir=LEFT
MOVE|ts=20260119204041|dir=LEFT
MOVE|ts=20260119204041|dir=LEFT
MOVE|ts=20260119204041|dir=LEFT
MOVE|ts=20260119204042|dir=LEFT
MOVE|ts=20260119204042|dir=LEFT
MOVE|ts=20260119204042|dir=LEFT
MOVE|ts=20260119204042|dir=LEFT
MOVE|ts=20260119204042|dir=LEFT
MOVE|ts=20260119204042|dir=LEFT
MOVE|ts=20260119204042|dir=LEFT
MOVE|ts=20260119204042|dir=LEFT
MOVE|ts=20260119204042|dir=LEFT
MOVE|ts=20260119204042|dir=LEFT
MOVE|ts=20260119204042|dir=LEFT
MOVE|ts=20260119204042|dir=LEFT
MOVE|ts=20260119204042|dir=LEFT
MOVE|ts=20260119204042|dir=UP
MOVE|ts=20260119204042|dir=LEFT
MOVE|ts=20260119204043|dir=LEFT
MOVE|ts=20260119204043|dir=LEFT
MOVE|ts=20260119204043|dir=LEFT
MOVE|ts=20260119204043|dir=LEFT
MOVE|ts=20260119204043|dir=LEFT
MOVE|ts=20260119204043|dir=LEFT
MOVE|ts=20260119204043|dir=LEFT
MOVE|ts=20260119204043|dir=LEFT
MOVE|ts=20260119204043|dir=LEFT
MOVE|ts=20260119204043|dir=LEFT
MOVE|ts=20260119204043|dir=LEFT
MOVE|ts=20260119204043|dir=LEFT
MOVE|ts=20260119204043|dir=LEFT
MOVE|ts=20260119204043|dir=LEFT
MOVE|ts=20260119204043|dir=LEFT
MOVE|ts=20260119204043|dir=LEFT
MOVE|ts=20260119204043|dir=LEFT
MOVE|ts=20260119204043|dir=LEFT
MOVE|ts=20260119204043|dir=LEFT
MOVE|ts=20260119204043|dir=LEFT
MOVE|ts=20260119204043|dir=LEFT
MOVE|ts=20260119204044|dir=LEFT
MOVE|ts=20260119204044|dir=LEFT
MOVE|ts=20260119204044|dir=LEFT
MOVE|ts=20260119204044|dir=LEFT
MOVE|ts=20260119204044|dir=LEFT
MOVE|ts=20260119204044|dir=LEFT
MOVE|ts=20260119204044|dir=LEFT
MOVE|ts=20260119204044|dir=LEFT
MOVE|ts=20260119204044|dir=LEFT
MOVE|ts=20260119204044|dir=LEFT
MOVE|ts=20260119204044|dir=LEFT
MOVE|ts=20260119204044|dir=LEFT
MOVE|ts=20260119204044|dir=LEFT
MOVE|ts=20260119204044|dir=LEFT
MOVE|ts=20260119204044|dir=LEFT
MOVE|ts=20260119204044|dir=LEFT
MOVE|ts=20260119204044|dir=LEFT
MOVE|ts=20260119204044|dir=LEFT
MOVE|ts=20260119204044|dir=LEFT
MOVE|ts=20260119204044|dir=LEFT
MOVE|ts=20260119204044|dir=LEFT
MOVE|ts=20260119204044|dir=LEFT
MOVE|ts=20260119204044|dir=LEFT
MOVE|ts=20260119204044|dir=LEFT
MOVE|ts=20260119204044|dir=LEFT
MOVE|ts=20260119204044|dir=LEFT
MOVE|ts=20260119204044|dir=LEFT
MOVE|ts=20260119204044|dir=LEFT
MOVE|ts=20260119204044|dir=LEFT
MOVE|ts=20260119204044|dir=LEFT
MOVE|ts=20260119204044|dir=LEFT
MOVE|ts=20260119204045|dir=LEFT
MOVE|ts=20260119204045|dir=LEFT
MOVE|ts=20260119204045|dir=LEFT
MOVE|ts=20260119204045|dir=LEFT
MOVE|ts=20260119204045|dir=LEFT
MOVE|ts=20260119204045|dir=LEFT
MOVE|ts=20260119204045|dir=LEFT
MOVE|ts=20260119204045|dir=LEFT
MOVE|ts=20260119204045|dir=LEFT
MOVE|ts=20260119204045|dir=LEFT
MOVE|ts=20260119204045|dir=LEFT
MOVE|ts=20260119204045|dir=LEFT
MOVE|ts=20260119204045|dir=LEFT
MOVE|ts=20260119204045|dir=LEFT
MOVE|ts=20260119204045|dir=LEFT
MOVE|ts=20260119204045|dir=LEFT
MOVE|ts=20260119204045|dir=LEFT
MOVE|ts=20260119204045|dir=LEFT
MOVE|ts=20260119204045|dir=LEFT
MOVE|ts=20260119204045|dir=LEFT
MOVE|ts=20260119204045|dir=LEFT
MOVE|ts=20260119204045|dir=LEFT
MOVE|ts=20260119204045|dir=LEFT
MOVE|ts=20260119204045|dir=LEFT
MOVE|ts=20260119204045|dir=LEFT
MOVE|ts=20260119204045|dir=LEFT
MOVE|ts=20260119204045|dir=LEFT
MOVE|ts=20260119204045|dir=LEFT
MOVE|ts=20260119204046|dir=DOWN
MOVE|ts=20260119204046|dir=DOWN
MOVE|ts=20260119204046|dir=DOWN
MOVE|ts=20260119204046|dir=DOWN
MOVE|ts=20260119204046|dir=DOWN
MOVE|ts=20260119204046|dir=DOWN
MOVE|ts=20260119204046|dir=DOWN
MOVE|ts=20260119204046|dir=DOWN
MOVE|ts=20260119204046|dir=DOWN
MOVE|ts=20260119204046|dir=DOWN
MOVE|ts=20260119204046|dir=DOWN
MOVE|ts=20260119204046|dir=DOWN
MOVE|ts=20260119204046|dir=DOWN
MOVE|ts=20260119204046|dir=DOWN
MOVE|ts=20260119204046|dir=DOWN
MOVE|ts=20260119204047|dir=DOWN
MOVE|ts=20260119204047|dir=DOWN
MOVE|ts=20260119204047|dir=DOWN
MOVE|ts=20260119204047|dir=DOWN
MOVE|ts=20260119204047|dir=DOWN
MOVE|ts=20260119204047|dir=LEFT
MOVE|ts=20260119204047|dir=DOWN
MOVE|ts=20260119204047|dir=DOWN
MOVE|ts=20260119204047|dir=DOWN
MOVE|ts=20260119204047|dir=DOWN
MOVE|ts=20260119204048|dir=DOWN
MOVE|ts=20260119204048|dir=DOWN
MOVE|ts=20260119204048|dir=DOWN
MOVE|ts=20260119204049|dir=LEFT
MOVE|ts=20260119204049|dir=LEFT
MOVE|ts=20260119204049|dir=LEFT
MOVE|ts=20260119204049|dir=LEFT
MOVE|ts=20260119204049|dir=LEFT
MOVE|ts=20260119204049|dir=LEFT
MOVE|ts=20260119204050|dir=LEFT
MOVE|ts=20260119204050|dir=LEFT
MOVE|ts=20260119204050|dir=LEFT
MOVE|ts=20260119204050|dir=LEFT
MOVE|ts=20260119204050|dir=DOWN
MOVE|ts=20260119204050|dir=DOWN
MOVE|ts=20260119204050|dir=DOWN
MOVE|ts=20260119204050|dir=DOWN
MOVE|ts=20260119204050|dir=DOWN
MOVE|ts=20260119204050|dir=DOWN
MOVE|ts=20260119204051|dir=LEFT
MOVE|ts=20260119204051|dir=DOWN
MOVE|ts=20260119204051|dir=LEFT
MOVE|ts=20260119204052|dir=LEFT
MOVE|ts=20260119204052|dir=LEFT
MOVE|ts=20260119204052|dir=UP
MOVE|ts=20260119204052|dir=LEFT
MOVE|ts=20260119204052|dir=DOWN
MOVE|ts=20260119204053|dir=LEFT
MOVE|ts=20260119204053|dir=LEFT
MOVE|ts=20260119204053|dir=LEFT
MOVE|ts=20260119204053|dir=LEFT
MOVE|ts=20260119204053|dir=LEFT
MOVE|ts=20260119204053|dir=LEFT
MOVE|ts=20260119204053|dir=LEFT
MOVE|ts=20260119204053|dir=LEFT
MOVE|ts=20260119204053|dir=LEFT
MOVE|ts=20260119204053|dir=LEFT
MOVE|ts=20260119204054|dir=LEFT
MOVE|ts=20260119204054|dir=LEFT
MOVE|ts=20260119204054|dir=LEFT
MOVE|ts=20260119204054|dir=LEFT
MOVE|ts=20260119204054|dir=LEFT
MOVE|ts=20260119204054|dir=LEFT
MOVE|ts=20260119204054|dir=LEFT
MOVE|ts=20260119204054|dir=LEFT
MOVE|ts=20260119204054|dir=LEFT
MOVE|ts=20260119204054|dir=LEFT
MOVE|ts=20260119204054|dir=LEFT
MOVE|ts=20260119204054|dir=LEFT
MOVE|ts=20260119204054|dir=LEFT
MOVE|ts=20260119204054|dir=LEFT
MOVE|ts=20260119204054|dir=LEFT
MOVE|ts=20260119204054|dir=LEFT
MOVE|ts=20260119204054|dir=LEFT
MOVE|ts=20260119204054|dir=LEFT
MOVE|ts=20260119204054|dir=LEFT
MOVE|ts=20260119204054|dir=LEFT
MOVE|ts=20260119204054|dir=LEFT
MOVE|ts=20260119204054|dir=LEFT
MOVE|ts=20260119204054|dir=LEFT
MOVE|ts=20260119204054|dir=LEFT
MOVE|ts=20260119204054|dir=LEFT
MOVE|ts=20260119204054|dir=LEFT
MOVE|ts=20260119204054|dir=LEFT
MOVE|ts=20260119204054|dir=LEFT
MOVE|ts=20260119204054|dir=LEFT
MOVE|ts=20260119204054|dir=LEFT
MOVE|ts=20260119204055|dir=LEFT
MOVE|ts=20260119204055|dir=LEFT
MOVE|ts=20260119204055|dir=LEFT
MOVE|ts=20260119204055|dir=LEFT
MOVE|ts=20260119204055|dir=LEFT
MOVE|ts=20260119204055|dir=LEFT
MOVE|ts=20260119204055|dir=LEFT
MOVE|ts=20260119204055|dir=LEFT
MOVE|ts=20260119204055|dir=LEFT
MOVE|ts=20260119204055|dir=LEFT
MOVE|ts=20260119204055|dir=LEFT
MOVE|ts=20260119204055|dir=LEFT
MOVE|ts=20260119204055|dir=LEFT
MOVE|ts=20260119204055|dir=LEFT
MOVE|ts=20260119204055|dir=LEFT
MOVE|ts=20260119204055|dir=LEFT
MOVE|ts=20260119204055|dir=LEFT
MOVE|ts=20260119204055|dir=LEFT
MOVE|ts=20260119204055|dir=LEFT
MOVE|ts=20260119204055|dir=LEFT
MOVE|ts=20260119204055|dir=LEFT
MOVE|ts=20260119204055|dir=LEFT
MOVE|ts=20260119204055|dir=LEFT
MOVE|ts=20260119204055|dir=LEFT
MOVE|ts=20260119204055|dir=LEFT
MOVE|ts=20260119204055|dir=LEFT
MOVE|ts=20260119204055|dir=LEFT
MOVE|ts=20260119204055|dir=LEFT
MOVE|ts=20260119204055|dir=LEFT
MOVE|ts=20260119204055|dir=LEFT
MOVE|ts=20260119204056|dir=LEFT
MOVE|ts=20260119204056|dir=LEFT
MOVE|ts=20260119204056|dir=LEFT
MOVE|ts=20260119204056|dir=LEFT
MOVE|ts=20260119204056|dir=LEFT
MOVE|ts=20260119204056|dir=LEFT
MOVE|ts=20260119204056|dir=LEFT
MOVE|ts=20260119204056|dir=LEFT
MOVE|ts=20260119204057|dir=LEFT
MOVE|ts=20260119204058|dir=LEFT
MOVE|ts=20260119204059|dir=UP
MOVE|ts=20260119204100|dir=UP
MOVE|ts=20260119204100|dir=LEFT
MOVE|ts=20260119204103|dir=RIGHT
MOVE|ts=20260119204103|dir=UP
MOVE|ts=20260119204104|dir=UP
MOVE|ts=20260119204104|dir=RIGHT
MOVE|ts=20260119204105|dir=UP
MOVE|ts=20260119204105|dir=UP
MOVE|ts=20260119204106|dir=UP
MOVE|ts=20260119204108|dir=UP
MOVE|ts=20260119204108|dir=LEFT
MOVE|ts=20260119204109|dir=UP
MOVE|ts=20260119204109|dir=UP
MOVE|ts=20260119204109|dir=LEFT
MOVE|ts=20260119204110|dir=UP
MOVE|ts=20260119204111|dir=LEFT
MOVE|ts=20260119204111|dir=LEFT
MOVE|ts=20260119204112|dir=LEFT
MOVE|ts=20260119204112|dir=DOWN
MOVE|ts=20260119204113|dir=LEFT
MOVE|ts=20260119204113|dir=DOWN
MOVE|ts=20260119204114|dir=DOWN
MOVE|ts=20260119204115|dir=LEFT
MOVE|ts=20260119204115|dir=DOWN
MOVE|ts=20260119204116|dir=LEFT
MOVE|ts=20260119204117|dir=DOWN
MOVE|ts=20260119204118|dir=DOWN
MOVE|ts=20260119204118|dir=DOWN
MOVE|ts=20260119204118|dir=DOWN
MOVE|ts=20260119204119|dir=RIGHT
MOVE|ts=20260119204119|dir=DOWN
MOVE|ts=20260119204119|dir=RIGHT
MOVE|ts=20260119204119|dir=RIGHT
MOVE|ts=20260119204120|dir=RIGHT
MOVE|ts=20260119204120|dir=RIGHT
MOVE|ts=20260119204121|dir=UP
MOVE|ts=20260119204121|dir=RIGHT
MOVE|ts=20260119204122|dir=UP
MOVE|ts=20260119204123|dir=RIGHT
MOVE|ts=20260119204124|dir=UP
MOVE|ts=20260119204125|dir=LEFT
MOVE|ts=20260119204126|dir=UP
MOVE|ts=20260119204126|dir=LEFT
MOVE|ts=20260119204127|dir=UP
MOVE|ts=20260119204127|dir=UP
MOVE|ts=20260119204127|dir=LEFT
MOVE|ts=20260119204128|dir=UP
MOVE|ts=20260119204129|dir=UP
MOVE|ts=20260119204130|dir=RIGHT
MOVE|ts=20260119204130|dir=UP
MOVE|ts=20260119204130|dir=UP
MOVE|ts=20260119204131|dir=LEFT
MOVE|ts=20260119204132|dir=RIGHT
MOVE|ts=20260119204132|dir=UP
MOVE|ts=20260119204133|dir=UP
MOVE|ts=20260119204134|dir=RIGHT
MOVE|ts=20260119204135|dir=DOWN
MOVE|ts=20260119204135|dir=RIGHT
MOVE|ts=20260119204135|dir=DOWN
MOVE|ts=20260119204136|dir=RIGHT
MOVE|ts=20260119204138|dir=LEFT
MOVE|ts=20260119204140|dir=RIGHT
MOVE|ts=20260119204141|dir=LEFT
MOVE|ts=20260119204141|dir=LEFT
MOVE|ts=20260119204141|dir=UP
MOVE|ts=20260119204142|dir=LEFT
MOVE|ts=20260119204142|dir=DOWN
MOVE|ts=20260119204143|dir=RIGHT
MOVE|ts=20260119204145|dir=DOWN
MOVE|ts=20260119204145|dir=DOWN
MOVE|ts=20260119204145|dir=DOWN
MOVE|ts=20260119204146|dir=LEFT
MOVE|ts=20260119204147|dir=UP
MOVE|ts=20260119204147|dir=LEFT
MOVE|ts=20260119204148|dir=UP
MOVE|ts=20260119204148|dir=LEFT
MOVE|ts=20260119204150|dir=DOWN
MOVE|ts=20260119204151|dir=LEFT
MOVE|ts=20260119204151|dir=LEFT
MOVE|ts=20260119204151|dir=LEFT
MOVE|ts=20260119204151|dir=LEFT
MOVE|ts=20260119204151|dir=LEFT
MOVE|ts=20260119204152|dir=DOWN
MOVE|ts=20260119204152|dir=RIGHT
MOVE|ts=20260119204152|dir=DOWN
MOVE|ts=20260119204153|dir=DOWN
MOVE|ts=20260119204153|dir=DOWN
MOVE|ts=20260119204153|dir=DOWN
MOVE|ts=20260119204153|dir=DOWN
MOVE|ts=20260119204153|dir=DOWN
MOVE|ts=20260119204153|dir=DOWN
MOVE|ts=20260119204153|dir=DOWN
MOVE|ts=20260119204153|dir=DOWN
MOVE|ts=20260119204153|dir=DOWN
MOVE|ts=20260119204153|dir=DOWN
MOVE|ts=20260119204153|dir=DOWN
MOVE|ts=20260119204153|dir=DOWN
MOVE|ts=20260119204153|dir=DOWN
MOVE|ts=20260119204153|dir=DOWN
MOVE|ts=20260119204153|dir=DOWN
MOVE|ts=20260119204153|dir=DOWN
MOVE|ts=20260119204153|dir=DOWN
MOVE|ts=20260119204153|dir=DOWN
MOVE|ts=20260119204153|dir=DOWN
MOVE|ts=20260119204153|dir=DOWN
MOVE|ts=20260119204153|dir=DOWN
MOVE|ts=20260119204153|dir=DOWN
MOVE|ts=20260119204154|dir=DOWN
MOVE|ts=20260119204154|dir=DOWN
MOVE|ts=20260119204154|dir=LEFT
MOVE|ts=20260119204154|dir=LEFT
MOVE|ts=20260119204154|dir=LEFT
MOVE|ts=20260119204154|dir=LEFT
MOVE|ts=20260119204154|dir=LEFT
MOVE|ts=20260119204154|dir=LEFT
MOVE|ts=20260119204154|dir=LEFT
MOVE|ts=20260119204154|dir=LEFT
MOVE|ts=20260119204154|dir=DOWN
MOVE|ts=20260119204155|dir=LEFT
MOVE|ts=20260119204155|dir=LEFT
MOVE|ts=20260119204155|dir=LEFT
MOVE|ts=20260119204155|dir=LEFT
MOVE|ts=20260119204156|dir=LEFT
MOVE|ts=20260119204156|dir=LEFT
MOVE|ts=20260119204156|dir=LEFT
MOVE|ts=20260119204156|dir=LEFT
MOVE|ts=20260119204156|dir=LEFT
MOVE|ts=20260119204156|dir=LEFT
MOVE|ts=20260119204156|dir=LEFT
MOVE|ts=20260119204156|dir=LEFT
MOVE|ts=20260119204156|dir=LEFT
MOVE|ts=20260119204156|dir=LEFT
MOVE|ts=20260119204156|dir=LEFT
MOVE|ts=20260119204156|dir=LEFT
MOVE|ts=20260119204156|dir=LEFT
MOVE|ts=20260119204156|dir=LEFT
MOVE|ts=20260119204156|dir=LEFT
MOVE|ts=20260119204156|dir=LEFT
MOVE|ts=20260119204156|dir=LEFT
MOVE|ts=20260119204156|dir=LEFT
MOVE|ts=20260119204156|dir=LEFT
MOVE|ts=20260119204156|dir=LEFT
MOVE|ts=20260119204156|dir=LEFT
MOVE|ts=20260119204156|dir=LEFT
MOVE|ts=20260119204156|dir=LEFT
MOVE|ts=20260119204156|dir=LEFT
MOVE|ts=20260119204156|dir=LEFT
MOVE|ts=20260119204157|dir=DOWN
MOVE|ts=20260119204157|dir=LEFT
MOVE|ts=20260119204157|dir=LEFT
MOVE|ts=20260119204157|dir=LEFT
MOVE|ts=20260119204157|dir=LEFT
MOVE|ts=20260119204157|dir=LEFT
MOVE|ts=20260119204158|dir=LEFT
MOVE|ts=20260119204158|dir=LEFT
MOVE|ts=20260119204158|dir=LEFT
MOVE|ts=20260119204158|dir=LEFT
MOVE|ts=20260119204158|dir=LEFT
MOVE|ts=20260119204158|dir=LEFT
MOVE|ts=20260119204158|dir=LEFT
MOVE|ts=20260119204158|dir=LEFT
MOVE|ts=20260119204158|dir=LEFT
MOVE|ts=20260119204158|dir=LEFT
MOVE|ts=20260119204158|dir=LEFT
MOVE|ts=20260119204158|dir=LEFT
MOVE|ts=20260119204158|dir=LEFT
MOVE|ts=20260119204158|dir=UP
MOVE|ts=20260119204158|dir=LEFT
MOVE|ts=20260119204159|dir=LEFT
MOVE|ts=20260119204159|dir=LEFT
MOVE|ts=20260119204159|dir=LEFT
MOVE|ts=20260119204159|dir=LEFT
MOVE|ts=20260119204159|dir=UP
MOVE|ts=20260119204159|dir=LEFT
MOVE|ts=20260119204200|dir=LEFT
MOVE|ts=20260119204200|dir=LEFT
MOVE|ts=20260119204200|dir=LEFT
MOVE|ts=20260119204200|dir=LEFT
MOVE|ts=20260119204200|dir=LEFT
MOVE|ts=20260119204200|dir=LEFT
MOVE|ts=20260119204200|dir=LEFT
MOVE|ts=20260119204200|dir=LEFT
MOVE|ts=20260119204200|dir=LEFT
MOVE|ts=20260119204200|dir=LEFT
MOVE|ts=20260119204200|dir=LEFT
MOVE|ts=20260119204200|dir=DOWN
MOVE|ts=20260119204200|dir=LEFT
MOVE|ts=20260119204203|dir=RIGHT
MOVE|ts=20260119204203|dir=RIGHT
MOVE|ts=20260119204204|dir=RIGHT
MOVE|ts=20260119204205|dir=UP
MOVE|ts=20260119204206|dir=UP
MOVE|ts=20260119204206|dir=LEFT
MOVE|ts=20260119204207|dir=LEFT
MOVE|ts=20260119204207|dir=LEFT
MOVE|ts=20260119204208|dir=LEFT
MOVE|ts=20260119204208|dir=UP
MOVE|ts=20260119204209|dir=LEFT
MOVE|ts=20260119204210|dir=LEFT
MOVE|ts=20260119204210|dir=DOWN
MOVE|ts=20260119204211|dir=RIGHT
MOVE|ts=20260119204212|dir=RIGHT
MOVE|ts=20260119204212|dir=RIGHT
MOVE|ts=20260119204212|dir=RIGHT
MOVE|ts=20260119204212|dir=RIGHT
MOVE|ts=20260119204212|dir=RIGHT
MOVE|ts=20260119204212|dir=RIGHT
MOVE|ts=20260119204212|dir=RIGHT
MOVE|ts=20260119204212|dir=RIGHT
MOVE|ts=20260119204212|dir=RIGHT
MOVE|ts=20260119204212|dir=RIGHT
MOVE|ts=20260119204212|dir=DOWN
MOVE|ts=20260119204213|dir=RIGHT
MOVE|ts=20260119204213|dir=DOWN
MOVE|ts=20260119204214|dir=DOWN
MOVE|ts=20260119204214|dir=DOWN
MOVE|ts=20260119204215|dir=DOWN
MOVE|ts=20260119204216|dir=LEFT
MOVE|ts=20260119204216|dir=LEFT
MOVE|ts=20260119204217|dir=UP
MOVE|ts=20260119204217|dir=UP
MOVE|ts=20260119204217|dir=UP
MOVE|ts=20260119204217|dir=LEFT
MOVE|ts=20260119204219|dir=UP
MOVE|ts=20260119204219|dir=LEFT
MOVE|ts=20260119204220|dir=UP
MOVE|ts=20260119204220|dir=LEFT
MOVE|ts=20260119204220|dir=UP
MOVE|ts=20260119204221|dir=DOWN
MOVE|ts=20260119204224|dir=RIGHT
MOVE|ts=20260119204226|dir=UP
MOVE|ts=20260119204226|dir=UP
MOVE|ts=20260119204226|dir=UP
MOVE|ts=20260119204227|dir=RIGHT
MOVE|ts=20260119204227|dir=UP
MOVE|ts=20260119204228|dir=RIGHT
MOVE|ts=20260119204230|dir=UP
MOVE|ts=20260119204231|dir=RIGHT
MOVE|ts=20260119204232|dir=RIGHT
MOVE|ts=20260119204233|dir=LEFT
MOVE|ts=20260119204234|dir=DOWN
MOVE|ts=20260119204235|dir=LEFT
MOVE|ts=20260119204235|dir=DOWN
MOVE|ts=20260119204236|dir=LEFT
MOVE|ts=20260119204236|dir=DOWN
MOVE|ts=20260119204237|dir=DOWN
MOVE|ts=20260119204237|dir=DOWN
MOVE|ts=20260119204237|dir=DOWN
MOVE|ts=20260119204237|dir=DOWN
MOVE|ts=20260119204237|dir=DOWN
MOVE|ts=20260119204237|dir=DOWN
MOVE|ts=20260119204237|dir=DOWN
MOVE|ts=20260119204237|dir=DOWN
MOVE|ts=20260119204237|dir=DOWN
MOVE|ts=20260119204238|dir=LEFT
MOVE|ts=20260119204239|dir=DOWN
MOVE|ts=20260119204239|dir=LEFT
MOVE|ts=20260119204240|dir=DOWN
MOVE|ts=20260119204240|dir=RIGHT
MOVE|ts=20260119204240|dir=DOWN
MOVE|ts=20260119204242|dir=RIGHT
MOVE|ts=20260119204242|dir=DOWN
MOVE|ts=20260119204243|dir=DOWN
MOVE|ts=20260119204243|dir=DOWN
MOVE|ts=20260119204243|dir=DOWN
MOVE|ts=20260119204243|dir=DOWN
MOVE|ts=20260119204243|dir=DOWN
MOVE|ts=20260119204243|dir=DOWN
MOVE|ts=20260119204243|dir=DOWN
MOVE|ts=20260119204243|dir=DOWN
MOVE|ts=20260119204243|dir=DOWN
MOVE|ts=20260119204243|dir=DOWN
MOVE|ts=20260119204243|dir=DOWN
MOVE|ts=20260119204243|dir=DOWN
MOVE|ts=20260119204243|dir=DOWN
MOVE|ts=20260119204243|dir=DOWN
MOVE|ts=20260119204243|dir=DOWN
MOVE|ts=20260119204243|dir=DOWN
MOVE|ts=20260119204243|dir=DOWN
MOVE|ts=20260119204244|dir=DOWN
MOVE|ts=20260119204244|dir=DOWN
MOVE|ts=20260119204244|dir=DOWN
MOVE|ts=20260119204244|dir=DOWN
MOVE|ts=20260119204244|dir=DOWN
MOVE|ts=20260119204244|dir=RIGHT
MOVE|ts=20260119204244|dir=DOWN
MOVE|ts=20260119204244|dir=DOWN
MOVE|ts=20260119204244|dir=DOWN
MOVE|ts=20260119204244|dir=DOWN
MOVE|ts=20260119204244|dir=DOWN
MOVE|ts=20260119204244|dir=DOWN
MOVE|ts=20260119204245|dir=DOWN
MOVE|ts=20260119204245|dir=DOWN
MOVE|ts=20260119204245|dir=DOWN
MOVE|ts=20260119204245|dir=DOWN
MOVE|ts=20260119204245|dir=DOWN
MOVE|ts=20260119204245|dir=DOWN
MOVE|ts=20260119204245|dir=DOWN
MOVE|ts=20260119204245|dir=DOWN
MOVE|ts=20260119204245|dir=DOWN
MOVE|ts=20260119204245|dir=DOWN
MOVE|ts=20260119204245|dir=RIGHT
MOVE|ts=20260119204246|dir=DOWN
MOVE|ts=20260119204246|dir=DOWN
MOVE|ts=20260119204246|dir=DOWN
MOVE|ts=20260119204246|dir=DOWN
MOVE|ts=20260119204246|dir=DOWN
MOVE|ts=20260119204246|dir=DOWN
MOVE|ts=20260119204246|dir=DOWN
MOVE|ts=20260119204246|dir=DOWN
MOVE|ts=20260119204246|dir=DOWN
MOVE|ts=20260119204246|dir=DOWN
MOVE|ts=20260119204246|dir=DOWN
MOVE|ts=20260119204246|dir=DOWN
MOVE|ts=20260119204246|dir=DOWN
MOVE|ts=20260119204246|dir=DOWN
MOVE|ts=20260119204247|dir=DOWN
MOVE|ts=20260119204247|dir=DOWN
MOVE|ts=20260119204247|dir=DOWN
MOVE|ts=20260119204247|dir=DOWN
MOVE|ts=20260119204247|dir=DOWN
MOVE|ts=20260119204247|dir=DOWN
MOVE|ts=20260119204247|dir=DOWN
MOVE|ts=20260119204247|dir=DOWN
MOVE|ts=20260119204247|dir=DOWN
MOVE|ts=20260119204247|dir=LEFT
MOVE|ts=20260119204247|dir=DOWN
MOVE|ts=20260119204248|dir=DOWN
MOVE|ts=20260119204248|dir=DOWN
MOVE|ts=20260119204248|dir=DOWN
MOVE|ts=20260119204248|dir=DOWN
MOVE|ts=20260119204248|dir=DOWN
MOVE|ts=20260119204248|dir=DOWN
MOVE|ts=20260119204248|dir=DOWN
MOVE|ts=20260119204248|dir=DOWN
MOVE|ts=20260119204248|dir=DOWN
MOVE|ts=20260119204248|dir=DOWN
MOVE|ts=20260119204248|dir=DOWN
MOVE|ts=20260119204248|dir=DOWN
MOVE|ts=20260119204248|dir=DOWN
MOVE|ts=20260119204248|dir=DOWN
MOVE|ts=20260119204248|dir=DOWN
MOVE|ts=20260119204248|dir=DOWN
MOVE|ts=20260119204248|dir=DOWN
MOVE|ts=20260119204248|dir=DOWN
MOVE|ts=20260119204248|dir=DOWN
MOVE|ts=20260119204248|dir=DOWN
MOVE|ts=20260119204248|dir=DOWN
MOVE|ts=20260119204248|dir=DOWN
MOVE|ts=20260119204248|dir=DOWN
MOVE|ts=20260119204248|dir=DOWN
MOVE|ts=20260119204248|dir=DOWN
MOVE|ts=20260119204248|dir=DOWN
MOVE|ts=20260119204248|dir=DOWN
MOVE|ts=20260119204249|dir=DOWN
MOVE|ts=20260119204249|dir=DOWN
MOVE|ts=20260119204249|dir=DOWN
MOVE|ts=20260119204249|dir=DOWN
MOVE|ts=20260119204249|dir=DOWN
MOVE|ts=20260119204249|dir=DOWN
MOVE|ts=20260119204249|dir=DOWN
MOVE|ts=20260119204249|dir=DOWN
MOVE|ts=20260119204249|dir=DOWN
MOVE|ts=20260119204249|dir=DOWN
MOVE|ts=20260119204249|dir=DOWN
MOVE|ts=20260119204249|dir=DOWN
MOVE|ts=20260119204249|dir=DOWN
MOVE|ts=20260119204249|dir=LEFT
MOVE|ts=20260119204250|dir=UP
MOVE|ts=20260119204252|dir=DOWN
MOVE|ts=20260119204252|dir=LEFT
MOVE|ts=20260119204252|dir=LEFT
MOVE|ts=20260119204254|dir=LEFT
MOVE|ts=20260119204254|dir=DOWN
MOVE|ts=20260119204255|dir=LEFT
MOVE|ts=20260119204255|dir=DOWN
MOVE|ts=20260119204258|dir=DOWN
MOVE|ts=20260119204258|dir=LEFT
MOVE|ts=20260119204259|dir=LEFT
MOVE|ts=20260119204259|dir=DOWN
MOVE|ts=20260119204300|dir=LEFT
MOVE|ts=20260119204300|dir=UP
MOVE|ts=20260119204301|dir=LEFT
MOVE|ts=20260119204302|dir=UP
MOVE|ts=20260119204302|dir=LEFT
MOVE|ts=20260119204303|dir=LEFT
MOVE|ts=20260119204303|dir=DOWN
MOVE|ts=20260119204304|dir=DOWN
MOVE|ts=20260119204304|dir=DOWN
MOVE|ts=20260119204304|dir=DOWN
MOVE|ts=20260119204304|dir=DOWN
MOVE|ts=20260119204304|dir=DOWN
MOVE|ts=20260119204304|dir=DOWN
MOVE|ts=20260119204304|dir=DOWN
MOVE|ts=20260119204304|dir=DOWN
MOVE|ts=20260119204304|dir=DOWN
MOVE|ts=20260119204304|dir=DOWN
MOVE|ts=20260119204304|dir=DOWN
MOVE|ts=20260119204305|dir=LEFT
MOVE|ts=20260119204306|dir=LEFT
MOVE|ts=20260119204307|dir=LEFT
MOVE|ts=20260119204308|dir=DOWN
MOVE|ts=20260119204308|dir=DOWN
MOVE|ts=20260119204309|dir=LEFT
MOVE|ts=20260119204309|dir=UP
MOVE|ts=20260119204310|dir=UP
MOVE|ts=20260119204310|dir=LEFT
MOVE|ts=20260119204311|dir=UP
MOVE|ts=20260119204312|dir=LEFT
MOVE|ts=20260119204312|dir=LEFT
MOVE|ts=20260119204313|dir=LEFT
MOVE|ts=20260119204313|dir=LEFT
MOVE|ts=20260119204313|dir=LEFT
MOVE|ts=20260119204313|dir=LEFT
MOVE|ts=20260119204313|dir=DOWN
MOVE|ts=20260119204313|dir=DOWN
MOVE|ts=20260119204314|dir=DOWN
MOVE|ts=20260119204314|dir=DOWN
MOVE|ts=20260119204315|dir=DOWN
MOVE|ts=20260119204316|dir=LEFT
MOVE|ts=20260119204316|dir=DOWN
MOVE|ts=20260119204317|dir=DOWN
MOVE|ts=20260119204318|dir=DOWN
MOVE|ts=20260119204318|dir=RIGHT
MOVE|ts=20260119204318|dir=DOWN
MOVE|ts=20260119204319|dir=RIGHT
MOVE|ts=20260119204319|dir=RIGHT
MOVE|ts=20260119204319|dir=RIGHT
MOVE|ts=20260119204319|dir=RIGHT
MOVE|ts=20260119204319|dir=RIGHT
MOVE|ts=20260119204319|dir=RIGHT
MOVE|ts=20260119204319|dir=RIGHT
MOVE|ts=20260119204319|dir=RIGHT
MOVE|ts=20260119204320|dir=DOWN
MOVE|ts=20260119204321|dir=DOWN
MOVE|ts=20260119204322|dir=RIGHT
MOVE|ts=20260119204323|dir=DOWN
MOVE|ts=20260119204324|dir=DOWN
MOVE|ts=20260119204325|dir=RIGHT
MOVE|ts=20260119204325|dir=RIGHT
MOVE|ts=20260119204326|dir=RIGHT
MOVE|ts=20260119204327|dir=RIGHT
MOVE|ts=20260119204327|dir=RIGHT
MOVE|ts=20260119204328|dir=UP
MOVE|ts=20260119204328|dir=RIGHT
MOVE|ts=20260119204328|dir=UP
MOVE|ts=20260119204329|dir=UP
MOVE|ts=20260119204330|dir=RIGHT
MOVE|ts=20260119204330|dir=UP
MOVE|ts=20260119204331|dir=RIGHT
MOVE|ts=20260119204331|dir=UP
MOVE|ts=20260119204332|dir=UP
MOVE|ts=20260119204332|dir=UP
MOVE|ts=20260119204333|dir=LEFT
MOVE|ts=20260119204333|dir=UP
MOVE|ts=20260119204334|dir=LEFT
MOVE|ts=20260119204334|dir=UP
MOVE|ts=20260119204334|dir=UP
MOVE|ts=20260119204335|dir=UP
MOVE|ts=20260119204335|dir=LEFT
MOVE|ts=20260119204336|dir=LEFT
MOVE|ts=20260119204336|dir=LEFT
MOVE|ts=20260119204336|dir=LEFT
MOVE|ts=20260119204336|dir=LEFT
MOVE|ts=20260119204336|dir=LEFT
MOVE|ts=20260119204336|dir=LEFT
MOVE|ts=20260119204336|dir=LEFT
MOVE|ts=20260119204336|dir=LEFT
MOVE|ts=20260119204336|dir=LEFT
MOVE|ts=20260119204336|dir=LEFT
MOVE|ts=20260119204336|dir=LEFT
MOVE|ts=20260119204336|dir=LEFT
MOVE|ts=20260119204336|dir=LEFT
MOVE|ts=20260119204336|dir=UP
MOVE|ts=20260119204337|dir=UP
MOVE|ts=20260119204337|dir=UP
MOVE|ts=20260119204337|dir=UP
MOVE|ts=20260119204337|dir=UP
MOVE|ts=20260119204337|dir=UP
MOVE|ts=20260119204337|dir=LEFT
MOVE|ts=20260119204338|dir=DOWN
MOVE|ts=20260119204338|dir=LEFT
MOVE|ts=20260119204339|dir=LEFT
MOVE|ts=20260119204339|dir=LEFT
MOVE|ts=20260119204339|dir=LEFT
MOVE|ts=20260119204339|dir=DOWN
MOVE|ts=20260119204340|dir=DOWN
MOVE|ts=20260119204340|dir=DOWN
MOVE|ts=20260119204340|dir=DOWN
MOVE|ts=20260119204340|dir=DOWN
MOVE|ts=20260119204340|dir=DOWN
MOVE|ts=20260119204340|dir=DOWN
MOVE|ts=20260119204340|dir=DOWN
MOVE|ts=20260119204340|dir=DOWN
MOVE|ts=20260119204340|dir=RIGHT
MOVE|ts=20260119204340|dir=UP
MOVE|ts=20260119204343|dir=LEFT
MOVE|ts=20260119204343|dir=DOWN
MOVE|ts=20260119204344|dir=DOWN
MOVE|ts=20260119204344|dir=DOWN
MOVE|ts=20260119204345|dir=RIGHT
MOVE|ts=20260119204347|dir=RIGHT
MOVE|ts=20260119204349|dir=LEFT
MOVE|ts=20260119204351|dir=DOWN
MOVE|ts=20260119204352|dir=RIGHT
MOVE|ts=20260119204352|dir=RIGHT
MOVE|ts=20260119204352|dir=RIGHT
MOVE|ts=20260119204352|dir=RIGHT
MOVE|ts=20260119204352|dir=RIGHT
MOVE|ts=20260119204352|dir=RIGHT
MOVE|ts=20260119204352|dir=RIGHT
MOVE|ts=20260119204352|dir=RIGHT
MOVE|ts=20260119204352|dir=RIGHT
MOVE|ts=20260119204352|dir=RIGHT
MOVE|ts=20260119204352|dir=RIGHT
MOVE|ts=20260119204352|dir=RIGHT
MOVE|ts=20260119204352|dir=RIGHT
MOVE|ts=20260119204352|dir=RIGHT
MOVE|ts=20260119204353|dir=RIGHT
MOVE|ts=20260119204353|dir=DOWN
MOVE|ts=20260119204353|dir=RIGHT
MOVE|ts=20260119204353|dir=RIGHT
MOVE|ts=20260119204353|dir=RIGHT
MOVE|ts=20260119204353|dir=RIGHT
MOVE|ts=20260119204353|dir=RIGHT
MOVE|ts=20260119204353|dir=RIGHT
MOVE|ts=20260119204353|dir=RIGHT
MOVE|ts=20260119204353|dir=RIGHT
MOVE|ts=20260119204354|dir=RIGHT
MOVE|ts=20260119204354|dir=RIGHT
MOVE|ts=20260119204354|dir=RIGHT
MOVE|ts=20260119204354|dir=RIGHT
MOVE|ts=20260119204354|dir=RIGHT
MOVE|ts=20260119204354|dir=RIGHT
MOVE|ts=20260119204354|dir=RIGHT
MOVE|ts=20260119204354|dir=RIGHT
MOVE|ts=20260119204354|dir=RIGHT
MOVE|ts=20260119204354|dir=RIGHT
MOVE|ts=20260119204354|dir=UP
MOVE|ts=20260119204354|dir=UP
MOVE|ts=20260119204354|dir=UP
MOVE|ts=20260119204354|dir=UP
MOVE|ts=20260119204354|dir=UP
MOVE|ts=20260119204354|dir=UP
MOVE|ts=20260119204355|dir=UP
MOVE|ts=20260119204355|dir=UP
MOVE|ts=20260119204356|dir=DOWN
MOVE|ts=20260119204356|dir=LEFT
MOVE|ts=20260119204357|dir=LEFT
MOVE|ts=20260119204357|dir=LEFT
MOVE|ts=20260119204357|dir=LEFT
MOVE|ts=20260119204357|dir=LEFT
MOVE|ts=20260119204357|dir=LEFT
MOVE|ts=20260119204357|dir=LEFT
MOVE|ts=20260119204357|dir=LEFT
MOVE|ts=20260119204357|dir=LEFT
MOVE|ts=20260119204359|dir=UP
MOVE|ts=20260119204400|dir=RIGHT
MOVE|ts=20260119204401|dir=LEFT
MOVE|ts=20260119204402|dir=DOWN
MOVE|ts=20260119204403|dir=DOWN
MOVE|ts=20260119204403|dir=LEFT
MOVE|ts=20260119204403|dir=LEFT
MOVE|ts=20260119204403|dir=LEFT
MOVE|ts=20260119204403|dir=LEFT
MOVE|ts=20260119204403|dir=LEFT
MOVE|ts=20260119204403|dir=LEFT
MOVE|ts=20260119204403|dir=LEFT
MOVE|ts=20260119204403|dir=LEFT
MOVE|ts=20260119204403|dir=LEFT
MOVE|ts=20260119204403|dir=LEFT
MOVE|ts=20260119204403|dir=LEFT
MOVE|ts=20260119204404|dir=LEFT
MOVE|ts=20260119204404|dir=LEFT
MOVE|ts=20260119204404|dir=LEFT
MOVE|ts=20260119204404|dir=LEFT
MOVE|ts=20260119204404|dir=LEFT
MOVE|ts=20260119204404|dir=LEFT
MOVE|ts=20260119204404|dir=LEFT
MOVE|ts=20260119204404|dir=LEFT
MOVE|ts=20260119204404|dir=LEFT
MOVE|ts=20260119204404|dir=LEFT
MOVE|ts=20260119204404|dir=LEFT
MOVE|ts=20260119204404|dir=LEFT
MOVE|ts=20260119204404|dir=LEFT
MOVE|ts=20260119204404|dir=LEFT
MOVE|ts=20260119204404|dir=LEFT
MOVE|ts=20260119204404|dir=LEFT
MOVE|ts=20260119204404|dir=LEFT
MOVE|ts=20260119204404|dir=LEFT
MOVE|ts=20260119204404|dir=LEFT
MOVE|ts=20260119204404|dir=LEFT
MOVE|ts=20260119204404|dir=LEFT
MOVE|ts=20260119204404|dir=LEFT
MOVE|ts=20260119204404|dir=LEFT
MOVE|ts=20260119204405|dir=LEFT
MOVE|ts=20260119204405|dir=LEFT
MOVE|ts=20260119204405|dir=LEFT
MOVE|ts=20260119204405|dir=DOWN
MOVE|ts=20260119204405|dir=DOWN
MOVE|ts=20260119204407|dir=LEFT
MOVE|ts=20260119204407|dir=LEFT
MOVE|ts=20260119204408|dir=LEFT
MOVE|ts=20260119204408|dir=LEFT
MOVE|ts=20260119204408|dir=LEFT
MOVE|ts=20260119204408|dir=LEFT
MOVE|ts=20260119204409|dir=LEFT
MOVE|ts=20260119204409|dir=LEFT
MOVE|ts=20260119204409|dir=LEFT
MOVE|ts=20260119204409|dir=LEFT
MOVE|ts=20260119204409|dir=LEFT
MOVE|ts=20260119204410|dir=UP
MOVE|ts=20260119204410|dir=RIGHT
MOVE|ts=20260119204411|dir=RIGHT
MOVE|ts=20260119204411|dir=RIGHT
MOVE|ts=20260119204411|dir=RIGHT
MOVE|ts=20260119204411|dir=RIGHT
MOVE|ts=20260119204411|dir=RIGHT
MOVE|ts=20260119204411|dir=RIGHT
MOVE|ts=20260119204412|dir=DOWN
MOVE|ts=20260119204415|dir=LEFT
MOVE|ts=20260119204416|dir=LEFT
MOVE|ts=20260119204416|dir=LEFT
MOVE|ts=20260119204416|dir=LEFT
MOVE|ts=20260119204416|dir=LEFT
MOVE|ts=20260119204417|dir=LEFT
MOVE|ts=20260119204417|dir=LEFT
MOVE|ts=20260119204417|dir=LEFT
MOVE|ts=20260119204417|dir=LEFT
MOVE|ts=20260119204417|dir=LEFT
MOVE|ts=20260119204417|dir=LEFT
MOVE|ts=20260119204417|dir=LEFT
MOVE|ts=20260119204417|dir=LEFT
MOVE|ts=20260119204417|dir=LEFT
MOVE|ts=20260119204417|dir=LEFT
MOVE|ts=20260119204417|dir=LEFT
MOVE|ts=20260119204417|dir=LEFT
MOVE|ts=20260119204417|dir=LEFT
MOVE|ts=20260119204419|dir=DOWN
MOVE|ts=20260119204421|dir=DOWN
MOVE|ts=20260119204422|dir=DOWN
MOVE|ts=20260119204423|dir=DOWN
MOVE|ts=20260119204424|dir=DOWN
MOVE|ts=20260119204426|dir=LEFT
MOVE|ts=20260119204426|dir=LEFT
MOVE|ts=20260119204427|dir=DOWN
MOVE|ts=20260119204427|dir=DOWN
MOVE|ts=20260119204427|dir=DOWN
MOVE|ts=20260119204427|dir=DOWN
MOVE|ts=20260119204428|dir=DOWN
MOVE|ts=20260119204428|dir=DOWN
MOVE|ts=20260119204428|dir=DOWN
MOVE|ts=20260119204428|dir=DOWN
MOVE|ts=20260119204428|dir=DOWN
MOVE|ts=20260119204428|dir=DOWN
MOVE|ts=20260119204428|dir=DOWN
MOVE|ts=20260119204428|dir=LEFT
MOVE|ts=20260119204428|dir=DOWN
MOVE|ts=20260119204429|dir=RIGHT
MOVE|ts=20260119204429|dir=DOWN
MOVE|ts=20260119204429|dir=DOWN
MOVE|ts=20260119204429|dir=DOWN
MOVE|ts=20260119204429|dir=DOWN
MOVE|ts=20260119204430|dir=LEFT
MOVE|ts=20260119204431|dir=UP
MOVE|ts=20260119204431|dir=LEFT
MOVE|ts=20260119204432|dir=LEFT
MOVE|ts=20260119204432|dir=LEFT
MOVE|ts=20260119204432|dir=LEFT
MOVE|ts=20260119204432|dir=LEFT
MOVE|ts=20260119204432|dir=LEFT
MOVE|ts=20260119204432|dir=LEFT
MOVE|ts=20260119204432|dir=LEFT
MOVE|ts=20260119204432|dir=LEFT
MOVE|ts=20260119204432|dir=LEFT
MOVE|ts=20260119204432|dir=LEFT
MOVE|ts=20260119204432|dir=LEFT
MOVE|ts=20260119204432|dir=LEFT
MOVE|ts=20260119204432|dir=LEFT
MOVE|ts=20260119204432|dir=LEFT
MOVE|ts=20260119204432|dir=LEFT
MOVE|ts=20260119204432|dir=LEFT
MOVE|ts=20260119204432|dir=LEFT
MOVE|ts=20260119204432|dir=LEFT
MOVE|ts=20260119204432|dir=LEFT
MOVE|ts=20260119204433|dir=LEFT
MOVE|ts=20260119204433|dir=LEFT
MOVE|ts=20260119204433|dir=LEFT
MOVE|ts=20260119204433|dir=LEFT
MOVE|ts=20260119204433|dir=LEFT
MOVE|ts=20260119204433|dir=LEFT
MOVE|ts=20260119204433|dir=LEFT
MOVE|ts=20260119204433|dir=LEFT
MOVE|ts=20260119204433|dir=LEFT
MOVE|ts=20260119204433|dir=LEFT
MOVE|ts=20260119204433|dir=LEFT
MOVE|ts=20260119204433|dir=LEFT
MOVE|ts=20260119204433|dir=LEFT
MOVE|ts=20260119204433|dir=LEFT
MOVE|ts=20260119204433|dir=LEFT
MOVE|ts=20260119204433|dir=LEFT
MOVE|ts=20260119204433|dir=LEFT
MOVE|ts=20260119204433|dir=LEFT
MOVE|ts=20260119204433|dir=LEFT
MOVE|ts=20260119204433|dir=LEFT
MOVE|ts=20260119204433|dir=LEFT
MOVE|ts=20260119204433|dir=LEFT
MOVE|ts=20260119204433|dir=LEFT
MOVE|ts=20260119204433|dir=LEFT
MOVE|ts=20260119204433|dir=LEFT
MOVE|ts=20260119204433|dir=LEFT
MOVE|ts=20260119204433|dir=LEFT
MOVE|ts=20260119204434|dir=LEFT
MOVE|ts=20260119204434|dir=LEFT
MOVE|ts=20260119204434|dir=LEFT
MOVE|ts=20260119204434|dir=LEFT
MOVE|ts=20260119204434|dir=LEFT
MOVE|ts=20260119204434|dir=LEFT
MOVE|ts=20260119204434|dir=LEFT
MOVE|ts=20260119204434|dir=LEFT
MOVE|ts=20260119204434|dir=LEFT
MOVE|ts=20260119204434|dir=LEFT
MOVE|ts=20260119204434|dir=LEFT
MOVE|ts=20260119204434|dir=LEFT
MOVE|ts=20260119204434|dir=LEFT
MOVE|ts=20260119204434|dir=LEFT
MOVE|ts=20260119204434|dir=LEFT
MOVE|ts=20260119204434|dir=LEFT
MOVE|ts=20260119204434|dir=LEFT
MOVE|ts=20260119204434|dir=LEFT
MOVE|ts=20260119204434|dir=LEFT
MOVE|ts=20260119204434|dir=LEFT
MOVE|ts=20260119204434|dir=LEFT
MOVE|ts=20260119204434|dir=LEFT
MOVE|ts=20260119204434|dir=LEFT
MOVE|ts=20260119204434|dir=LEFT
MOVE|ts=20260119204434|dir=LEFT
MOVE|ts=20260119204434|dir=LEFT
MOVE|ts=20260119204434|dir=LEFT
MOVE|ts=20260119204435|dir=LEFT
MOVE|ts=20260119204435|dir=LEFT
MOVE|ts=20260119204435|dir=LEFT
MOVE|ts=20260119204435|dir=LEFT
MOVE|ts=20260119204435|dir=LEFT
MOVE|ts=20260119204435|dir=LEFT
MOVE|ts=20260119204435|dir=LEFT
MOVE|ts=20260119204435|dir=LEFT
MOVE|ts=20260119204435|dir=LEFT
MOVE|ts=20260119204435|dir=LEFT
MOVE|ts=20260119204435|dir=LEFT
MOVE|ts=20260119204435|dir=LEFT
MOVE|ts=20260119204435|dir=LEFT
MOVE|ts=20260119204435|dir=LEFT
MOVE|ts=20260119204435|dir=LEFT
MOVE|ts=20260119204435|dir=LEFT
MOVE|ts=20260119204435|dir=LEFT
MOVE|ts=20260119204435|dir=LEFT
MOVE|ts=20260119204435|dir=LEFT
MOVE|ts=20260119204435|dir=LEFT
MOVE|ts=20260119204435|dir=LEFT
MOVE|ts=20260119204435|dir=LEFT
MOVE|ts=20260119204435|dir=LEFT
MOVE|ts=20260119204435|dir=LEFT
MOVE|ts=20260119204435|dir=LEFT
MOVE|ts=20260119204435|dir=LEFT
MOVE|ts=20260119204435|dir=LEFT
MOVE|ts=20260119204435|dir=LEFT
MOVE|ts=20260119204435|dir=LEFT
MOVE|ts=20260119204435|dir=LEFT
MOVE|ts=20260119204436|dir=LEFT
MOVE|ts=20260119204436|dir=LEFT
MOVE|ts=20260119204436|dir=LEFT
MOVE|ts=20260119204436|dir=LEFT
MOVE|ts=20260119204436|dir=LEFT
MOVE|ts=20260119204436|dir=LEFT
MOVE|ts=20260119204436|dir=LEFT
MOVE|ts=20260119204436|dir=LEFT
MOVE|ts=20260119204436|dir=LEFT
MOVE|ts=20260119204436|dir=LEFT
MOVE|ts=20260119204436|dir=LEFT
MOVE|ts=20260119204436|dir=LEFT
MOVE|ts=20260119204436|dir=LEFT
MOVE|ts=20260119204436|dir=LEFT
MOVE|ts=20260119204436|dir=LEFT
MOVE|ts=20260119204436|dir=LEFT
MOVE|ts=20260119204436|dir=LEFT
MOVE|ts=20260119204436|dir=LEFT
MOVE|ts=20260119204436|dir=LEFT
MOVE|ts=20260119204436|dir=LEFT
MOVE|ts=20260119204436|dir=LEFT
MOVE|ts=20260119204436|dir=LEFT
MOVE|ts=20260119204436|dir=LEFT
MOVE|ts=20260119204436|dir=LEFT
MOVE|ts=20260119204436|dir=LEFT
MOVE|ts=20260119204436|dir=LEFT
MOVE|ts=20260119204436|dir=LEFT
MOVE|ts=20260119204436|dir=LEFT
MOVE|ts=20260119204436|dir=LEFT
MOVE|ts=20260119204436|dir=LEFT
MOVE|ts=20260119204436|dir=LEFT
MOVE|ts=20260119204437|dir=LEFT
MOVE|ts=20260119204437|dir=UP
MOVE|ts=20260119204437|dir=UP
MOVE|ts=20260119204437|dir=UP
MOVE|ts=20260119204437|dir=UP
MOVE|ts=20260119204437|dir=UP
MOVE|ts=20260119204437|dir=UP
MOVE|ts=20260119204437|dir=UP
MOVE|ts=20260119204437|dir=UP
MOVE|ts=20260119204437|dir=UP
MOVE|ts=20260119204437|dir=UP
MOVE|ts=20260119204437|dir=UP
MOVE|ts=20260119204437|dir=UP
MOVE|ts=20260119204437|dir=UP
MOVE|ts=20260119204437|dir=UP
MOVE|ts=20260119204438|dir=UP
MOVE|ts=20260119204438|dir=UP
MOVE|ts=20260119204438|dir=UP
MOVE|ts=20260119204438|dir=UP
MOVE|ts=20260119204438|dir=UP
MOVE|ts=20260119204438|dir=UP
MOVE|ts=20260119204438|dir=UP
MOVE|ts=20260119204438|dir=UP
MOVE|ts=20260119204438|dir=UP
MOVE|ts=20260119204438|dir=UP
MOVE|ts=20260119204438|dir=UP
MOVE|ts=20260119204438|dir=UP
MOVE|ts=20260119204438|dir=UP
MOVE|ts=20260119204438|dir=UP
MOVE|ts=20260119204438|dir=UP
MOVE|ts=20260119204438|dir=UP
MOVE|ts=20260119204438|dir=UP
MOVE|ts=20260119204438|dir=UP
MOVE|ts=20260119204438|dir=UP
MOVE|ts=20260119204439|dir=LEFT
MOVE|ts=20260119204439|dir=UP
MOVE|ts=20260119204440|dir=UP
MOVE|ts=20260119204440|dir=UP
MOVE|ts=20260119204440|dir=UP
MOVE|ts=20260119204440|dir=UP
MOVE|ts=20260119204440|dir=UP
MOVE|ts=20260119204440|dir=UP
MOVE|ts=20260119204440|dir=UP
MOVE|ts=20260119204440|dir=UP
MOVE|ts=20260119204440|dir=UP
MOVE|ts=20260119204440|dir=UP
MOVE|ts=20260119204440|dir=UP
MOVE|ts=20260119204440|dir=UP
MOVE|ts=20260119204440|dir=UP
MOVE|ts=20260119204440|dir=UP
MOVE|ts=20260119204440|dir=UP
MOVE|ts=20260119204440|dir=UP
MOVE|ts=20260119204440|dir=UP
MOVE|ts=20260119204440|dir=UP
MOVE|ts=20260119204440|dir=UP
MOVE|ts=20260119204440|dir=UP
MOVE|ts=20260119204440|dir=UP
MOVE|ts=20260119204440|dir=UP
MOVE|ts=20260119204440|dir=UP
MOVE|ts=20260119204440|dir=UP
MOVE|ts=20260119204440|dir=UP
MOVE|ts=20260119204440|dir=UP
MOVE|ts=20260119204440|dir=UP
MOVE|ts=20260119204440|dir=UP
MOVE|ts=20260119204440|dir=UP
MOVE|ts=20260119204440|dir=UP
MOVE|ts=20260119204441|dir=UP
MOVE|ts=20260119204441|dir=UP
MOVE|ts=20260119204441|dir=UP
MOVE|ts=20260119204441|dir=UP
MOVE|ts=20260119204441|dir=UP
MOVE|ts=20260119204441|dir=UP
MOVE|ts=20260119204441|dir=UP
MOVE|ts=20260119204441|dir=UP
MOVE|ts=20260119204441|dir=UP
MOVE|ts=20260119204441|dir=UP
MOVE|ts=20260119204441|dir=UP
MOVE|ts=20260119204441|dir=UP
MOVE|ts=20260119204441|dir=UP
MOVE|ts=20260119204441|dir=UP
MOVE|ts=20260119204441|dir=UP
MOVE|ts=20260119204441|dir=UP
MOVE|ts=20260119204441|dir=UP
MOVE|ts=20260119204441|dir=UP
MOVE|ts=20260119204441|dir=UP
MOVE|ts=20260119204441|dir=UP
MOVE|ts=20260119204441|dir=UP
MOVE|ts=20260119204441|dir=UP
MOVE|ts=20260119204441|dir=LEFT
MOVE|ts=20260119204442|dir=LEFT
MOVE|ts=20260119204442|dir=LEFT
MOVE|ts=20260119204442|dir=LEFT
MOVE|ts=20260119204442|dir=LEFT
MOVE|ts=20260119204442|dir=LEFT
MOVE|ts=20260119204442|dir=LEFT
MOVE|ts=20260119204442|dir=LEFT
MOVE|ts=20260119204442|dir=LEFT
MOVE|ts=20260119204442|dir=LEFT
MOVE|ts=20260119204442|dir=LEFT
MOVE|ts=20260119204442|dir=LEFT
MOVE|ts=20260119204442|dir=LEFT
MOVE|ts=20260119204442|dir=LEFT
MOVE|ts=20260119204442|dir=LEFT
MOVE|ts=20260119204442|dir=LEFT
MOVE|ts=20260119204442|dir=LEFT
MOVE|ts=20260119204442|dir=LEFT
MOVE|ts=20260119204442|dir=LEFT
MOVE|ts=20260119204442|dir=LEFT
MOVE|ts=20260119204442|dir=LEFT
MOVE|ts=20260119204442|dir=LEFT
MOVE|ts=20260119204442|dir=LEFT
MOVE|ts=20260119204443|dir=LEFT
MOVE|ts=20260119204443|dir=LEFT
MOVE|ts=20260119204443|dir=LEFT
MOVE|ts=20260119204443|dir=LEFT
MOVE|ts=20260119204443|dir=LEFT
MOVE|ts=20260119204443|dir=LEFT
MOVE|ts=20260119204443|dir=LEFT
MOVE|ts=20260119204443|dir=LEFT
MOVE|ts=20260119204443|dir=LEFT
MOVE|ts=20260119204443|dir=LEFT
MOVE|ts=20260119204443|dir=LEFT
MOVE|ts=20260119204443|dir=LEFT
MOVE|ts=20260119204443|dir=LEFT
MOVE|ts=20260119204443|dir=UP
MOVE|ts=20260119204444|dir=UP
MOVE|ts=20260119204445|dir=UP
MOVE|ts=20260119204445|dir=LEFT
MOVE|ts=20260119204447|dir=UP
MOVE|ts=20260119204447|dir=LEFT
MOVE|ts=20260119204448|dir=LEFT
MOVE|ts=20260119204448|dir=LEFT
MOVE|ts=20260119204448|dir=LEFT
MOVE|ts=20260119204448|dir=LEFT
MOVE|ts=20260119204448|dir=LEFT
MOVE|ts=20260119204448|dir=LEFT
MOVE|ts=20260119204448|dir=LEFT
MOVE|ts=20260119204448|dir=LEFT
MOVE|ts=20260119204448|dir=LEFT
MOVE|ts=20260119204448|dir=LEFT
MOVE|ts=20260119204448|dir=LEFT
MOVE|ts=20260119204449|dir=LEFT
MOVE|ts=20260119204450|dir=LEFT
MOVE|ts=20260119204450|dir=LEFT
MOVE|ts=20260119204451|dir=LEFT
MOVE|ts=20260119204451|dir=UP
MOVE|ts=20260119204452|dir=UP
MOVE|ts=20260119204453|dir=UP
MOVE|ts=20260119204453|dir=LEFT
MOVE|ts=20260119204453|dir=LEFT
MOVE|ts=20260119204454|dir=LEFT
MOVE|ts=20260119204455|dir=LEFT
MOVE|ts=20260119204455|dir=LEFT
MOVE|ts=20260119204456|dir=DOWN
MOVE|ts=20260119204456|dir=LEFT
MOVE|ts=20260119204456|dir=DOWN
MOVE|ts=20260119204458|dir=DOWN
MOVE|ts=20260119204458|dir=LEFT
MOVE|ts=20260119204459|dir=LEFT
MOVE|ts=20260119204500|dir=DOWN
MOVE|ts=20260119204500|dir=LEFT
MOVE|ts=20260119204501|dir=LEFT
MOVE|ts=20260119204501|dir=DOWN
MOVE|ts=20260119204501|dir=DOWN
MOVE|ts=20260119204502|dir=DOWN
MOVE|ts=20260119204503|dir=RIGHT
MOVE|ts=20260119204503|dir=RIGHT
MOVE|ts=20260119204504|dir=RIGHT
MOVE|ts=20260119204505|dir=DOWN
MOVE|ts=20260119204506|dir=RIGHT
MOVE|ts=20260119204507|dir=RIGHT
MOVE|ts=20260119204507|dir=DOWN
MOVE|ts=20260119204509|dir=LEFT
MOVE|ts=20260119204509|dir=DOWN
MOVE|ts=20260119204509|dir=LEFT
MOVE|ts=20260119204510|dir=UP
MOVE|ts=20260119204510|dir=UP
MOVE|ts=20260119204511|dir=LEFT
MOVE|ts=20260119204511|dir=LEFT
MOVE|ts=20260119204512|dir=RIGHT
MOVE|ts=20260119204512|dir=RIGHT
MOVE|ts=20260119204513|dir=LEFT
MOVE|ts=20260119204514|dir=UP
MOVE|ts=20260119204515|dir=UP
MOVE|ts=20260119204515|dir=UP
MOVE|ts=20260119204515|dir=UP
MOVE|ts=20260119204515|dir=UP
MOVE|ts=20260119204516|dir=UP
MOVE|ts=20260119204516|dir=UP
MOVE|ts=20260119204516|dir=UP
MOVE|ts=20260119204516|dir=UP
MOVE|ts=20260119204516|dir=UP
MOVE|ts=20260119204516|dir=UP
MOVE|ts=20260119204516|dir=UP
MOVE|ts=20260119204516|dir=UP
MOVE|ts=20260119204516|dir=LEFT
MOVE|ts=20260119204516|dir=DOWN
MOVE|ts=20260119204519|dir=LEFT
MOVE|ts=20260119204519|dir=DOWN
MOVE|ts=20260119204519|dir=LEFT
MOVE|ts=20260119204520|dir=LEFT
MOVE|ts=20260119204521|dir=DOWN
MOVE|ts=20260119204522|dir=LEFT
MOVE|ts=20260119204523|dir=DOWN
MOVE|ts=20260119204524|dir=UP
MOVE|ts=20260119204525|dir=UP
MOVE|ts=20260119204525|dir=UP
MOVE|ts=20260119204525|dir=UP
MOVE|ts=20260119204525|dir=UP
MOVE|ts=20260119204525|dir=UP
MOVE|ts=20260119204525|dir=UP
MOVE|ts=20260119204525|dir=UP
MOVE|ts=20260119204525|dir=UP
MOVE|ts=20260119204525|dir=UP
MOVE|ts=20260119204525|dir=UP
MOVE|ts=20260119204525|dir=UP
MOVE|ts=20260119204525|dir=UP
MOVE|ts=20260119204525|dir=UP
MOVE|ts=20260119204525|dir=UP
MOVE|ts=20260119204525|dir=UP
MOVE|ts=20260119204525|dir=UP
MOVE|ts=20260119204525|dir=RIGHT
MOVE|ts=20260119204526|dir=UP
MOVE|ts=20260119204526|dir=UP
MOVE|ts=20260119204527|dir=UP
MOVE|ts=20260119204527|dir=RIGHT
MOVE|ts=20260119204528|dir=RIGHT
MOVE|ts=20260119204529|dir=UP
MOVE|ts=20260119204529|dir=RIGHT
MOVE|ts=20260119204529|dir=RIGHT
MOVE|ts=20260119204530|dir=RIGHT
MOVE|ts=20260119204530|dir=RIGHT
MOVE|ts=20260119204530|dir=RIGHT
MOVE|ts=20260119204530|dir=RIGHT
MOVE|ts=20260119204530|dir=RIGHT
MOVE|ts=20260119204530|dir=RIGHT
MOVE|ts=20260119204530|dir=DOWN
MOVE|ts=20260119204531|dir=RIGHT
MOVE|ts=20260119204532|dir=RIGHT
MOVE|ts=20260119204532|dir=RIGHT
MOVE|ts=20260119204532|dir=RIGHT
MOVE|ts=20260119204532|dir=RIGHT
MOVE|ts=20260119204532|dir=RIGHT
MOVE|ts=20260119204532|dir=RIGHT
MOVE|ts=20260119204534|dir=RIGHT
MOVE|ts=20260119204535|dir=RIGHT
MOVE|ts=20260119204535|dir=RIGHT
MOVE|ts=20260119204535|dir=RIGHT
MOVE|ts=20260119204535|dir=DOWN
MOVE|ts=20260119204536|dir=DOWN
MOVE|ts=20260119204537|dir=DOWN
MOVE|ts=20260119204537|dir=DOWN
MOVE|ts=20260119204537|dir=DOWN
MOVE|ts=20260119204537|dir=DOWN
MOVE|ts=20260119204537|dir=DOWN
MOVE|ts=20260119204537|dir=DOWN
MOVE|ts=20260119204537|dir=DOWN
MOVE|ts=20260119204537|dir=DOWN
MOVE|ts=20260119204537|dir=DOWN
MOVE|ts=20260119204537|dir=DOWN
MOVE|ts=20260119204537|dir=LEFT
MOVE|ts=20260119204538|dir=DOWN
MOVE|ts=20260119204539|dir=LEFT
MOVE|ts=20260119204539|dir=DOWN
MOVE|ts=20260119204539|dir=LEFT
MOVE|ts=20260119204540|dir=LEFT
MOVE|ts=20260119204541|dir=LEFT
MOVE|ts=20260119204541|dir=DOWN
MOVE|ts=20260119204542|dir=LEFT
MOVE|ts=20260119204542|dir=LEFT
MOVE|ts=20260119204544|dir=LEFT
MOVE|ts=20260119204544|dir=LEFT
MOVE|ts=20260119204544|dir=UP
MOVE|ts=20260119204546|dir=RIGHT
MOVE|ts=20260119204547|dir=RIGHT
MOVE|ts=20260119204547|dir=RIGHT
MOVE|ts=20260119204547|dir=RIGHT
MOVE|ts=20260119204547|dir=RIGHT
MOVE|ts=20260119204547|dir=RIGHT
MOVE|ts=20260119204547|dir=RIGHT
MOVE|ts=20260119204547|dir=RIGHT
MOVE|ts=20260119204547|dir=RIGHT
MOVE|ts=20260119204547|dir=RIGHT
MOVE|ts=20260119204547|dir=RIGHT
MOVE|ts=20260119204547|dir=RIGHT
MOVE|ts=20260119204547|dir=RIGHT
MOVE|ts=20260119204547|dir=RIGHT
MOVE|ts=20260119204547|dir=RIGHT
MOVE|ts=20260119204547|dir=RIGHT
MOVE|ts=20260119204548|dir=UP
MOVE|ts=20260119204548|dir=RIGHT
MOVE|ts=20260119204548|dir=LEFT
MOVE|ts=20260119204549|dir=DOWN
MOVE|ts=20260119204550|dir=DOWN
MOVE|ts=20260119204551|dir=DOWN
MOVE|ts=20260119204552|dir=DOWN
MOVE|ts=20260119204553|dir=LEFT
MOVE|ts=20260119204556|dir=DOWN
MOVE|ts=20260119204558|dir=UP
MOVE|ts=20260119204558|dir=UP
MOVE|ts=20260119204558|dir=UP
MOVE|ts=20260119204558|dir=LEFT
MOVE|ts=20260119204559|dir=LEFT
MOVE|ts=20260119204559|dir=LEFT
MOVE|ts=20260119204559|dir=LEFT
MOVE|ts=20260119204559|dir=LEFT
MOVE|ts=20260119204559|dir=LEFT
MOVE|ts=20260119204559|dir=LEFT
MOVE|ts=20260119204559|dir=LEFT
MOVE|ts=20260119204559|dir=LEFT
MOVE|ts=20260119204559|dir=LEFT
MOVE|ts=20260119204559|dir=LEFT
MOVE|ts=20260119204559|dir=LEFT
MOVE|ts=20260119204559|dir=LEFT
MOVE|ts=20260119204559|dir=LEFT
MOVE|ts=20260119204559|dir=LEFT
MOVE|ts=20260119204559|dir=LEFT
MOVE|ts=20260119204559|dir=LEFT
MOVE|ts=20260119204559|dir=LEFT
MOVE|ts=20260119204559|dir=LEFT
MOVE|ts=20260119204559|dir=LEFT
MOVE|ts=20260119204559|dir=LEFT
MOVE|ts=20260119204600|dir=LEFT
MOVE|ts=20260119204600|dir=LEFT
MOVE|ts=20260119204600|dir=LEFT
MOVE|ts=20260119204600|dir=LEFT
MOVE|ts=20260119204600|dir=LEFT
MOVE|ts=20260119204600|dir=LEFT
MOVE|ts=20260119204600|dir=LEFT
MOVE|ts=20260119204600|dir=LEFT
MOVE|ts=20260119204600|dir=LEFT
MOVE|ts=20260119204600|dir=LEFT
MOVE|ts=20260119204600|dir=LEFT
MOVE|ts=20260119204600|dir=LEFT
MOVE|ts=20260119204600|dir=LEFT
MOVE|ts=20260119204600|dir=LEFT
MOVE|ts=20260119204600|dir=LEFT
MOVE|ts=20260119204600|dir=LEFT
MOVE|ts=20260119204600|dir=LEFT
MOVE|ts=20260119204600|dir=LEFT
MOVE|ts=20260119204600|dir=LEFT
MOVE|ts=20260119204600|dir=LEFT
MOVE|ts=20260119204600|dir=LEFT
MOVE|ts=20260119204600|dir=LEFT
MOVE|ts=20260119204600|dir=LEFT
MOVE|ts=20260119204600|dir=LEFT
MOVE|ts=20260119204600|dir=LEFT
MOVE|ts=20260119204601|dir=LEFT
MOVE|ts=20260119204602|dir=LEFT
MOVE|ts=20260119204602|dir=LEFT
MOVE|ts=20260119204603|dir=LEFT
MOVE|ts=20260119204603|dir=DOWN
MOVE|ts=20260119204604|dir=LEFT
MOVE|ts=20260119204604|dir=LEFT
MOVE|ts=20260119204604|dir=DOWN
MOVE|ts=20260119204605|dir=LEFT
MOVE|ts=20260119204605|dir=LEFT
MOVE|ts=20260119204606|dir=LEFT
MOVE|ts=20260119204606|dir=DOWN
MOVE|ts=20260119204607|dir=LEFT
MOVE|ts=20260119204607|dir=LEFT
MOVE|ts=20260119204607|dir=LEFT
MOVE|ts=20260119204609|dir=LEFT
MOVE|ts=20260119204609|dir=DOWN
MOVE|ts=20260119204609|dir=LEFT
MOVE|ts=20260119204610|dir=LEFT
MOVE|ts=20260119204611|dir=LEFT
MOVE|ts=20260119204611|dir=LEFT
MOVE|ts=20260119204611|dir=LEFT
MOVE|ts=20260119204611|dir=LEFT
MOVE|ts=20260119204611|dir=LEFT
MOVE|ts=20260119204611|dir=LEFT
MOVE|ts=20260119204611|dir=LEFT
MOVE|ts=20260119204611|dir=LEFT
MOVE|ts=20260119204611|dir=LEFT
MOVE|ts=20260119204611|dir=LEFT
MOVE|ts=20260119204611|dir=LEFT
MOVE|ts=20260119204611|dir=LEFT
MOVE|ts=20260119204611|dir=LEFT
MOVE|ts=20260119204611|dir=LEFT
MOVE|ts=20260119204611|dir=LEFT
MOVE|ts=20260119204611|dir=LEFT
MOVE|ts=20260119204611|dir=LEFT
MOVE|ts=20260119204611|dir=LEFT
MOVE|ts=20260119204611|dir=LEFT
MOVE|ts=20260119204611|dir=LEFT
MOVE|ts=20260119204611|dir=LEFT
MOVE|ts=20260119204611|dir=LEFT
MOVE|ts=20260119204611|dir=LEFT
MOVE|ts=20260119204611|dir=LEFT
MOVE|ts=20260119204611|dir=LEFT
MOVE|ts=20260119204611|dir=LEFT
MOVE|ts=20260119204611|dir=LEFT
MOVE|ts=20260119204611|dir=LEFT
MOVE|ts=20260119204611|dir=LEFT
MOVE|ts=20260119204611|dir=LEFT
MOVE|ts=20260119204612|dir=LEFT
MOVE|ts=20260119204612|dir=LEFT
MOVE|ts=20260119204612|dir=LEFT
MOVE|ts=20260119204612|dir=LEFT
MOVE|ts=20260119204612|dir=UP
MOVE|ts=20260119204612|dir=UP
MOVE|ts=20260119204612|dir=UP
MOVE|ts=20260119204612|dir=UP
MOVE|ts=20260119204612|dir=UP
MOVE|ts=20260119204612|dir=UP
MOVE|ts=20260119204612|dir=UP
MOVE|ts=20260119204612|dir=UP
MOVE|ts=20260119204612|dir=UP
MOVE|ts=20260119204612|dir=UP
MOVE|ts=20260119204612|dir=UP
MOVE|ts=20260119204613|dir=UP
MOVE|ts=20260119204613|dir=UP
MOVE|ts=20260119204613|dir=UP
MOVE|ts=20260119204613|dir=UP
MOVE|ts=20260119204613|dir=UP
MOVE|ts=20260119204613|dir=UP
MOVE|ts=20260119204613|dir=RIGHT
MOVE|ts=20260119204613|dir=UP
MOVE|ts=20260119204613|dir=UP
MOVE|ts=20260119204613|dir=UP
MOVE|ts=20260119204613|dir=UP
MOVE|ts=20260119204614|dir=UP
MOVE|ts=20260119204614|dir=UP
MOVE|ts=20260119204614|dir=UP
MOVE|ts=20260119204614|dir=UP
MOVE|ts=20260119204614|dir=UP
MOVE|ts=20260119204614|dir=UP
MOVE|ts=20260119204614|dir=UP
MOVE|ts=20260119204614|dir=UP
MOVE|ts=20260119204614|dir=UP
MOVE|ts=20260119204614|dir=UP
MOVE|ts=20260119204614|dir=UP
MOVE|ts=20260119204614|dir=UP
MOVE|ts=20260119204614|dir=UP
MOVE|ts=20260119204614|dir=UP
MOVE|ts=20260119204614|dir=UP
MOVE|ts=20260119204614|dir=UP
MOVE|ts=20260119204614|dir=UP
MOVE|ts=20260119204614|dir=UP
MOVE|ts=20260119204614|dir=UP
MOVE|ts=20260119204614|dir=UP
MOVE|ts=20260119204614|dir=UP
MOVE|ts=20260119204614|dir=RIGHT
MOVE|ts=20260119204614|dir=UP
MOVE|ts=20260119204615|dir=UP
MOVE|ts=20260119204615|dir=UP
MOVE|ts=20260119204615|dir=UP
MOVE|ts=20260119204615|dir=UP
MOVE|ts=20260119204615|dir=UP
MOVE|ts=20260119204615|dir=UP
MOVE|ts=20260119204615|dir=UP
MOVE|ts=20260119204615|dir=UP
MOVE|ts=20260119204615|dir=UP
MOVE|ts=20260119204615|dir=UP
MOVE|ts=20260119204615|dir=UP
MOVE|ts=20260119204615|dir=UP
MOVE|ts=20260119204615|dir=UP
MOVE|ts=20260119204615|dir=UP
MOVE|ts=20260119204615|dir=UP
MOVE|ts=20260119204615|dir=UP
MOVE|ts=20260119204616|dir=UP
MOVE|ts=20260119204616|dir=UP
MOVE|ts=20260119204616|dir=UP
MOVE|ts=20260119204616|dir=UP
MOVE|ts=20260119204616|dir=UP
MOVE|ts=20260119204616|dir=UP
MOVE|ts=20260119204616|dir=UP
MOVE|ts=20260119204616|dir=UP
MOVE|ts=20260119204616|dir=UP
MOVE|ts=20260119204616|dir=UP
MOVE|ts=20260119204616|dir=UP
MOVE|ts=20260119204616|dir=UP
MOVE|ts=20260119204616|dir=UP
MOVE|ts=20260119204616|dir=UP
MOVE|ts=20260119204616|dir=UP
MOVE|ts=20260119204616|dir=UP
MOVE|ts=20260119204616|dir=UP
MOVE|ts=20260119204616|dir=UP
MOVE|ts=20260119204616|dir=UP
MOVE|ts=20260119204616|dir=UP
MOVE|ts=20260119204616|dir=UP
MOVE|ts=20260119204616|dir=UP
MOVE|ts=20260119204616|dir=UP
MOVE|ts=20260119204616|dir=UP
MOVE|ts=20260119204616|dir=UP
MOVE|ts=20260119204616|dir=UP
MOVE|ts=20260119204616|dir=UP
MOVE|ts=20260119204616|dir=UP
MOVE|ts=20260119204616|dir=UP
MOVE|ts=20260119204616|dir=UP
MOVE|ts=20260119204616|dir=UP
MOVE|ts=20260119204617|dir=UP
MOVE|ts=20260119204617|dir=UP
MOVE|ts=20260119204617|dir=UP
MOVE|ts=20260119204617|dir=UP
MOVE|ts=20260119204617|dir=UP
MOVE|ts=20260119204617|dir=UP
MOVE|ts=20260119204617|dir=UP
MOVE|ts=20260119204617|dir=UP
MOVE|ts=20260119204617|dir=UP
MOVE|ts=20260119204617|dir=UP
MOVE|ts=20260119204617|dir=UP
MOVE|ts=20260119204617|dir=UP
MOVE|ts=20260119204617|dir=UP
MOVE|ts=20260119204617|dir=UP
MOVE|ts=20260119204617|dir=UP
MOVE|ts=20260119204617|dir=UP
MOVE|ts=20260119204617|dir=UP
MOVE|ts=20260119204617|dir=UP
MOVE|ts=20260119204617|dir=UP
MOVE|ts=20260119204617|dir=UP
MOVE|ts=20260119204617|dir=UP
MOVE|ts=20260119204617|dir=UP
MOVE|ts=20260119204617|dir=UP
MOVE|ts=20260119204617|dir=UP
MOVE|ts=20260119204617|dir=UP
MOVE|ts=20260119204617|dir=UP
MOVE|ts=20260119204617|dir=UP
MOVE|ts=20260119204617|dir=UP
MOVE|ts=20260119204617|dir=UP
MOVE|ts=20260119204617|dir=UP
MOVE|ts=20260119204618|dir=UP
MOVE|ts=20260119204618|dir=UP
MOVE|ts=20260119204618|dir=UP
MOVE|ts=20260119204618|dir=UP
MOVE|ts=20260119204618|dir=UP
MOVE|ts=20260119204618|dir=UP
MOVE|ts=20260119204618|dir=UP
MOVE|ts=20260119204618|dir=UP
MOVE|ts=20260119204618|dir=UP
MOVE|ts=20260119204618|dir=UP
MOVE|ts=20260119204618|dir=UP
MOVE|ts=20260119204618|dir=UP
MOVE|ts=20260119204618|dir=UP
MOVE|ts=20260119204618|dir=UP
MOVE|ts=20260119204618|dir=UP
MOVE|ts=20260119204618|dir=UP
MOVE|ts=20260119204618|dir=UP
MOVE|ts=20260119204618|dir=UP
MOVE|ts=20260119204618|dir=UP
MOVE|ts=20260119204618|dir=UP
MOVE|ts=20260119204618|dir=UP
MOVE|ts=20260119204618|dir=UP
MOVE|ts=20260119204618|dir=UP
MOVE|ts=20260119204618|dir=UP
MOVE|ts=20260119204618|dir=UP
MOVE|ts=20260119204618|dir=UP
MOVE|ts=20260119204618|dir=UP
MOVE|ts=20260119204618|dir=UP
MOVE|ts=20260119204618|dir=UP
MOVE|ts=20260119204618|dir=UP
MOVE|ts=20260119204619|dir=UP
MOVE|ts=20260119204619|dir=UP
MOVE|ts=20260119204619|dir=UP
MOVE|ts=20260119204619|dir=UP
MOVE|ts=20260119204619|dir=UP
MOVE|ts=20260119204619|dir=UP
MOVE|ts=20260119204619|dir=UP
MOVE|ts=20260119204619|dir=UP
MOVE|ts=20260119204619|dir=LEFT
MOVE|ts=20260119204619|dir=UP
MOVE|ts=20260119204620|dir=UP
MOVE|ts=20260119204621|dir=DOWN
MOVE|ts=20260119204621|dir=DOWN
MOVE|ts=20260119204621|dir=DOWN
MOVE|ts=20260119204621|dir=DOWN
MOVE|ts=20260119204621|dir=DOWN
MOVE|ts=20260119204621|dir=DOWN
MOVE|ts=20260119204621|dir=DOWN
MOVE|ts=20260119204621|dir=DOWN
MOVE|ts=20260119204621|dir=DOWN
MOVE|ts=20260119204621|dir=DOWN
MOVE|ts=20260119204621|dir=DOWN
MOVE|ts=20260119204621|dir=DOWN
MOVE|ts=20260119204621|dir=DOWN
MOVE|ts=20260119204621|dir=DOWN
MOVE|ts=20260119204621|dir=DOWN
MOVE|ts=20260119204621|dir=DOWN
MOVE|ts=20260119204622|dir=DOWN
MOVE|ts=20260119204622|dir=DOWN
MOVE|ts=20260119204622|dir=DOWN
MOVE|ts=20260119204622|dir=DOWN
MOVE|ts=20260119204622|dir=DOWN
MOVE|ts=20260119204622|dir=DOWN
MOVE|ts=20260119204622|dir=DOWN
MOVE|ts=20260119204622|dir=DOWN
MOVE|ts=20260119204622|dir=DOWN
MOVE|ts=20260119204622|dir=DOWN
MOVE|ts=20260119204622|dir=DOWN
MOVE|ts=20260119204622|dir=DOWN
MOVE|ts=20260119204622|dir=DOWN
MOVE|ts=20260119204622|dir=DOWN
MOVE|ts=20260119204622|dir=DOWN
MOVE|ts=20260119204622|dir=DOWN
MOVE|ts=20260119204622|dir=DOWN
MOVE|ts=20260119204622|dir=DOWN
MOVE|ts=20260119204622|dir=DOWN
MOVE|ts=20260119204622|dir=DOWN
MOVE|ts=20260119204622|dir=DOWN
MOVE|ts=20260119204622|dir=DOWN
MOVE|ts=20260119204622|dir=DOWN
MOVE|ts=20260119204622|dir=DOWN
MOVE|ts=20260119204622|dir=DOWN
MOVE|ts=20260119204622|dir=DOWN
MOVE|ts=20260119204622|dir=DOWN
MOVE|ts=20260119204622|dir=DOWN
MOVE|ts=20260119204622|dir=DOWN
MOVE|ts=20260119204622|dir=DOWN
MOVE|ts=20260119204622|dir=DOWN
MOVE|ts=20260119204623|dir=DOWN
MOVE|ts=20260119204623|dir=DOWN
MOVE|ts=20260119204623|dir=DOWN
MOVE|ts=20260119204623|dir=DOWN
MOVE|ts=20260119204623|dir=DOWN
MOVE|ts=20260119204623|dir=DOWN
MOVE|ts=20260119204623|dir=DOWN
MOVE|ts=20260119204623|dir=DOWN
MOVE|ts=20260119204623|dir=DOWN
MOVE|ts=20260119204623|dir=DOWN
MOVE|ts=20260119204623|dir=DOWN
MOVE|ts=20260119204623|dir=DOWN
MOVE|ts=20260119204623|dir=DOWN
MOVE|ts=20260119204623|dir=DOWN
MOVE|ts=20260119204623|dir=DOWN
MOVE|ts=20260119204623|dir=DOWN
MOVE|ts=20260119204623|dir=DOWN
MOVE|ts=20260119204623|dir=DOWN
MOVE|ts=20260119204623|dir=DOWN
MOVE|ts=20260119204623|dir=DOWN
MOVE|ts=20260119204623|dir=DOWN
MOVE|ts=20260119204623|dir=DOWN
MOVE|ts=20260119204623|dir=DOWN
MOVE|ts=20260119204623|dir=DOWN
MOVE|ts=20260119204623|dir=DOWN
MOVE|ts=20260119204623|dir=DOWN
MOVE|ts=20260119204623|dir=DOWN
MOVE|ts=20260119204623|dir=DOWN
MOVE|ts=20260119204623|dir=DOWN
MOVE|ts=20260119204623|dir=DOWN
MOVE|ts=20260119204624|dir=DOWN
MOVE|ts=20260119204624|dir=DOWN
MOVE|ts=20260119204624|dir=DOWN
MOVE|ts=20260119204624|dir=DOWN
MOVE|ts=20260119204624|dir=DOWN
MOVE|ts=20260119204624|dir=DOWN
MOVE|ts=20260119204624|dir=DOWN
MOVE|ts=20260119204624|dir=DOWN
MOVE|ts=20260119204624|dir=DOWN
MOVE|ts=20260119204624|dir=DOWN
MOVE|ts=20260119204624|dir=DOWN
MOVE|ts=20260119204624|dir=DOWN
MOVE|ts=20260119204624|dir=RIGHT
MOVE|ts=20260119204624|dir=DOWN
MOVE|ts=20260119204625|dir=DOWN
MOVE|ts=20260119204625|dir=DOWN
MOVE|ts=20260119204625|dir=DOWN
MOVE|ts=20260119204625|dir=DOWN
MOVE|ts=20260119204625|dir=DOWN
MOVE|ts=20260119204625|dir=DOWN
MOVE|ts=20260119204625|dir=DOWN
MOVE|ts=20260119204625|dir=DOWN
MOVE|ts=20260119204625|dir=DOWN
MOVE|ts=20260119204625|dir=DOWN
MOVE|ts=20260119204625|dir=DOWN
MOVE|ts=20260119204625|dir=DOWN
MOVE|ts=20260119204625|dir=DOWN
MOVE|ts=20260119204625|dir=DOWN
MOVE|ts=20260119204625|dir=DOWN
MOVE|ts=20260119204625|dir=DOWN
MOVE|ts=20260119204625|dir=DOWN
MOVE|ts=20260119204625|dir=DOWN
MOVE|ts=20260119204625|dir=DOWN
MOVE|ts=20260119204625|dir=DOWN
MOVE|ts=20260119204626|dir=DOWN
MOVE|ts=20260119204626|dir=DOWN
MOVE|ts=20260119204626|dir=DOWN
MOVE|ts=20260119204626|dir=DOWN
MOVE|ts=20260119204626|dir=DOWN
MOVE|ts=20260119204626|dir=DOWN
MOVE|ts=20260119204626|dir=DOWN
MOVE|ts=20260119204626|dir=DOWN
MOVE|ts=20260119204626|dir=DOWN
MOVE|ts=20260119204626|dir=DOWN
MOVE|ts=20260119204626|dir=DOWN
MOVE|ts=20260119204626|dir=DOWN
MOVE|ts=20260119204626|dir=DOWN
MOVE|ts=20260119204626|dir=DOWN
MOVE|ts=20260119204626|dir=DOWN
MOVE|ts=20260119204626|dir=DOWN
MOVE|ts=20260119204626|dir=DOWN
MOVE|ts=20260119204626|dir=DOWN
MOVE|ts=20260119204626|dir=DOWN
MOVE|ts=20260119204626|dir=DOWN
MOVE|ts=20260119204626|dir=DOWN
MOVE|ts=20260119204626|dir=DOWN
MOVE|ts=20260119204626|dir=DOWN
MOVE|ts=20260119204626|dir=DOWN
MOVE|ts=20260119204626|dir=DOWN
MOVE|ts=20260119204626|dir=DOWN
MOVE|ts=20260119204626|dir=DOWN
MOVE|ts=20260119204626|dir=DOWN
MOVE|ts=20260119204626|dir=DOWN
MOVE|ts=20260119204627|dir=LEFT
MOVE|ts=20260119204627|dir=LEFT
MOVE|ts=20260119204627|dir=LEFT
MOVE|ts=20260119204627|dir=LEFT
MOVE|ts=20260119204627|dir=LEFT
MOVE|ts=20260119204627|dir=LEFT
MOVE|ts=20260119204627|dir=LEFT
MOVE|ts=20260119204627|dir=LEFT
MOVE|ts=20260119204627|dir=LEFT
MOVE|ts=20260119204627|dir=LEFT
MOVE|ts=20260119204627|dir=LEFT
MOVE|ts=20260119204627|dir=LEFT
MOVE|ts=20260119204627|dir=LEFT
MOVE|ts=20260119204627|dir=LEFT
MOVE|ts=20260119204627|dir=LEFT
MOVE|ts=20260119204627|dir=LEFT
MOVE|ts=20260119204628|dir=LEFT
MOVE|ts=20260119204628|dir=LEFT
MOVE|ts=20260119204628|dir=LEFT
MOVE|ts=20260119204628|dir=LEFT
MOVE|ts=20260119204628|dir=LEFT
MOVE|ts=20260119204628|dir=LEFT
MOVE|ts=20260119204628|dir=LEFT
MOVE|ts=20260119204628|dir=LEFT
MOVE|ts=20260119204628|dir=LEFT
MOVE|ts=20260119204628|dir=LEFT
MOVE|ts=20260119204628|dir=LEFT
MOVE|ts=20260119204628|dir=LEFT
MOVE|ts=20260119204628|dir=LEFT
MOVE|ts=20260119204628|dir=LEFT
MOVE|ts=20260119204628|dir=LEFT
MOVE|ts=20260119204628|dir=LEFT
MOVE|ts=20260119204628|dir=LEFT
MOVE|ts=20260119204628|dir=LEFT
MOVE|ts=20260119204628|dir=LEFT
MOVE|ts=20260119204628|dir=LEFT
MOVE|ts=20260119204628|dir=LEFT
MOVE|ts=20260119204628|dir=LEFT
MOVE|ts=20260119204628|dir=LEFT
MOVE|ts=20260119204628|dir=LEFT
MOVE|ts=20260119204628|dir=LEFT
MOVE|ts=20260119204628|dir=LEFT
MOVE|ts=20260119204628|dir=LEFT
MOVE|ts=20260119204628|dir=LEFT
MOVE|ts=20260119204628|dir=LEFT
MOVE|ts=20260119204628|dir=LEFT
MOVE|ts=20260119204628|dir=LEFT
MOVE|ts=20260119204629|dir=LEFT
MOVE|ts=20260119204629|dir=LEFT
MOVE|ts=20260119204629|dir=LEFT
MOVE|ts=20260119204629|dir=LEFT
MOVE|ts=20260119204629|dir=LEFT
MOVE|ts=20260119204629|dir=LEFT
MOVE|ts=20260119204629|dir=LEFT
MOVE|ts=20260119204629|dir=LEFT
MOVE|ts=20260119204629|dir=LEFT
MOVE|ts=20260119204629|dir=LEFT
MOVE|ts=20260119204629|dir=LEFT
MOVE|ts=20260119204629|dir=LEFT
MOVE|ts=20260119204629|dir=DOWN
MOVE|ts=20260119204629|dir=DOWN
MOVE|ts=20260119204630|dir=DOWN
MOVE|ts=20260119204630|dir=DOWN
MOVE|ts=20260119204630|dir=DOWN
MOVE|ts=20260119204630|dir=DOWN
MOVE|ts=20260119204630|dir=DOWN
MOVE|ts=20260119204630|dir=DOWN
MOVE|ts=20260119204630|dir=DOWN
MOVE|ts=20260119204630|dir=DOWN
MOVE|ts=20260119204630|dir=DOWN
MOVE|ts=20260119204630|dir=DOWN
MOVE|ts=20260119204630|dir=DOWN
MOVE|ts=20260119204630|dir=DOWN
MOVE|ts=20260119204630|dir=DOWN
MOVE|ts=20260119204630|dir=DOWN
MOVE|ts=20260119204630|dir=DOWN
MOVE|ts=20260119204630|dir=DOWN
MOVE|ts=20260119204630|dir=DOWN
MOVE|ts=20260119204630|dir=DOWN
MOVE|ts=20260119204630|dir=DOWN
MOVE|ts=20260119204630|dir=DOWN
MOVE|ts=20260119204630|dir=DOWN
MOVE|ts=20260119204630|dir=LEFT
MOVE|ts=20260119204631|dir=LEFT
MOVE|ts=20260119204631|dir=LEFT
MOVE|ts=20260119204631|dir=LEFT
MOVE|ts=20260119204631|dir=LEFT
MOVE|ts=20260119204631|dir=LEFT
MOVE|ts=20260119204631|dir=LEFT
MOVE|ts=20260119204631|dir=LEFT
MOVE|ts=20260119204631|dir=LEFT
MOVE|ts=20260119204631|dir=LEFT
MOVE|ts=20260119204631|dir=LEFT
MOVE|ts=20260119204631|dir=LEFT
MOVE|ts=20260119204631|dir=LEFT
MOVE|ts=20260119204631|dir=LEFT
MOVE|ts=20260119204631|dir=LEFT
MOVE|ts=20260119204631|dir=LEFT
MOVE|ts=20260119204631|dir=LEFT
MOVE|ts=20260119204631|dir=LEFT
MOVE|ts=20260119204631|dir=LEFT
MOVE|ts=20260119204631|dir=LEFT
MOVE|ts=20260119204631|dir=LEFT
MOVE|ts=20260119204631|dir=LEFT
MOVE|ts=20260119204631|dir=LEFT
MOVE|ts=20260119204631|dir=LEFT
MOVE|ts=20260119204632|dir=LEFT
MOVE|ts=20260119204632|dir=LEFT
MOVE|ts=20260119204632|dir=LEFT
MOVE|ts=20260119204632|dir=LEFT
MOVE|ts=20260119204632|dir=LEFT
MOVE|ts=20260119204632|dir=LEFT
MOVE|ts=20260119204632|dir=LEFT
MOVE|ts=20260119204632|dir=LEFT
MOVE|ts=20260119204632|dir=UP
MOVE|ts=20260119204632|dir=UP
MOVE|ts=20260119204632|dir=UP
MOVE|ts=20260119204633|dir=RIGHT
MOVE|ts=20260119204633|dir=DOWN
MOVE|ts=20260119204634|dir=DOWN
MOVE|ts=20260119204634|dir=DOWN
MOVE|ts=20260119204634|dir=DOWN
MOVE|ts=20260119204634|dir=DOWN
MOVE|ts=20260119204634|dir=DOWN
MOVE|ts=20260119204634|dir=DOWN
MOVE|ts=20260119204634|dir=DOWN
MOVE|ts=20260119204634|dir=DOWN
MOVE|ts=20260119204634|dir=DOWN
MOVE|ts=20260119204634|dir=DOWN
MOVE|ts=20260119204634|dir=DOWN
MOVE|ts=20260119204634|dir=DOWN
MOVE|ts=20260119204634|dir=DOWN
MOVE|ts=20260119204634|dir=DOWN
MOVE|ts=20260119204634|dir=DOWN
MOVE|ts=20260119204634|dir=DOWN
MOVE|ts=20260119204634|dir=DOWN
MOVE|ts=20260119204634|dir=DOWN
MOVE|ts=20260119204634|dir=DOWN
MOVE|ts=20260119204634|dir=DOWN
MOVE|ts=20260119204634|dir=DOWN
MOVE|ts=20260119204634|dir=DOWN
MOVE|ts=20260119204634|dir=DOWN
MOVE|ts=20260119204634|dir=DOWN
MOVE|ts=20260119204635|dir=LEFT
MOVE|ts=20260119204635|dir=LEFT
MOVE|ts=20260119204635|dir=LEFT
MOVE|ts=20260119204635|dir=LEFT
MOVE|ts=20260119204635|dir=LEFT
MOVE|ts=20260119204635|dir=LEFT
MOVE|ts=20260119204635|dir=LEFT
MOVE|ts=20260119204635|dir=LEFT
MOVE|ts=20260119204635|dir=LEFT
MOVE|ts=20260119204635|dir=LEFT
MOVE|ts=20260119204635|dir=LEFT
MOVE|ts=20260119204635|dir=LEFT
MOVE|ts=20260119204635|dir=LEFT
MOVE|ts=20260119204635|dir=LEFT
MOVE|ts=20260119204635|dir=LEFT
MOVE|ts=20260119204636|dir=LEFT
MOVE|ts=20260119204636|dir=LEFT
MOVE|ts=20260119204636|dir=LEFT
MOVE|ts=20260119204636|dir=LEFT
MOVE|ts=20260119204636|dir=LEFT
MOVE|ts=20260119204636|dir=LEFT
MOVE|ts=20260119204636|dir=LEFT
MOVE|ts=20260119204636|dir=LEFT
MOVE|ts=20260119204636|dir=LEFT
MOVE|ts=20260119204636|dir=LEFT
MOVE|ts=20260119204636|dir=LEFT
MOVE|ts=20260119204636|dir=LEFT
MOVE|ts=20260119204636|dir=LEFT
MOVE|ts=20260119204636|dir=LEFT
MOVE|ts=20260119204636|dir=LEFT
MOVE|ts=20260119204636|dir=DOWN
MOVE|ts=20260119204706|dir=LEFT
MOVE|ts=20260119204707|dir=DOWN
MOVE|ts=20260119204707|dir=DOWN
MOVE|ts=20260119204707|dir=LEFT
MOVE|ts=20260119204708|dir=DOWN
MOVE|ts=20260119204708|dir=DOWN
MOVE|ts=20260119204708|dir=DOWN
MOVE|ts=20260119204708|dir=DOWN
MOVE|ts=20260119204708|dir=DOWN
MOVE|ts=20260119204708|dir=DOWN
MOVE|ts=20260119204708|dir=DOWN
MOVE|ts=20260119204708|dir=DOWN
MOVE|ts=20260119204709|dir=DOWN
MOVE|ts=20260119204709|dir=DOWN
MOVE|ts=20260119204709|dir=DOWN
MOVE|ts=20260119204709|dir=DOWN
MOVE|ts=20260119204709|dir=DOWN
MOVE|ts=20260119204709|dir=DOWN
MOVE|ts=20260119204709|dir=DOWN
MOVE|ts=20260119204709|dir=DOWN
MOVE|ts=20260119204709|dir=DOWN
MOVE|ts=20260119204709|dir=DOWN
MOVE|ts=20260119204709|dir=DOWN
MOVE|ts=20260119204709|dir=DOWN
MOVE|ts=20260119204709|dir=DOWN
MOVE|ts=20260119204709|dir=DOWN
MOVE|ts=20260119204709|dir=DOWN
MOVE|ts=20260119204709|dir=LEFT
MOVE|ts=20260119204710|dir=LEFT
MOVE|ts=20260119204710|dir=LEFT
MOVE|ts=20260119204710|dir=LEFT
MOVE|ts=20260119204710|dir=LEFT
MOVE|ts=20260119204710|dir=LEFT
MOVE|ts=20260119204710|dir=DOWN
MOVE|ts=20260119204802|dir=LEFT
MOVE|ts=20260119204803|dir=UP
MOVE|ts=20260119204803|dir=LEFT
MOVE|ts=20260119204804|dir=LEFT
MOVE|ts=20260119204804|dir=LEFT
MOVE|ts=20260119204804|dir=LEFT
MOVE|ts=20260119204804|dir=LEFT
MOVE|ts=20260119204804|dir=LEFT
MOVE|ts=20260119204804|dir=LEFT
MOVE|ts=20260119204804|dir=LEFT
MOVE|ts=20260119204804|dir=LEFT
MOVE|ts=20260119204804|dir=LEFT
MOVE|ts=20260119204804|dir=LEFT
MOVE|ts=20260119204804|dir=LEFT
MOVE|ts=20260119204804|dir=LEFT
MOVE|ts=20260119204804|dir=LEFT
MOVE|ts=20260119204804|dir=LEFT
MOVE|ts=20260119204804|dir=LEFT
MOVE|ts=20260119204804|dir=LEFT
MOVE|ts=20260119204804|dir=LEFT
MOVE|ts=20260119204804|dir=LEFT
MOVE|ts=20260119204804|dir=LEFT
MOVE|ts=20260119204805|dir=LEFT
MOVE|ts=20260119204805|dir=LEFT
MOVE|ts=20260119204805|dir=LEFT
MOVE|ts=20260119204805|dir=LEFT
MOVE|ts=20260119204805|dir=LEFT
MOVE|ts=20260119204805|dir=LEFT
MOVE|ts=20260119204805|dir=LEFT
MOVE|ts=20260119204805|dir=LEFT
MOVE|ts=20260119204805|dir=LEFT
MOVE|ts=20260119204805|dir=LEFT
MOVE|ts=20260119204805|dir=LEFT
MOVE|ts=20260119204805|dir=LEFT
MOVE|ts=20260119204805|dir=LEFT
MOVE|ts=20260119204805|dir=LEFT
MOVE|ts=20260119204805|dir=LEFT
MOVE|ts=20260119204805|dir=LEFT
MOVE|ts=20260119204805|dir=LEFT
MOVE|ts=20260119204805|dir=LEFT
MOVE|ts=20260119204805|dir=LEFT
MOVE|ts=20260119204805|dir=LEFT
MOVE|ts=20260119204805|dir=LEFT
MOVE|ts=20260119204805|dir=LEFT
MOVE|ts=20260119204805|dir=LEFT
MOVE|ts=20260119204805|dir=LEFT
MOVE|ts=20260119204805|dir=LEFT
MOVE|ts=20260119204805|dir=LEFT
MOVE|ts=20260119204805|dir=LEFT
MOVE|ts=20260119204805|dir=LEFT
MOVE|ts=20260119204805|dir=LEFT
MOVE|ts=20260119204805|dir=LEFT
MOVE|ts=20260119204806|dir=LEFT
MOVE|ts=20260119204806|dir=LEFT
MOVE|ts=20260119204806|dir=LEFT
MOVE|ts=20260119204806|dir=LEFT
MOVE|ts=20260119204806|dir=LEFT
MOVE|ts=20260119204806|dir=LEFT
MOVE|ts=20260119204806|dir=LEFT
MOVE|ts=20260119204806|dir=LEFT
MOVE|ts=20260119204806|dir=LEFT
MOVE|ts=20260119204806|dir=LEFT
MOVE|ts=20260119204806|dir=LEFT
MOVE|ts=20260119204806|dir=LEFT
MOVE|ts=20260119204806|dir=LEFT
MOVE|ts=20260119204806|dir=LEFT
MOVE|ts=20260119204806|dir=LEFT
MOVE|ts=20260119204806|dir=LEFT
MOVE|ts=20260119204806|dir=LEFT
MOVE|ts=20260119204806|dir=LEFT
MOVE|ts=20260119204806|dir=LEFT
MOVE|ts=20260119204806|dir=LEFT
MOVE|ts=20260119204806|dir=DOWN
MOVE|ts=20260119204806|dir=LEFT
MOVE|ts=20260119204807|dir=DOWN
MOVE|ts=20260119204807|dir=LEFT
MOVE|ts=20260119204807|dir=LEFT
MOVE|ts=20260119204807|dir=LEFT
MOVE|ts=20260119204808|dir=DOWN
MOVE|ts=20260119204808|dir=LEFT
MOVE|ts=20260119204808|dir=DOWN
MOVE|ts=20260119204809|dir=DOWN
MOVE|ts=20260119204809|dir=DOWN
MOVE|ts=20260119204809|dir=LEFT
MOVE|ts=20260119204809|dir=DOWN
MOVE|ts=20260119204810|dir=LEFT
MOVE|ts=20260119204816|dir=LEFT
MOVE|ts=20260119204817|dir=LEFT
MOVE|ts=20260119204817|dir=LEFT
MOVE|ts=20260119204817|dir=LEFT
MOVE|ts=20260119204817|dir=LEFT
MOVE|ts=20260119204817|dir=LEFT
MOVE|ts=20260119204817|dir=LEFT
MOVE|ts=20260119204817|dir=LEFT
MOVE|ts=20260119204817|dir=LEFT
MOVE|ts=20260119204817|dir=LEFT
MOVE|ts=20260119204817|dir=LEFT
MOVE|ts=20260119204817|dir=LEFT
MOVE|ts=20260119204817|dir=LEFT
MOVE|ts=20260119204817|dir=LEFT
MOVE|ts=20260119204817|dir=LEFT
MOVE|ts=20260119204817|dir=LEFT
MOVE|ts=20260119204817|dir=LEFT
MOVE|ts=20260119204817|dir=LEFT
MOVE|ts=20260119204818|dir=LEFT
MOVE|ts=20260119204818|dir=LEFT
MOVE|ts=20260119204818|dir=LEFT
MOVE|ts=20260119204818|dir=LEFT
MOVE|ts=20260119204818|dir=DOWN
MOVE|ts=20260119204818|dir=LEFT
MOVE|ts=20260119204819|dir=DOWN
MOVE|ts=20260119204819|dir=DOWN
MOVE|ts=20260119204819|dir=DOWN
MOVE|ts=20260119204819|dir=DOWN
MOVE|ts=20260119204819|dir=DOWN
MOVE|ts=20260119204819|dir=DOWN
MOVE|ts=20260119204819|dir=DOWN
MOVE|ts=20260119204819|dir=DOWN
MOVE|ts=20260119204820|dir=DOWN
MOVE|ts=20260119204820|dir=DOWN
MOVE|ts=20260119204820|dir=DOWN
MOVE|ts=20260119204820|dir=LEFT
MOVE|ts=20260119204820|dir=LEFT
MOVE|ts=20260119204820|dir=LEFT
MOVE|ts=20260119204820|dir=LEFT
MOVE|ts=20260119204820|dir=LEFT
MOVE|ts=20260119204820|dir=LEFT
MOVE|ts=20260119204820|dir=DOWN
MOVE|ts=20260119204821|dir=DOWN
MOVE|ts=20260119204821|dir=DOWN
MOVE|ts=20260119204821|dir=DOWN
MOVE|ts=20260119204821|dir=DOWN
MOVE|ts=20260119204821|dir=DOWN
MOVE|ts=20260119204821|dir=DOWN
MOVE|ts=20260119204821|dir=DOWN
MOVE|ts=20260119204821|dir=DOWN
MOVE|ts=20260119204821|dir=DOWN
MOVE|ts=20260119204821|dir=DOWN
MOVE|ts=20260119204821|dir=DOWN
MOVE|ts=20260119204821|dir=DOWN
MOVE|ts=20260119204821|dir=DOWN
MOVE|ts=20260119204821|dir=DOWN
MOVE|ts=20260119204821|dir=DOWN
MOVE|ts=20260119204821|dir=DOWN
MOVE|ts=20260119204821|dir=DOWN
MOVE|ts=20260119204822|dir=LEFT
MOVE|ts=20260119204822|dir=LEFT
MOVE|ts=20260119204822|dir=LEFT
MOVE|ts=20260119204822|dir=LEFT
MOVE|ts=20260119204822|dir=LEFT
MOVE|ts=20260119204822|dir=LEFT
MOVE|ts=20260119204822|dir=LEFT
MOVE|ts=20260119204822|dir=LEFT
MOVE|ts=20260119204822|dir=LEFT
MOVE|ts=20260119204822|dir=LEFT
MOVE|ts=20260119204822|dir=LEFT
MOVE|ts=20260119204822|dir=LEFT
MOVE|ts=20260119204822|dir=LEFT
MOVE|ts=20260119204822|dir=LEFT
MOVE|ts=20260119204823|dir=LEFT
MOVE|ts=20260119204823|dir=LEFT
MOVE|ts=20260119204823|dir=LEFT
MOVE|ts=20260119204823|dir=LEFT
MOVE|ts=20260119204823|dir=LEFT
MOVE|ts=20260119204823|dir=LEFT
MOVE|ts=20260119204823|dir=LEFT
MOVE|ts=20260119204823|dir=LEFT
MOVE|ts=20260119204823|dir=LEFT
MOVE|ts=20260119204823|dir=LEFT
MOVE|ts=20260119204823|dir=LEFT
MOVE|ts=20260119204823|dir=LEFT
MOVE|ts=20260119204823|dir=LEFT
MOVE|ts=20260119204823|dir=LEFT
MOVE|ts=20260119204823|dir=LEFT
MOVE|ts=20260119204823|dir=LEFT
MOVE|ts=20260119204823|dir=LEFT
MOVE|ts=20260119204823|dir=LEFT
MOVE|ts=20260119204823|dir=LEFT
MOVE|ts=20260119204823|dir=LEFT
MOVE|ts=20260119204823|dir=LEFT
MOVE|ts=20260119204823|dir=LEFT
MOVE|ts=20260119204823|dir=LEFT
MOVE|ts=20260119204823|dir=LEFT
MOVE|ts=20260119204823|dir=LEFT
MOVE|ts=20260119204823|dir=LEFT
MOVE|ts=20260119204823|dir=LEFT
MOVE|ts=20260119204823|dir=LEFT
MOVE|ts=20260119204823|dir=LEFT
MOVE|ts=20260119204823|dir=LEFT
MOVE|ts=20260119204824|dir=LEFT
MOVE|ts=20260119204824|dir=LEFT
MOVE|ts=20260119204824|dir=LEFT
MOVE|ts=20260119204824|dir=LEFT
MOVE|ts=20260119204824|dir=LEFT
MOVE|ts=20260119204824|dir=LEFT
MOVE|ts=20260119204824|dir=LEFT
MOVE|ts=20260119204824|dir=LEFT
MOVE|ts=20260119204824|dir=LEFT
MOVE|ts=20260119204824|dir=LEFT
MOVE|ts=20260119204824|dir=LEFT
MOVE|ts=20260119204824|dir=LEFT
MOVE|ts=20260119204824|dir=LEFT
MOVE|ts=20260119204824|dir=LEFT
MOVE|ts=20260119204824|dir=LEFT
MOVE|ts=20260119204824|dir=LEFT
MOVE|ts=20260119204824|dir=LEFT
MOVE|ts=20260119204824|dir=LEFT
MOVE|ts=20260119204824|dir=LEFT
MOVE|ts=20260119204824|dir=LEFT
MOVE|ts=20260119204824|dir=LEFT
MOVE|ts=20260119204824|dir=LEFT
MOVE|ts=20260119204824|dir=LEFT
MOVE|ts=20260119204824|dir=LEFT
MOVE|ts=20260119204824|dir=LEFT
MOVE|ts=20260119204824|dir=LEFT
MOVE|ts=20260119204824|dir=LEFT
MOVE|ts=20260119204824|dir=LEFT
MOVE|ts=20260119204824|dir=LEFT
MOVE|ts=20260119204824|dir=LEFT
MOVE|ts=20260119204825|dir=LEFT
MOVE|ts=20260119204825|dir=LEFT
MOVE|ts=20260119204825|dir=LEFT
MOVE|ts=20260119204825|dir=LEFT
MOVE|ts=20260119204825|dir=UP
MOVE|ts=20260119204826|dir=UP
MOVE|ts=20260119204826|dir=UP
MOVE|ts=20260119204826|dir=UP
MOVE|ts=20260119204826|dir=UP
MOVE|ts=20260119204826|dir=UP
MOVE|ts=20260119204826|dir=UP
MOVE|ts=20260119204826|dir=UP
MOVE|ts=20260119204826|dir=UP
MOVE|ts=20260119204826|dir=UP
MOVE|ts=20260119204826|dir=UP
MOVE|ts=20260119204827|dir=UP
MOVE|ts=20260119204827|dir=UP
MOVE|ts=20260119204827|dir=LEFT
MOVE|ts=20260119204827|dir=LEFT
MOVE|ts=20260119204827|dir=LEFT
MOVE|ts=20260119204827|dir=LEFT
MOVE|ts=20260119204827|dir=LEFT
MOVE|ts=20260119204827|dir=LEFT
MOVE|ts=20260119204827|dir=LEFT
MOVE|ts=20260119204827|dir=LEFT
MOVE|ts=20260119204827|dir=UP
MOVE|ts=20260119204828|dir=UP
MOVE|ts=20260119204828|dir=UP
MOVE|ts=20260119204828|dir=UP
MOVE|ts=20260119204828|dir=UP
MOVE|ts=20260119204828|dir=UP
MOVE|ts=20260119204828|dir=UP
MOVE|ts=20260119204828|dir=UP
MOVE|ts=20260119204828|dir=UP
MOVE|ts=20260119204828|dir=UP
MOVE|ts=20260119204828|dir=UP
MOVE|ts=20260119204828|dir=UP
MOVE|ts=20260119204828|dir=UP
MOVE|ts=20260119204828|dir=UP
MOVE|ts=20260119204828|dir=UP
MOVE|ts=20260119204828|dir=UP
MOVE|ts=20260119204828|dir=UP
MOVE|ts=20260119204828|dir=UP
MOVE|ts=20260119204828|dir=UP
MOVE|ts=20260119204829|dir=UP
MOVE|ts=20260119204830|dir=LEFT
MOVE|ts=20260119204830|dir=LEFT
MOVE|ts=20260119204830|dir=LEFT
MOVE|ts=20260119204830|dir=LEFT
MOVE|ts=20260119204830|dir=LEFT
MOVE|ts=20260119204830|dir=LEFT
MOVE|ts=20260119204830|dir=LEFT
MOVE|ts=20260119204830|dir=LEFT
MOVE|ts=20260119204830|dir=LEFT
MOVE|ts=20260119204830|dir=LEFT
MOVE|ts=20260119204830|dir=LEFT
MOVE|ts=20260119204831|dir=LEFT
MOVE|ts=20260119204831|dir=LEFT
MOVE|ts=20260119204831|dir=LEFT
MOVE|ts=20260119204831|dir=UP
MOVE|ts=20260119204831|dir=UP
MOVE|ts=20260119204831|dir=UP
MOVE|ts=20260119204831|dir=UP
MOVE|ts=20260119204831|dir=UP
MOVE|ts=20260119204831|dir=UP
MOVE|ts=20260119204831|dir=UP
MOVE|ts=20260119204831|dir=UP
MOVE|ts=20260119204831|dir=LEFT
MOVE|ts=20260119204832|dir=LEFT
MOVE|ts=20260119204832|dir=LEFT
MOVE|ts=20260119204832|dir=LEFT
MOVE|ts=20260119204832|dir=LEFT
MOVE|ts=20260119204832|dir=LEFT
MOVE|ts=20260119204832|dir=LEFT
MOVE|ts=20260119204832|dir=LEFT
MOVE|ts=20260119204832|dir=LEFT
MOVE|ts=20260119204832|dir=LEFT
MOVE|ts=20260119204832|dir=LEFT
MOVE|ts=20260119204832|dir=LEFT
MOVE|ts=20260119204832|dir=LEFT
MOVE|ts=20260119204832|dir=LEFT
MOVE|ts=20260119204832|dir=LEFT
MOVE|ts=20260119204832|dir=LEFT
MOVE|ts=20260119204832|dir=LEFT
MOVE|ts=20260119204833|dir=LEFT
MOVE|ts=20260119204833|dir=LEFT
MOVE|ts=20260119204833|dir=LEFT
MOVE|ts=20260119204833|dir=LEFT
MOVE|ts=20260119204833|dir=LEFT
MOVE|ts=20260119204833|dir=LEFT
MOVE|ts=20260119204833|dir=LEFT
MOVE|ts=20260119204833|dir=LEFT
MOVE|ts=20260119204833|dir=LEFT
MOVE|ts=20260119204833|dir=LEFT
MOVE|ts=20260119204833|dir=LEFT
MOVE|ts=20260119204833|dir=LEFT
MOVE|ts=20260119204833|dir=LEFT
MOVE|ts=20260119204833|dir=LEFT
MOVE|ts=20260119204833|dir=LEFT
MOVE|ts=20260119204833|dir=LEFT
MOVE|ts=20260119204833|dir=LEFT
MOVE|ts=20260119204833|dir=LEFT
MOVE|ts=20260119204833|dir=LEFT
MOVE|ts=20260119204833|dir=LEFT
MOVE|ts=20260119204833|dir=LEFT
MOVE|ts=20260119204833|dir=LEFT
MOVE|ts=20260119204833|dir=LEFT
MOVE|ts=20260119204833|dir=LEFT
MOVE|ts=20260119204833|dir=RIGHT
MOVE|ts=20260119204834|dir=UP
MOVE|ts=20260119204834|dir=UP
MOVE|ts=20260119204834|dir=UP
MOVE|ts=20260119204834|dir=UP
MOVE|ts=20260119204834|dir=UP
MOVE|ts=20260119204834|dir=UP
MOVE|ts=20260119204834|dir=UP
MOVE|ts=20260119204834|dir=UP
MOVE|ts=20260119204834|dir=UP
MOVE|ts=20260119204834|dir=LEFT
MOVE|ts=20260119204835|dir=LEFT
MOVE|ts=20260119204835|dir=LEFT
MOVE|ts=20260119204835|dir=LEFT
MOVE|ts=20260119204835|dir=LEFT
MOVE|ts=20260119204835|dir=LEFT
MOVE|ts=20260119204835|dir=LEFT
MOVE|ts=20260119204835|dir=LEFT
MOVE|ts=20260119204835|dir=LEFT
MOVE|ts=20260119204835|dir=LEFT
MOVE|ts=20260119204835|dir=LEFT
MOVE|ts=20260119204835|dir=LEFT
MOVE|ts=20260119204835|dir=LEFT
MOVE|ts=20260119204835|dir=LEFT
MOVE|ts=20260119204835|dir=LEFT
MOVE|ts=20260119204835|dir=LEFT
MOVE|ts=20260119204835|dir=LEFT
MOVE|ts=20260119204835|dir=LEFT
MOVE|ts=20260119204835|dir=LEFT
MOVE|ts=20260119204836|dir=LEFT
MOVE|ts=20260119204836|dir=LEFT
MOVE|ts=20260119204836|dir=LEFT
MOVE|ts=20260119204836|dir=LEFT
MOVE|ts=20260119204836|dir=LEFT
MOVE|ts=20260119204836|dir=LEFT
MOVE|ts=20260119204836|dir=LEFT
MOVE|ts=20260119204836|dir=LEFT
MOVE|ts=20260119204836|dir=LEFT
MOVE|ts=20260119204836|dir=LEFT
MOVE|ts=20260119204836|dir=LEFT
MOVE|ts=20260119204836|dir=LEFT
MOVE|ts=20260119204836|dir=LEFT
MOVE|ts=20260119204836|dir=LEFT
MOVE|ts=20260119204836|dir=LEFT
MOVE|ts=20260119204836|dir=LEFT
MOVE|ts=20260119204836|dir=LEFT
MOVE|ts=20260119204836|dir=LEFT
MOVE|ts=20260119204836|dir=LEFT
MOVE|ts=20260119204836|dir=LEFT
MOVE|ts=20260119204836|dir=LEFT
MOVE|ts=20260119204836|dir=LEFT
MOVE|ts=20260119204836|dir=LEFT
MOVE|ts=20260119204836|dir=LEFT
MOVE|ts=20260119204836|dir=LEFT
MOVE|ts=20260119204836|dir=LEFT
MOVE|ts=20260119204836|dir=LEFT
MOVE|ts=20260119204836|dir=LEFT
MOVE|ts=20260119204836|dir=LEFT
MOVE|ts=20260119204836|dir=LEFT
MOVE|ts=20260119204837|dir=LEFT
MOVE|ts=20260119204837|dir=LEFT
MOVE|ts=20260119204837|dir=LEFT
MOVE|ts=20260119204837|dir=LEFT
MOVE|ts=20260119204837|dir=LEFT
MOVE|ts=20260119204837|dir=LEFT
MOVE|ts=20260119204837|dir=LEFT
MOVE|ts=20260119204837|dir=LEFT
MOVE|ts=20260119204837|dir=LEFT
MOVE|ts=20260119204837|dir=LEFT
MOVE|ts=20260119204837|dir=LEFT
MOVE|ts=20260119204837|dir=LEFT
MOVE|ts=20260119204837|dir=LEFT
MOVE|ts=20260119204837|dir=LEFT
MOVE|ts=20260119204837|dir=LEFT
MOVE|ts=20260119204837|dir=LEFT
MOVE|ts=20260119204837|dir=LEFT
MOVE|ts=20260119204837|dir=LEFT
MOVE|ts=20260119204837|dir=LEFT
MOVE|ts=20260119204837|dir=LEFT
MOVE|ts=20260119204837|dir=LEFT
MOVE|ts=20260119204837|dir=LEFT
MOVE|ts=20260119204837|dir=LEFT
MOVE|ts=20260119204837|dir=LEFT
MOVE|ts=20260119204837|dir=LEFT
MOVE|ts=20260119204837|dir=LEFT
MOVE|ts=20260119204837|dir=LEFT
MOVE|ts=20260119204837|dir=LEFT
MOVE|ts=20260119204838|dir=LEFT
MOVE|ts=20260119204838|dir=LEFT
MOVE|ts=20260119204838|dir=LEFT
MOVE|ts=20260119204838|dir=LEFT
MOVE|ts=20260119204838|dir=LEFT
MOVE|ts=20260119204838|dir=LEFT
MOVE|ts=20260119204838|dir=LEFT
MOVE|ts=20260119204838|dir=LEFT
MOVE|ts=20260119204838|dir=LEFT
MOVE|ts=20260119204838|dir=UP
MOVE|ts=20260119204839|dir=UP
MOVE|ts=20260119204839|dir=UP
MOVE|ts=20260119204839|dir=UP
MOVE|ts=20260119204839|dir=RIGHT
MOVE|ts=20260119204839|dir=UP
MOVE|ts=20260119204840|dir=UP
MOVE|ts=20260119204840|dir=UP
MOVE|ts=20260119204840|dir=UP
MOVE|ts=20260119204840|dir=UP
MOVE|ts=20260119204840|dir=UP
MOVE|ts=20260119204840|dir=UP
MOVE|ts=20260119204840|dir=UP
MOVE|ts=20260119204840|dir=UP
MOVE|ts=20260119204840|dir=UP
MOVE|ts=20260119204840|dir=UP
MOVE|ts=20260119204840|dir=UP
MOVE|ts=20260119204840|dir=UP
MOVE|ts=20260119204840|dir=UP
MOVE|ts=20260119204840|dir=UP
MOVE|ts=20260119204840|dir=UP
MOVE|ts=20260119204840|dir=UP
MOVE|ts=20260119204840|dir=UP
MOVE|ts=20260119204840|dir=UP
MOVE|ts=20260119204841|dir=UP
MOVE|ts=20260119204841|dir=UP
MOVE|ts=20260119204841|dir=UP
MOVE|ts=20260119204841|dir=UP
MOVE|ts=20260119204841|dir=UP
MOVE|ts=20260119204841|dir=UP
MOVE|ts=20260119204841|dir=UP
MOVE|ts=20260119204841|dir=UP
MOVE|ts=20260119204841|dir=UP
MOVE|ts=20260119204841|dir=UP
MOVE|ts=20260119204841|dir=UP
MOVE|ts=20260119204841|dir=UP
MOVE|ts=20260119204841|dir=UP
MOVE|ts=20260119204841|dir=UP
MOVE|ts=20260119204841|dir=UP
MOVE|ts=20260119204841|dir=UP
MOVE|ts=20260119204841|dir=UP
MOVE|ts=20260119204842|dir=UP
MOVE|ts=20260119204843|dir=UP
MOVE|ts=20260119204843|dir=UP
MOVE|ts=20260119204844|dir=DOWN
MOVE|ts=20260119204844|dir=DOWN
MOVE|ts=20260119204844|dir=DOWN
MOVE|ts=20260119204844|dir=DOWN
MOVE|ts=20260119204844|dir=DOWN
MOVE|ts=20260119204844|dir=DOWN
MOVE|ts=20260119204844|dir=DOWN
MOVE|ts=20260119204844|dir=DOWN
MOVE|ts=20260119204844|dir=DOWN
MOVE|ts=20260119204844|dir=DOWN
MOVE|ts=20260119204844|dir=DOWN
MOVE|ts=20260119204845|dir=DOWN
MOVE|ts=20260119204845|dir=DOWN
MOVE|ts=20260119204845|dir=DOWN
MOVE|ts=20260119204845|dir=DOWN
MOVE|ts=20260119204845|dir=DOWN
MOVE|ts=20260119204845|dir=DOWN
MOVE|ts=20260119204845|dir=DOWN
MOVE|ts=20260119204845|dir=DOWN
MOVE|ts=20260119204845|dir=DOWN
MOVE|ts=20260119204845|dir=DOWN
MOVE|ts=20260119204845|dir=DOWN
MOVE|ts=20260119204845|dir=DOWN
MOVE|ts=20260119204845|dir=DOWN
MOVE|ts=20260119204845|dir=DOWN
MOVE|ts=20260119204845|dir=DOWN
MOVE|ts=20260119204845|dir=DOWN
MOVE|ts=20260119204845|dir=DOWN
MOVE|ts=20260119204845|dir=DOWN
MOVE|ts=20260119204845|dir=DOWN
MOVE|ts=20260119204845|dir=DOWN
MOVE|ts=20260119204845|dir=DOWN
MOVE|ts=20260119204845|dir=DOWN
MOVE|ts=20260119204846|dir=DOWN
MOVE|ts=20260119204846|dir=DOWN
MOVE|ts=20260119204846|dir=DOWN
MOVE|ts=20260119204846|dir=DOWN
MOVE|ts=20260119204846|dir=DOWN
MOVE|ts=20260119204846|dir=DOWN
MOVE|ts=20260119204846|dir=DOWN
MOVE|ts=20260119204846|dir=DOWN
MOVE|ts=20260119204846|dir=DOWN
MOVE|ts=20260119204846|dir=DOWN
MOVE|ts=20260119204846|dir=DOWN
MOVE|ts=20260119204846|dir=DOWN
MOVE|ts=20260119204846|dir=DOWN
MOVE|ts=20260119204846|dir=DOWN
MOVE|ts=20260119204846|dir=DOWN
MOVE|ts=20260119204846|dir=DOWN
MOVE|ts=20260119204846|dir=DOWN
MOVE|ts=20260119204846|dir=DOWN
MOVE|ts=20260119204846|dir=DOWN
MOVE|ts=20260119204846|dir=DOWN
MOVE|ts=20260119204846|dir=DOWN
MOVE|ts=20260119204846|dir=DOWN
MOVE|ts=20260119204846|dir=DOWN
MOVE|ts=20260119204846|dir=DOWN
MOVE|ts=20260119204846|dir=DOWN
MOVE|ts=20260119204846|dir=DOWN
MOVE|ts=20260119204846|dir=DOWN
MOVE|ts=20260119204846|dir=DOWN
MOVE|ts=20260119204846|dir=DOWN
MOVE|ts=20260119204846|dir=DOWN
MOVE|ts=20260119204847|dir=DOWN
MOVE|ts=20260119204847|dir=DOWN
MOVE|ts=20260119204847|dir=DOWN
MOVE|ts=20260119204847|dir=DOWN
MOVE|ts=20260119204847|dir=DOWN
MOVE|ts=20260119204847|dir=DOWN
MOVE|ts=20260119204847|dir=DOWN
MOVE|ts=20260119204847|dir=DOWN
MOVE|ts=20260119204847|dir=DOWN
MOVE|ts=20260119204847|dir=DOWN
MOVE|ts=20260119204847|dir=DOWN
MOVE|ts=20260119204847|dir=DOWN
MOVE|ts=20260119204847|dir=DOWN
MOVE|ts=20260119204847|dir=DOWN
MOVE|ts=20260119204847|dir=DOWN
MOVE|ts=20260119204847|dir=DOWN
MOVE|ts=20260119204847|dir=DOWN
MOVE|ts=20260119204847|dir=DOWN
MOVE|ts=20260119204847|dir=DOWN
MOVE|ts=20260119204847|dir=DOWN
MOVE|ts=20260119204847|dir=DOWN
MOVE|ts=20260119204847|dir=DOWN
MOVE|ts=20260119204847|dir=DOWN
MOVE|ts=20260119204920|dir=UP
MOVE|ts=20260119204921|dir=UP
MOVE|ts=20260119204921|dir=UP
MOVE|ts=20260119204921|dir=UP
MOVE|ts=20260119204921|dir=UP
MOVE|ts=20260119204921|dir=UP
MOVE|ts=20260119204921|dir=UP
MOVE|ts=20260119204921|dir=UP
MOVE|ts=20260119204921|dir=UP
MOVE|ts=20260119204921|dir=UP
MOVE|ts=20260119204921|dir=UP
MOVE|ts=20260119204921|dir=UP
MOVE|ts=20260119204921|dir=UP
MOVE|ts=20260119204921|dir=UP
MOVE|ts=20260119204921|dir=UP
MOVE|ts=20260119204921|dir=UP
MOVE|ts=20260119204921|dir=UP
MOVE|ts=20260119204921|dir=UP
MOVE|ts=20260119204921|dir=UP
MOVE|ts=20260119204921|dir=UP
MOVE|ts=20260119204921|dir=UP
MOVE|ts=20260119204921|dir=UP
MOVE|ts=20260119204922|dir=UP
MOVE|ts=20260119204922|dir=UP
MOVE|ts=20260119204922|dir=UP
MOVE|ts=20260119204922|dir=UP
MOVE|ts=20260119204922|dir=UP
MOVE|ts=20260119204922|dir=UP
MOVE|ts=20260119204922|dir=UP
MOVE|ts=20260119204922|dir=UP
MOVE|ts=20260119204922|dir=UP
MOVE|ts=20260119204922|dir=UP
MOVE|ts=20260119204922|dir=UP
MOVE|ts=20260119204922|dir=UP
MOVE|ts=20260119204922|dir=UP
MOVE|ts=20260119204922|dir=LEFT
MOVE|ts=20260119204923|dir=LEFT
MOVE|ts=20260119204923|dir=LEFT
MOVE|ts=20260119204923|dir=LEFT
MOVE|ts=20260119204923|dir=LEFT
MOVE|ts=20260119204923|dir=LEFT
MOVE|ts=20260119204923|dir=LEFT
MOVE|ts=20260119204923|dir=LEFT
MOVE|ts=20260119204923|dir=LEFT
MOVE|ts=20260119204923|dir=LEFT
MOVE|ts=20260119204923|dir=LEFT
MOVE|ts=20260119204923|dir=LEFT
MOVE|ts=20260119204923|dir=LEFT
MOVE|ts=20260119204923|dir=UP
MOVE|ts=20260119204924|dir=UP
MOVE|ts=20260119204924|dir=UP
MOVE|ts=20260119204924|dir=UP
MOVE|ts=20260119204924|dir=UP
MOVE|ts=20260119204924|dir=UP
MOVE|ts=20260119204924|dir=LEFT
MOVE|ts=20260119204926|dir=LEFT
MOVE|ts=20260119204927|dir=LEFT
MOVE|ts=20260119204927|dir=LEFT
MOVE|ts=20260119204927|dir=LEFT
MOVE|ts=20260119204927|dir=LEFT
MOVE|ts=20260119204927|dir=LEFT
MOVE|ts=20260119204927|dir=LEFT
MOVE|ts=20260119204927|dir=LEFT
MOVE|ts=20260119204927|dir=LEFT
MOVE|ts=20260119204927|dir=LEFT
MOVE|ts=20260119204927|dir=LEFT
MOVE|ts=20260119204927|dir=LEFT
MOVE|ts=20260119204927|dir=LEFT
MOVE|ts=20260119204927|dir=LEFT
MOVE|ts=20260119204927|dir=LEFT
MOVE|ts=20260119204927|dir=LEFT
MOVE|ts=20260119204927|dir=LEFT
MOVE|ts=20260119204927|dir=LEFT
MOVE|ts=20260119204927|dir=LEFT
MOVE|ts=20260119204927|dir=LEFT
MOVE|ts=20260119204927|dir=LEFT
MOVE|ts=20260119204927|dir=LEFT
MOVE|ts=20260119204927|dir=LEFT
MOVE|ts=20260119204927|dir=LEFT
MOVE|ts=20260119204927|dir=LEFT
MOVE|ts=20260119204927|dir=LEFT
MOVE|ts=20260119204927|dir=LEFT
MOVE|ts=20260119204927|dir=LEFT
MOVE|ts=20260119204927|dir=LEFT
MOVE|ts=20260119204927|dir=LEFT
MOVE|ts=20260119204928|dir=LEFT
MOVE|ts=20260119204928|dir=LEFT
MOVE|ts=20260119204928|dir=LEFT
MOVE|ts=20260119204928|dir=LEFT
MOVE|ts=20260119204928|dir=LEFT
MOVE|ts=20260119204928|dir=LEFT
MOVE|ts=20260119204928|dir=LEFT
MOVE|ts=20260119204928|dir=LEFT
MOVE|ts=20260119204928|dir=LEFT
MOVE|ts=20260119204928|dir=LEFT
MOVE|ts=20260119204928|dir=LEFT
MOVE|ts=20260119204928|dir=LEFT
MOVE|ts=20260119204928|dir=DOWN
MOVE|ts=20260119204929|dir=LEFT
MOVE|ts=20260119204929|dir=LEFT
MOVE|ts=20260119204929|dir=LEFT
MOVE|ts=20260119204929|dir=LEFT
MOVE|ts=20260119204929|dir=LEFT
MOVE|ts=20260119204929|dir=LEFT
MOVE|ts=20260119204929|dir=LEFT
MOVE|ts=20260119204929|dir=LEFT
MOVE|ts=20260119204929|dir=LEFT
MOVE|ts=20260119204929|dir=LEFT
MOVE|ts=20260119204929|dir=LEFT
MOVE|ts=20260119204929|dir=LEFT
MOVE|ts=20260119204929|dir=LEFT
MOVE|ts=20260119204929|dir=LEFT
MOVE|ts=20260119204930|dir=LEFT
MOVE|ts=20260119204930|dir=LEFT
MOVE|ts=20260119204930|dir=LEFT
MOVE|ts=20260119204930|dir=LEFT
MOVE|ts=20260119204930|dir=LEFT
MOVE|ts=20260119204930|dir=LEFT
MOVE|ts=20260119204930|dir=LEFT
MOVE|ts=20260119204930|dir=LEFT
MOVE|ts=20260119204930|dir=LEFT
MOVE|ts=20260119204930|dir=LEFT
MOVE|ts=20260119204930|dir=LEFT
MOVE|ts=20260119204930|dir=LEFT
MOVE|ts=20260119204930|dir=LEFT
MOVE|ts=20260119204930|dir=LEFT
MOVE|ts=20260119204930|dir=LEFT
MOVE|ts=20260119204930|dir=LEFT
MOVE|ts=20260119204930|dir=LEFT
MOVE|ts=20260119204930|dir=LEFT
MOVE|ts=20260119204930|dir=LEFT
MOVE|ts=20260119204930|dir=LEFT
MOVE|ts=20260119204930|dir=LEFT
MOVE|ts=20260119204930|dir=LEFT
MOVE|ts=20260119204930|dir=LEFT
MOVE|ts=20260119204930|dir=LEFT
MOVE|ts=20260119204930|dir=LEFT
MOVE|ts=20260119204930|dir=LEFT
MOVE|ts=20260119204930|dir=LEFT
MOVE|ts=20260119204930|dir=LEFT
MOVE|ts=20260119204930|dir=LEFT
MOVE|ts=20260119204930|dir=LEFT
MOVE|ts=20260119204930|dir=LEFT
MOVE|ts=20260119204931|dir=LEFT
MOVE|ts=20260119204931|dir=LEFT
MOVE|ts=20260119204931|dir=LEFT
MOVE|ts=20260119204931|dir=LEFT
MOVE|ts=20260119204931|dir=LEFT
MOVE|ts=20260119204931|dir=LEFT
MOVE|ts=20260119204931|dir=LEFT
MOVE|ts=20260119204931|dir=LEFT
MOVE|ts=20260119204931|dir=LEFT
MOVE|ts=20260119204931|dir=LEFT
MOVE|ts=20260119204931|dir=LEFT
MOVE|ts=20260119204931|dir=LEFT
MOVE|ts=20260119204931|dir=DOWN
MOVE|ts=20260119204932|dir=LEFT
MOVE|ts=20260119204932|dir=DOWN
MOVE|ts=20260119204932|dir=DOWN
MOVE|ts=20260119204932|dir=DOWN
MOVE|ts=20260119204933|dir=DOWN
MOVE|ts=20260119204933|dir=DOWN
MOVE|ts=20260119204933|dir=DOWN
MOVE|ts=20260119204933|dir=DOWN
MOVE|ts=20260119204933|dir=DOWN
MOVE|ts=20260119204933|dir=DOWN
MOVE|ts=20260119204934|dir=LEFT
MOVE|ts=20260119204935|dir=LEFT
MOVE|ts=20260119204935|dir=DOWN
MOVE|ts=20260119204935|dir=DOWN
MOVE|ts=20260119204935|dir=DOWN
MOVE|ts=20260119204935|dir=DOWN
MOVE|ts=20260119204935|dir=DOWN
MOVE|ts=20260119204935|dir=DOWN
MOVE|ts=20260119204935|dir=DOWN
MOVE|ts=20260119204936|dir=LEFT
MOVE|ts=20260119204936|dir=LEFT
MOVE|ts=20260119204936|dir=LEFT
MOVE|ts=20260119204936|dir=LEFT
MOVE|ts=20260119204936|dir=LEFT
MOVE|ts=20260119204936|dir=LEFT
MOVE|ts=20260119204936|dir=LEFT
MOVE|ts=20260119204936|dir=LEFT
MOVE|ts=20260119204936|dir=LEFT
MOVE|ts=20260119204936|dir=LEFT
MOVE|ts=20260119204936|dir=LEFT
MOVE|ts=20260119204936|dir=LEFT
MOVE|ts=20260119204936|dir=LEFT
MOVE|ts=20260119204937|dir=DOWN
MOVE|ts=20260119204937|dir=LEFT
MOVE|ts=20260119204937|dir=LEFT
MOVE|ts=20260119204937|dir=LEFT
MOVE|ts=20260119204937|dir=LEFT
MOVE|ts=20260119204937|dir=LEFT
MOVE|ts=20260119204938|dir=UP
MOVE|ts=20260119204938|dir=UP
MOVE|ts=20260119204938|dir=UP
MOVE|ts=20260119204938|dir=UP
MOVE|ts=20260119204938|dir=UP
MOVE|ts=20260119204938|dir=UP
MOVE|ts=20260119204938|dir=UP
MOVE|ts=20260119204938|dir=UP
MOVE|ts=20260119204938|dir=UP
MOVE|ts=20260119204938|dir=UP
MOVE|ts=20260119204938|dir=UP
MOVE|ts=20260119204938|dir=UP
MOVE|ts=20260119204938|dir=UP
MOVE|ts=20260119204938|dir=UP
MOVE|ts=20260119204939|dir=LEFT
MOVE|ts=20260119204939|dir=LEFT
MOVE|ts=20260119204939|dir=LEFT
MOVE|ts=20260119204939|dir=LEFT
MOVE|ts=20260119204939|dir=LEFT
MOVE|ts=20260119204939|dir=LEFT
MOVE|ts=20260119204939|dir=LEFT
MOVE|ts=20260119204939|dir=LEFT
MOVE|ts=20260119204939|dir=LEFT
MOVE|ts=20260119204939|dir=LEFT
MOVE|ts=20260119204939|dir=LEFT
MOVE|ts=20260119204939|dir=LEFT
MOVE|ts=20260119204939|dir=LEFT
MOVE|ts=20260119204939|dir=LEFT
MOVE|ts=20260119204939|dir=LEFT
MOVE|ts=20260119204940|dir=LEFT
MOVE|ts=20260119204940|dir=LEFT
MOVE|ts=20260119204940|dir=LEFT
MOVE|ts=20260119204940|dir=LEFT
MOVE|ts=20260119204940|dir=DOWN
MOVE|ts=20260119204940|dir=LEFT
MOVE|ts=20260119204940|dir=DOWN
MOVE|ts=20260119204941|dir=DOWN
MOVE|ts=20260119204941|dir=DOWN
MOVE|ts=20260119204941|dir=DOWN
MOVE|ts=20260119204941|dir=DOWN
MOVE|ts=20260119204941|dir=DOWN
MOVE|ts=20260119204941|dir=DOWN
MOVE|ts=20260119204941|dir=DOWN
MOVE|ts=20260119204941|dir=DOWN
MOVE|ts=20260119204941|dir=LEFT
MOVE|ts=20260119204942|dir=DOWN
MOVE|ts=20260119204942|dir=LEFT
MOVE|ts=20260119204942|dir=LEFT
MOVE|ts=20260119204942|dir=LEFT
MOVE|ts=20260119204942|dir=LEFT
MOVE|ts=20260119204942|dir=LEFT
MOVE|ts=20260119204942|dir=LEFT
MOVE|ts=20260119204943|dir=LEFT
MOVE|ts=20260119204943|dir=LEFT
MOVE|ts=20260119204943|dir=LEFT
MOVE|ts=20260119204943|dir=LEFT
MOVE|ts=20260119204943|dir=LEFT
MOVE|ts=20260119204943|dir=LEFT
MOVE|ts=20260119204943|dir=LEFT
MOVE|ts=20260119204943|dir=LEFT
MOVE|ts=20260119204943|dir=LEFT
MOVE|ts=20260119204943|dir=LEFT
MOVE|ts=20260119204943|dir=LEFT
MOVE|ts=20260119204943|dir=LEFT
MOVE|ts=20260119204943|dir=LEFT
MOVE|ts=20260119204943|dir=LEFT
MOVE|ts=20260119204943|dir=LEFT
MOVE|ts=20260119204943|dir=LEFT
MOVE|ts=20260119204943|dir=LEFT
MOVE|ts=20260119204943|dir=LEFT
MOVE|ts=20260119204943|dir=LEFT
MOVE|ts=20260119204943|dir=LEFT
MOVE|ts=20260119204943|dir=UP
MOVE|ts=20260119204944|dir=LEFT
MOVE|ts=20260119204944|dir=LEFT
MOVE|ts=20260119204944|dir=LEFT
MOVE|ts=20260119204944|dir=LEFT
MOVE|ts=20260119204944|dir=LEFT
MOVE|ts=20260119204944|dir=LEFT
MOVE|ts=20260119204944|dir=LEFT
MOVE|ts=20260119204944|dir=LEFT
MOVE|ts=20260119204944|dir=LEFT
MOVE|ts=20260119204944|dir=LEFT
MOVE|ts=20260119204944|dir=LEFT
MOVE|ts=20260119204944|dir=LEFT
MOVE|ts=20260119204944|dir=LEFT
MOVE|ts=20260119204944|dir=LEFT
MOVE|ts=20260119204945|dir=LEFT
MOVE|ts=20260119204945|dir=LEFT
MOVE|ts=20260119204945|dir=LEFT
MOVE|ts=20260119204945|dir=LEFT
MOVE|ts=20260119204945|dir=LEFT
MOVE|ts=20260119204945|dir=LEFT
MOVE|ts=20260119204945|dir=LEFT
MOVE|ts=20260119204945|dir=LEFT
MOVE|ts=20260119204945|dir=LEFT
MOVE|ts=20260119204945|dir=LEFT
MOVE|ts=20260119204945|dir=LEFT
MOVE|ts=20260119204945|dir=UP
MOVE|ts=20260119204945|dir=UP
MOVE|ts=20260119204945|dir=UP
MOVE|ts=20260119204945|dir=UP
MOVE|ts=20260119204946|dir=UP
MOVE|ts=20260119204946|dir=UP
MOVE|ts=20260119204946|dir=UP
MOVE|ts=20260119204946|dir=UP
MOVE|ts=20260119204946|dir=UP
MOVE|ts=20260119204946|dir=UP
MOVE|ts=20260119204946|dir=UP
MOVE|ts=20260119204946|dir=UP
MOVE|ts=20260119204946|dir=UP
MOVE|ts=20260119204946|dir=UP
MOVE|ts=20260119204946|dir=UP
MOVE|ts=20260119204946|dir=UP
MOVE|ts=20260119204946|dir=UP
MOVE|ts=20260119204946|dir=UP
MOVE|ts=20260119204946|dir=LEFT
MOVE|ts=20260119204946|dir=UP
MOVE|ts=20260119204947|dir=LEFT
MOVE|ts=20260119204947|dir=UP
MOVE|ts=20260119204947|dir=UP
MOVE|ts=20260119204947|dir=UP
MOVE|ts=20260119204948|dir=UP
MOVE|ts=20260119204948|dir=UP
MOVE|ts=20260119204948|dir=LEFT
MOVE|ts=20260119204948|dir=UP
MOVE|ts=20260119204949|dir=UP
MOVE|ts=20260119204950|dir=RIGHT
MOVE|ts=20260119204950|dir=DOWN
MOVE|ts=20260119204950|dir=DOWN
MOVE|ts=20260119204951|dir=DOWN
MOVE|ts=20260119204951|dir=LEFT
MOVE|ts=20260119204952|dir=LEFT
MOVE|ts=20260119204952|dir=LEFT
MOVE|ts=20260119204952|dir=LEFT
MOVE|ts=20260119204952|dir=LEFT
MOVE|ts=20260119204952|dir=LEFT
MOVE|ts=20260119204952|dir=LEFT
MOVE|ts=20260119204952|dir=LEFT
MOVE|ts=20260119204952|dir=LEFT
MOVE|ts=20260119204952|dir=LEFT
MOVE|ts=20260119204952|dir=LEFT
MOVE|ts=20260119204952|dir=LEFT
MOVE|ts=20260119204952|dir=LEFT
MOVE|ts=20260119204952|dir=LEFT
MOVE|ts=20260119204952|dir=LEFT
MOVE|ts=20260119204952|dir=LEFT
MOVE|ts=20260119204952|dir=LEFT
MOVE|ts=20260119204952|dir=LEFT
MOVE|ts=20260119204952|dir=LEFT
MOVE|ts=20260119204952|dir=LEFT
MOVE|ts=20260119204952|dir=LEFT
MOVE|ts=20260119204953|dir=LEFT
MOVE|ts=20260119204953|dir=LEFT
MOVE|ts=20260119204953|dir=LEFT
MOVE|ts=20260119204953|dir=LEFT
MOVE|ts=20260119204953|dir=LEFT
MOVE|ts=20260119204953|dir=LEFT
MOVE|ts=20260119204953|dir=LEFT
MOVE|ts=20260119204953|dir=LEFT
MOVE|ts=20260119204953|dir=LEFT
MOVE|ts=20260119204953|dir=LEFT
MOVE|ts=20260119204953|dir=LEFT
MOVE|ts=20260119204953|dir=LEFT
MOVE|ts=20260119204953|dir=LEFT
MOVE|ts=20260119204953|dir=LEFT
MOVE|ts=20260119204953|dir=LEFT
MOVE|ts=20260119204953|dir=LEFT
MOVE|ts=20260119204953|dir=LEFT
MOVE|ts=20260119204953|dir=LEFT
MOVE|ts=20260119204953|dir=LEFT
MOVE|ts=20260119204953|dir=LEFT
MOVE|ts=20260119204953|dir=LEFT
MOVE|ts=20260119204953|dir=LEFT
MOVE|ts=20260119204953|dir=LEFT
MOVE|ts=20260119204953|dir=LEFT
MOVE|ts=20260119204953|dir=LEFT
MOVE|ts=20260119204953|dir=LEFT
MOVE|ts=20260119204953|dir=LEFT
MOVE|ts=20260119204953|dir=LEFT
MOVE|ts=20260119204953|dir=LEFT
MOVE|ts=20260119204953|dir=LEFT
MOVE|ts=20260119204954|dir=LEFT
MOVE|ts=20260119204954|dir=LEFT
MOVE|ts=20260119204954|dir=LEFT
MOVE|ts=20260119204954|dir=LEFT
MOVE|ts=20260119204954|dir=LEFT
MOVE|ts=20260119204954|dir=LEFT
MOVE|ts=20260119204954|dir=LEFT
MOVE|ts=20260119204954|dir=LEFT
MOVE|ts=20260119204954|dir=LEFT
MOVE|ts=20260119204954|dir=LEFT
MOVE|ts=20260119204954|dir=LEFT
MOVE|ts=20260119204954|dir=LEFT
MOVE|ts=20260119204954|dir=LEFT
MOVE|ts=20260119204954|dir=LEFT
MOVE|ts=20260119204954|dir=LEFT
MOVE|ts=20260119204954|dir=LEFT
MOVE|ts=20260119204954|dir=LEFT
MOVE|ts=20260119204954|dir=LEFT
MOVE|ts=20260119204954|dir=LEFT
MOVE|ts=20260119204954|dir=LEFT
MOVE|ts=20260119204954|dir=LEFT
MOVE|ts=20260119204954|dir=LEFT
MOVE|ts=20260119204954|dir=LEFT
MOVE|ts=20260119204954|dir=LEFT
MOVE|ts=20260119204954|dir=LEFT
MOVE|ts=20260119204954|dir=LEFT
MOVE|ts=20260119204954|dir=LEFT
MOVE|ts=20260119204954|dir=LEFT
MOVE|ts=20260119204954|dir=LEFT
MOVE|ts=20260119204954|dir=LEFT
MOVE|ts=20260119204955|dir=LEFT
MOVE|ts=20260119204955|dir=LEFT
MOVE|ts=20260119204956|dir=LEFT
MOVE|ts=20260119204957|dir=DOWN
MOVE|ts=20260119204957|dir=DOWN
MOVE|ts=20260119204958|dir=LEFT
MOVE|ts=20260119204958|dir=LEFT
MOVE|ts=20260119204958|dir=LEFT
MOVE|ts=20260119204958|dir=LEFT
MOVE|ts=20260119204958|dir=LEFT
MOVE|ts=20260119204958|dir=LEFT
MOVE|ts=20260119204958|dir=LEFT
MOVE|ts=20260119204958|dir=LEFT
MOVE|ts=20260119204958|dir=LEFT
MOVE|ts=20260119204959|dir=LEFT
MOVE|ts=20260119204959|dir=LEFT
MOVE|ts=20260119204959|dir=LEFT
MOVE|ts=20260119204959|dir=LEFT
MOVE|ts=20260119204959|dir=LEFT
MOVE|ts=20260119204959|dir=LEFT
MOVE|ts=20260119204959|dir=LEFT
MOVE|ts=20260119204959|dir=LEFT
MOVE|ts=20260119204959|dir=DOWN
MOVE|ts=20260119204959|dir=LEFT
MOVE|ts=20260119205000|dir=LEFT
MOVE|ts=20260119205000|dir=LEFT
MOVE|ts=20260119205000|dir=LEFT
MOVE|ts=20260119205000|dir=LEFT
MOVE|ts=20260119205000|dir=LEFT
MOVE|ts=20260119205000|dir=LEFT
MOVE|ts=20260119205000|dir=LEFT
MOVE|ts=20260119205000|dir=LEFT
MOVE|ts=20260119205000|dir=LEFT
MOVE|ts=20260119205000|dir=LEFT
MOVE|ts=20260119205000|dir=LEFT
MOVE|ts=20260119205000|dir=LEFT
MOVE|ts=20260119205000|dir=LEFT
MOVE|ts=20260119205000|dir=LEFT
MOVE|ts=20260119205000|dir=LEFT
MOVE|ts=20260119205000|dir=LEFT
MOVE|ts=20260119205000|dir=LEFT
MOVE|ts=20260119205000|dir=LEFT
MOVE|ts=20260119205000|dir=LEFT
MOVE|ts=20260119205000|dir=LEFT
MOVE|ts=20260119205000|dir=LEFT
MOVE|ts=20260119205000|dir=LEFT
MOVE|ts=20260119205000|dir=LEFT
MOVE|ts=20260119205000|dir=LEFT
MOVE|ts=20260119205000|dir=LEFT
MOVE|ts=20260119205000|dir=LEFT
MOVE|ts=20260119205000|dir=LEFT
MOVE|ts=20260119205001|dir=LEFT
MOVE|ts=20260119205001|dir=LEFT
MOVE|ts=20260119205001|dir=LEFT
MOVE|ts=20260119205001|dir=LEFT
MOVE|ts=20260119205001|dir=LEFT
MOVE|ts=20260119205001|dir=LEFT
MOVE|ts=20260119205001|dir=LEFT
MOVE|ts=20260119205001|dir=LEFT
MOVE|ts=20260119205001|dir=LEFT
MOVE|ts=20260119205001|dir=LEFT
MOVE|ts=20260119205001|dir=LEFT
MOVE|ts=20260119205001|dir=LEFT
MOVE|ts=20260119205001|dir=LEFT
MOVE|ts=20260119205001|dir=LEFT
MOVE|ts=20260119205001|dir=LEFT
MOVE|ts=20260119205001|dir=LEFT
MOVE|ts=20260119205001|dir=LEFT
MOVE|ts=20260119205004|dir=UP
MOVE|ts=20260119205005|dir=UP
MOVE|ts=20260119205005|dir=UP
MOVE|ts=20260119205005|dir=UP
MOVE|ts=20260119205005|dir=UP
MOVE|ts=20260119205005|dir=UP
MOVE|ts=20260119205005|dir=UP
MOVE|ts=20260119205005|dir=UP
MOVE|ts=20260119205005|dir=UP
MOVE|ts=20260119205005|dir=UP
MOVE|ts=20260119205005|dir=UP
MOVE|ts=20260119205005|dir=UP
MOVE|ts=20260119205005|dir=UP
MOVE|ts=20260119205005|dir=UP
MOVE|ts=20260119205005|dir=UP
MOVE|ts=20260119205005|dir=UP
MOVE|ts=20260119205005|dir=UP
MOVE|ts=20260119205005|dir=UP
MOVE|ts=20260119205005|dir=UP
MOVE|ts=20260119205005|dir=UP
MOVE|ts=20260119205005|dir=UP
MOVE|ts=20260119205005|dir=UP
MOVE|ts=20260119205005|dir=UP
MOVE|ts=20260119205006|dir=UP
MOVE|ts=20260119205006|dir=UP
MOVE|ts=20260119205006|dir=UP
MOVE|ts=20260119205006|dir=UP
MOVE|ts=20260119205006|dir=UP
MOVE|ts=20260119205006|dir=UP
MOVE|ts=20260119205006|dir=UP
MOVE|ts=20260119205006|dir=UP
MOVE|ts=20260119205006|dir=UP
MOVE|ts=20260119205006|dir=UP
MOVE|ts=20260119205006|dir=UP
MOVE|ts=20260119205006|dir=UP
MOVE|ts=20260119205006|dir=UP
MOVE|ts=20260119205006|dir=UP
MOVE|ts=20260119205006|dir=UP
MOVE|ts=20260119205006|dir=UP
MOVE|ts=20260119205006|dir=UP
MOVE|ts=20260119205006|dir=UP
MOVE|ts=20260119205006|dir=UP
MOVE|ts=20260119205006|dir=UP
MOVE|ts=20260119205006|dir=UP
MOVE|ts=20260119205006|dir=UP
MOVE|ts=20260119205006|dir=UP
MOVE|ts=20260119205006|dir=UP
MOVE|ts=20260119205006|dir=UP
MOVE|ts=20260119205006|dir=UP
MOVE|ts=20260119205006|dir=UP
MOVE|ts=20260119205006|dir=UP
MOVE|ts=20260119205006|dir=UP
MOVE|ts=20260119205006|dir=UP
MOVE|ts=20260119205007|dir=UP
MOVE|ts=20260119205007|dir=UP
MOVE|ts=20260119205007|dir=UP
MOVE|ts=20260119205007|dir=UP
MOVE|ts=20260119205007|dir=UP
MOVE|ts=20260119205007|dir=UP
MOVE|ts=20260119205007|dir=UP
MOVE|ts=20260119205007|dir=UP
MOVE|ts=20260119205007|dir=UP
MOVE|ts=20260119205007|dir=UP
MOVE|ts=20260119205007|dir=UP
MOVE|ts=20260119205007|dir=UP
MOVE|ts=20260119205007|dir=DOWN
MOVE|ts=20260119205008|dir=DOWN
MOVE|ts=20260119205008|dir=DOWN
MOVE|ts=20260119205008|dir=DOWN
MOVE|ts=20260119205008|dir=DOWN
MOVE|ts=20260119205008|dir=DOWN
MOVE|ts=20260119205008|dir=DOWN
MOVE|ts=20260119205008|dir=DOWN
MOVE|ts=20260119205008|dir=DOWN
MOVE|ts=20260119205008|dir=DOWN
MOVE|ts=20260119205008|dir=DOWN
MOVE|ts=20260119205008|dir=DOWN
MOVE|ts=20260119205008|dir=DOWN
MOVE|ts=20260119205008|dir=DOWN
MOVE|ts=20260119205008|dir=DOWN
MOVE|ts=20260119205008|dir=DOWN
MOVE|ts=20260119205008|dir=DOWN
MOVE|ts=20260119205008|dir=DOWN
MOVE|ts=20260119205008|dir=DOWN
MOVE|ts=20260119205008|dir=DOWN
MOVE|ts=20260119205008|dir=DOWN
MOVE|ts=20260119205008|dir=DOWN
MOVE|ts=20260119205008|dir=DOWN
MOVE|ts=20260119205008|dir=DOWN
MOVE|ts=20260119205008|dir=DOWN
MOVE|ts=20260119205008|dir=LEFT
MOVE|ts=20260119205009|dir=DOWN
MOVE|ts=20260119205010|dir=DOWN
MOVE|ts=20260119205010|dir=DOWN
MOVE|ts=20260119205010|dir=DOWN
MOVE|ts=20260119205010|dir=DOWN
MOVE|ts=20260119205010|dir=DOWN
MOVE|ts=20260119205010|dir=DOWN
MOVE|ts=20260119205010|dir=DOWN
MOVE|ts=20260119205010|dir=DOWN
MOVE|ts=20260119205010|dir=DOWN
MOVE|ts=20260119205010|dir=DOWN
MOVE|ts=20260119205010|dir=DOWN
MOVE|ts=20260119205010|dir=DOWN
MOVE|ts=20260119205010|dir=DOWN
MOVE|ts=20260119205010|dir=DOWN
MOVE|ts=20260119205010|dir=DOWN
MOVE|ts=20260119205010|dir=DOWN
MOVE|ts=20260119205010|dir=DOWN
MOVE|ts=20260119205010|dir=DOWN
MOVE|ts=20260119205010|dir=DOWN
MOVE|ts=20260119205010|dir=RIGHT
MOVE|ts=20260119205011|dir=RIGHT
MOVE|ts=20260119205011|dir=RIGHT
MOVE|ts=20260119205011|dir=RIGHT
MOVE|ts=20260119205011|dir=RIGHT
MOVE|ts=20260119205011|dir=RIGHT
MOVE|ts=20260119205011|dir=RIGHT
MOVE|ts=20260119205011|dir=RIGHT
MOVE|ts=20260119205011|dir=DOWN
MOVE|ts=20260119205011|dir=RIGHT
MOVE|ts=20260119205012|dir=DOWN
MOVE|ts=20260119205012|dir=RIGHT
MOVE|ts=20260119205013|dir=DOWN
MOVE|ts=20260119205013|dir=LEFT
MOVE|ts=20260119205014|dir=DOWN
MOVE|ts=20260119205022|dir=DOWN
MOVE|ts=20260119205023|dir=DOWN
MOVE|ts=20260119205029|dir=DOWN
MOVE|ts=20260119205029|dir=DOWN
MOVE|ts=20260119205029|dir=DOWN
MOVE|ts=20260119205029|dir=DOWN
MOVE|ts=20260119205029|dir=DOWN
MOVE|ts=20260119205029|dir=DOWN
MOVE|ts=20260119205029|dir=DOWN
MOVE|ts=20260119205029|dir=DOWN
MOVE|ts=20260119205029|dir=DOWN
MOVE|ts=20260119205029|dir=DOWN
MOVE|ts=20260119205029|dir=DOWN
MOVE|ts=20260119205030|dir=DOWN
MOVE|ts=20260119205030|dir=DOWN
MOVE|ts=20260119205030|dir=DOWN
MOVE|ts=20260119205030|dir=DOWN
MOVE|ts=20260119205030|dir=DOWN
MOVE|ts=20260119205030|dir=DOWN
MOVE|ts=20260119205030|dir=DOWN
MOVE|ts=20260119205030|dir=DOWN
MOVE|ts=20260119205030|dir=DOWN
MOVE|ts=20260119205030|dir=DOWN
MOVE|ts=20260119205030|dir=DOWN
MOVE|ts=20260119205030|dir=DOWN
MOVE|ts=20260119205030|dir=DOWN
MOVE|ts=20260119205030|dir=DOWN
MOVE|ts=20260119205030|dir=DOWN
MOVE|ts=20260119205030|dir=DOWN
MOVE|ts=20260119205030|dir=DOWN
MOVE|ts=20260119205030|dir=DOWN
MOVE|ts=20260119205030|dir=DOWN
MOVE|ts=20260119205030|dir=DOWN
MOVE|ts=20260119205030|dir=RIGHT
MOVE|ts=20260119205031|dir=RIGHT
MOVE|ts=20260119205031|dir=RIGHT
MOVE|ts=20260119205031|dir=RIGHT
MOVE|ts=20260119205111|dir=UP
MOVE|ts=20260119205112|dir=UP
MOVE|ts=20260119205112|dir=UP
MOVE|ts=20260119205112|dir=UP
MOVE|ts=20260119205112|dir=UP
MOVE|ts=20260119205112|dir=UP
MOVE|ts=20260119205112|dir=UP
MOVE|ts=20260119205112|dir=UP
MOVE|ts=20260119205112|dir=UP
MOVE|ts=20260119205112|dir=UP
MOVE|ts=20260119205112|dir=UP
MOVE|ts=20260119205112|dir=UP
MOVE|ts=20260119205112|dir=RIGHT
MOVE|ts=20260119205112|dir=UP
MOVE|ts=20260119205113|dir=RIGHT
MOVE|ts=20260119205114|dir=UP
MOVE|ts=20260119205114|dir=RIGHT
MOVE|ts=20260119205115|dir=RIGHT
MOVE|ts=20260119205117|dir=RIGHT
MOVE|ts=20260119205117|dir=DOWN
MOVE|ts=20260119205119|dir=LEFT
MOVE|ts=20260119205120|dir=DOWN
MOVE|ts=20260119205120|dir=UP
MOVE|ts=20260119205121|dir=DOWN
MOVE|ts=20260119205121|dir=DOWN
MOVE|ts=20260119205121|dir=LEFT
MOVE|ts=20260119205121|dir=DOWN
MOVE|ts=20260119205123|dir=DOWN
MOVE|ts=20260119205123|dir=LEFT
MOVE|ts=20260119205124|dir=DOWN
MOVE|ts=20260119205124|dir=DOWN
MOVE|ts=20260119205124|dir=DOWN
MOVE|ts=20260119205124|dir=DOWN
MOVE|ts=20260119205124|dir=DOWN
MOVE|ts=20260119205124|dir=DOWN
MOVE|ts=20260119205124|dir=DOWN
MOVE|ts=20260119205124|dir=DOWN
MOVE|ts=20260119205124|dir=DOWN
MOVE|ts=20260119205124|dir=DOWN
MOVE|ts=20260119205124|dir=DOWN
MOVE|ts=20260119205124|dir=DOWN
MOVE|ts=20260119205124|dir=DOWN
MOVE|ts=20260119205124|dir=DOWN
MOVE|ts=20260119205125|dir=DOWN
MOVE|ts=20260119205125|dir=DOWN
MOVE|ts=20260119205125|dir=DOWN
MOVE|ts=20260119205125|dir=DOWN
MOVE|ts=20260119205125|dir=DOWN
MOVE|ts=20260119205125|dir=DOWN
MOVE|ts=20260119205125|dir=DOWN
MOVE|ts=20260119205125|dir=DOWN
MOVE|ts=20260119205125|dir=DOWN
MOVE|ts=20260119205125|dir=DOWN
MOVE|ts=20260119205125|dir=LEFT
MOVE|ts=20260119205125|dir=LEFT
MOVE|ts=20260119205126|dir=LEFT
MOVE|ts=20260119205126|dir=LEFT
MOVE|ts=20260119205126|dir=LEFT
MOVE|ts=20260119205126|dir=LEFT
MOVE|ts=20260119205126|dir=LEFT
MOVE|ts=20260119205126|dir=LEFT
MOVE|ts=20260119205126|dir=LEFT
MOVE|ts=20260119205126|dir=LEFT
MOVE|ts=20260119205126|dir=LEFT
MOVE|ts=20260119205126|dir=LEFT
MOVE|ts=20260119205126|dir=LEFT
MOVE|ts=20260119205127|dir=LEFT
MOVE|ts=20260119205127|dir=LEFT
MOVE|ts=20260119205127|dir=LEFT
MOVE|ts=20260119205127|dir=LEFT
MOVE|ts=20260119205128|dir=LEFT
MOVE|ts=20260119205128|dir=LEFT
MOVE|ts=20260119205128|dir=DOWN
MOVE|ts=20260119205128|dir=LEFT
MOVE|ts=20260119205128|dir=DOWN
MOVE|ts=20260119205128|dir=LEFT
MOVE|ts=20260119205129|dir=DOWN
MOVE|ts=20260119205129|dir=LEFT
MOVE|ts=20260119205129|dir=LEFT
MOVE|ts=20260119205129|dir=LEFT
MOVE|ts=20260119205129|dir=LEFT
MOVE|ts=20260119205129|dir=LEFT
MOVE|ts=20260119205129|dir=LEFT
MOVE|ts=20260119205129|dir=LEFT
MOVE|ts=20260119205129|dir=LEFT
MOVE|ts=20260119205130|dir=LEFT
MOVE|ts=20260119205130|dir=LEFT
MOVE|ts=20260119205130|dir=LEFT
MOVE|ts=20260119205130|dir=LEFT
MOVE|ts=20260119205130|dir=DOWN
MOVE|ts=20260119205130|dir=LEFT
MOVE|ts=20260119205130|dir=DOWN
MOVE|ts=20260119205131|dir=LEFT
MOVE|ts=20260119205131|dir=LEFT
MOVE|ts=20260119205131|dir=LEFT
MOVE|ts=20260119205131|dir=LEFT
MOVE|ts=20260119205131|dir=LEFT
MOVE|ts=20260119205131|dir=LEFT
MOVE|ts=20260119205131|dir=LEFT
MOVE|ts=20260119205131|dir=LEFT
MOVE|ts=20260119205131|dir=LEFT
MOVE|ts=20260119205131|dir=LEFT
MOVE|ts=20260119205131|dir=LEFT
MOVE|ts=20260119205131|dir=LEFT
MOVE|ts=20260119205131|dir=LEFT
MOVE|ts=20260119205131|dir=LEFT
MOVE|ts=20260119205131|dir=LEFT
MOVE|ts=20260119205131|dir=LEFT
MOVE|ts=20260119205132|dir=LEFT
MOVE|ts=20260119205132|dir=LEFT
MOVE|ts=20260119205132|dir=LEFT
MOVE|ts=20260119205132|dir=LEFT
MOVE|ts=20260119205132|dir=LEFT
MOVE|ts=20260119205132|dir=LEFT
MOVE|ts=20260119205132|dir=LEFT
MOVE|ts=20260119205132|dir=LEFT
MOVE|ts=20260119205132|dir=LEFT
MOVE|ts=20260119205132|dir=LEFT
MOVE|ts=20260119205132|dir=LEFT
MOVE|ts=20260119205132|dir=LEFT
MOVE|ts=20260119205132|dir=DOWN
MOVE|ts=20260119205132|dir=LEFT
MOVE|ts=20260119205132|dir=DOWN
MOVE|ts=20260119205133|dir=LEFT
MOVE|ts=20260119205133|dir=DOWN
MOVE|ts=20260119205133|dir=DOWN
MOVE|ts=20260119205133|dir=DOWN
MOVE|ts=20260119205133|dir=DOWN
MOVE|ts=20260119205133|dir=DOWN
MOVE|ts=20260119205134|dir=DOWN
MOVE|ts=20260119205134|dir=DOWN
MOVE|ts=20260119205134|dir=DOWN
MOVE|ts=20260119205134|dir=DOWN
MOVE|ts=20260119205134|dir=DOWN
MOVE|ts=20260119205134|dir=DOWN
MOVE|ts=20260119205134|dir=DOWN
MOVE|ts=20260119205134|dir=DOWN
MOVE|ts=20260119205134|dir=DOWN
MOVE|ts=20260119205134|dir=DOWN
MOVE|ts=20260119205134|dir=DOWN
MOVE|ts=20260119205134|dir=DOWN
MOVE|ts=20260119205134|dir=DOWN
MOVE|ts=20260119205134|dir=DOWN
MOVE|ts=20260119205134|dir=DOWN
MOVE|ts=20260119205134|dir=DOWN
MOVE|ts=20260119205134|dir=DOWN
MOVE|ts=20260119205134|dir=DOWN
MOVE|ts=20260119205134|dir=DOWN
MOVE|ts=20260119205134|dir=DOWN
MOVE|ts=20260119205134|dir=DOWN
MOVE|ts=20260119205134|dir=DOWN
MOVE|ts=20260119205134|dir=DOWN
MOVE|ts=20260119205134|dir=DOWN
MOVE|ts=20260119205134|dir=DOWN
MOVE|ts=20260119205134|dir=DOWN
MOVE|ts=20260119205134|dir=DOWN
MOVE|ts=20260119205134|dir=DOWN
MOVE|ts=20260119205134|dir=DOWN
MOVE|ts=20260119205134|dir=DOWN
MOVE|ts=20260119205135|dir=DOWN
MOVE|ts=20260119205135|dir=DOWN
MOVE|ts=20260119205135|dir=DOWN
MOVE|ts=20260119205135|dir=DOWN
MOVE|ts=20260119205135|dir=DOWN
MOVE|ts=20260119205135|dir=DOWN
MOVE|ts=20260119205135|dir=DOWN
MOVE|ts=20260119205135|dir=DOWN
MOVE|ts=20260119205135|dir=DOWN
MOVE|ts=20260119205135|dir=DOWN
MOVE|ts=20260119205135|dir=DOWN
MOVE|ts=20260119205135|dir=DOWN
MOVE|ts=20260119205135|dir=DOWN
MOVE|ts=20260119205135|dir=DOWN
MOVE|ts=20260119205135|dir=DOWN
MOVE|ts=20260119205135|dir=DOWN
MOVE|ts=20260119205135|dir=DOWN
MOVE|ts=20260119205135|dir=DOWN
MOVE|ts=20260119205135|dir=DOWN
MOVE|ts=20260119205135|dir=DOWN
MOVE|ts=20260119205135|dir=DOWN
MOVE|ts=20260119205135|dir=DOWN
MOVE|ts=20260119205139|dir=DOWN
MOVE|ts=20260119205139|dir=DOWN
MOVE|ts=20260119205140|dir=LEFT
MOVE|ts=20260119205140|dir=DOWN
MOVE|ts=20260119205140|dir=LEFT
MOVE|ts=20260119205141|dir=DOWN
MOVE|ts=20260119205141|dir=RIGHT
MOVE|ts=20260119205141|dir=LEFT
MOVE|ts=20260119205141|dir=UP
MOVE|ts=20260119205142|dir=UP
MOVE|ts=20260119205142|dir=UP
MOVE|ts=20260119205142|dir=UP
MOVE|ts=20260119205142|dir=UP
MOVE|ts=20260119205142|dir=UP
MOVE|ts=20260119205142|dir=UP
MOVE|ts=20260119205142|dir=UP
MOVE|ts=20260119205142|dir=UP
MOVE|ts=20260119205142|dir=UP
MOVE|ts=20260119205142|dir=UP
MOVE|ts=20260119205142|dir=UP
MOVE|ts=20260119205142|dir=UP
MOVE|ts=20260119205142|dir=UP
MOVE|ts=20260119205142|dir=UP
MOVE|ts=20260119205142|dir=UP
MOVE|ts=20260119205142|dir=UP
MOVE|ts=20260119205142|dir=LEFT
MOVE|ts=20260119205143|dir=UP
MOVE|ts=20260119205143|dir=LEFT
MOVE|ts=20260119205144|dir=LEFT
MOVE|ts=20260119205145|dir=DOWN
MOVE|ts=20260120134238|dir=RIGHT
MOVE|ts=20260120134238|dir=UP
MOVE|ts=20260120134238|dir=LEFT
MOVE|ts=20260120134239|dir=DOWN
MOVE|ts=20260120134240|dir=RIGHT
MOVE|ts=20260120134240|dir=LEFT
MOVE|ts=20260120134240|dir=UP
MOVE|ts=20260120134241|dir=RIGHT
MOVE|ts=20260120134241|dir=DOWN
MOVE|ts=20260120134327|dir=UP
MOVE|ts=20260120134327|dir=LEFT
MOVE|ts=20260120134327|dir=DOWN
MOVE|ts=20260120134331|dir=UP
MOVE|ts=20260120134335|dir=RIGHT
MOVE|ts=20260120134337|dir=RIGHT
MOVE|ts=20260120134338|dir=DOWN
MOVE|ts=20260120134339|dir=RIGHT
MOVE|ts=20260120134340|dir=LEFT
MOVE|ts=20260120134340|dir=RIGHT
MOVE|ts=20260120134342|dir=DOWN
MOVE|ts=20260120134342|dir=LEFT
MOVE|ts=20260120134344|dir=DOWN
MOVE|ts=20260120134344|dir=DOWN
MOVE|ts=20260120134345|dir=LEFT
MOVE|ts=20260120134347|dir=DOWN
MOVE|ts=20260120134347|dir=RIGHT
MOVE|ts=20260120134347|dir=RIGHT
MOVE|ts=20260120134354|dir=RIGHT
MOVE|ts=20260120134358|dir=DOWN
MOVE|ts=20260120134400|dir=UP
MOVE|ts=20260120134401|dir=DOWN
MOVE|ts=20260120134401|dir=UP
MOVE|ts=20260120134401|dir=LEFT
MOVE|ts=20260120134401|dir=RIGHT
MOVE|ts=20260120134457|dir=RIGHT
MOVE|ts=20260120134457|dir=LEFT
MOVE|ts=20260120134457|dir=DOWN
MOVE|ts=20260120134458|dir=DOWN
MOVE|ts=20260120134458|dir=DOWN
MOVE|ts=20260120134459|dir=LEFT
MOVE|ts=20260120134500|dir=RIGHT
MOVE|ts=20260120134501|dir=UP
MOVE|ts=20260120134502|dir=RIGHT
MOVE|ts=20260120134527|dir=RIGHT
MOVE|ts=20260120134527|dir=LEFT
MOVE|ts=20260120134527|dir=DOWN
MOVE|ts=20260120134531|dir=RIGHT
MOVE|ts=20260120134532|dir=DOWN
MOVE|ts=20260120134534|dir=DOWN
MOVE|ts=20260120134535|dir=LEFT
MOVE|ts=20260120134537|dir=RIGHT
MOVE|ts=20260120134537|dir=LEFT
MOVE|ts=20260120134538|dir=DOWN
MOVE|ts=20260120134539|dir=RIGHT
MOVE|ts=20260120134540|dir=LEFT
MOVE|ts=20260120134541|dir=RIGHT
MOVE|ts=20260120134921|dir=DOWN
MOVE|ts=20260120134921|dir=DOWN
MOVE|ts=20260120134921|dir=DOWN
MOVE|ts=20260120134921|dir=RIGHT
MOVE|ts=20260120134922|dir=DOWN
MOVE|ts=20260120134922|dir=RIGHT
MOVE|ts=20260120134922|dir=DOWN
MOVE|ts=20260120134923|dir=DOWN
MOVE|ts=20260120134923|dir=DOWN
MOVE|ts=20260120134923|dir=DOWN
MOVE|ts=20260120134923|dir=DOWN
MOVE|ts=20260120134923|dir=DOWN
MOVE|ts=20260120134923|dir=RIGHT
MOVE|ts=20260120134923|dir=RIGHT
MOVE|ts=20260120134924|dir=UP
MOVE|ts=20260120134924|dir=RIGHT
MOVE|ts=20260120134924|dir=UP
MOVE|ts=20260120134924|dir=RIGHT
MOVE|ts=20260120134925|dir=UP
MOVE|ts=20260120134925|dir=RIGHT
MOVE|ts=20260120134925|dir=RIGHT
MOVE|ts=20260120134925|dir=RIGHT
MOVE|ts=20260120134925|dir=RIGHT
MOVE|ts=20260120134925|dir=RIGHT
MOVE|ts=20260120134925|dir=UP
MOVE|ts=20260120134926|dir=RIGHT
MOVE|ts=20260120134926|dir=UP
MOVE|ts=20260120134926|dir=UP
MOVE|ts=20260120134926|dir=UP
MOVE|ts=20260120134926|dir=UP
MOVE|ts=20260120134926|dir=UP
MOVE|ts=20260120134926|dir=UP
MOVE|ts=20260120134926|dir=UP
MOVE|ts=20260120134926|dir=UP
MOVE|ts=20260120134927|dir=RIGHT
MOVE|ts=20260120134927|dir=RIGHT
MOVE|ts=20260120134927|dir=RIGHT
MOVE|ts=20260120134927|dir=RIGHT
MOVE|ts=20260120134927|dir=UP
MOVE|ts=20260120134928|dir=UP
MOVE|ts=20260120134928|dir=UP
MOVE|ts=20260120134928|dir=UP
MOVE|ts=20260120134928|dir=UP
MOVE|ts=20260120134928|dir=RIGHT
MOVE|ts=20260120134928|dir=RIGHT
MOVE|ts=20260120134928|dir=RIGHT
MOVE|ts=20260120134928|dir=RIGHT
MOVE|ts=20260120134928|dir=RIGHT
MOVE|ts=20260120134928|dir=RIGHT
MOVE|ts=20260120134928|dir=RIGHT
MOVE|ts=20260120134928|dir=RIGHT
MOVE|ts=20260120134928|dir=UP
MOVE|ts=20260120134929|dir=UP
MOVE|ts=20260120134929|dir=UP
MOVE|ts=20260120134929|dir=UP
MOVE|ts=20260120134929|dir=UP
MOVE|ts=20260120134929|dir=UP
MOVE|ts=20260120134929|dir=UP
MOVE|ts=20260120134929|dir=UP
MOVE|ts=20260120134929|dir=UP
MOVE|ts=20260120134929|dir=UP
MOVE|ts=20260120134929|dir=UP
MOVE|ts=20260120134929|dir=UP
MOVE|ts=20260120134929|dir=UP
MOVE|ts=20260120134929|dir=UP
MOVE|ts=20260120134929|dir=UP
MOVE|ts=20260120134929|dir=UP
MOVE|ts=20260120134929|dir=UP
MOVE|ts=20260120134930|dir=UP
MOVE|ts=20260120134930|dir=UP
MOVE|ts=20260120134930|dir=UP
MOVE|ts=20260120134930|dir=UP
MOVE|ts=20260120134930|dir=UP
MOVE|ts=20260120134930|dir=UP
MOVE|ts=20260120134930|dir=RIGHT
MOVE|ts=20260120134930|dir=LEFT
MOVE|ts=20260120134931|dir=UP
MOVE|ts=20260120134931|dir=LEFT
MOVE|ts=20260120134931|dir=UP
MOVE|ts=20260120134932|dir=UP
MOVE|ts=20260120134932|dir=UP
MOVE|ts=20260120134932|dir=RIGHT
MOVE|ts=20260120134933|dir=RIGHT
MOVE|ts=20260120134934|dir=UP
MOVE|ts=20260120134934|dir=UP
MOVE|ts=20260120134934|dir=UP
MOVE|ts=20260120134934|dir=UP
MOVE|ts=20260120134935|dir=UP
MOVE|ts=20260120134935|dir=UP
MOVE|ts=20260120134935|dir=UP
MOVE|ts=20260120134935|dir=UP
MOVE|ts=20260120134935|dir=UP
MOVE|ts=20260120134935|dir=UP
MOVE|ts=20260120134935|dir=UP
MOVE|ts=20260120134935|dir=UP
MOVE|ts=20260120134935|dir=UP
MOVE|ts=20260120134935|dir=UP
MOVE|ts=20260120134935|dir=UP
MOVE|ts=20260120134935|dir=UP
MOVE|ts=20260120134935|dir=UP
MOVE|ts=20260120134935|dir=UP
MOVE|ts=20260120134935|dir=UP
MOVE|ts=20260120134935|dir=UP
MOVE|ts=20260120134935|dir=UP
MOVE|ts=20260120134935|dir=UP
MOVE|ts=20260120134935|dir=UP
MOVE|ts=20260120134935|dir=UP
MOVE|ts=20260120134935|dir=UP
MOVE|ts=20260120134935|dir=UP
MOVE|ts=20260120134935|dir=UP
MOVE|ts=20260120134936|dir=UP
MOVE|ts=20260120134936|dir=RIGHT
MOVE|ts=20260120134936|dir=UP
MOVE|ts=20260120134936|dir=RIGHT
MOVE|ts=20260120134937|dir=RIGHT
MOVE|ts=20260120134937|dir=RIGHT
MOVE|ts=20260120134937|dir=RIGHT
MOVE|ts=20260120134937|dir=RIGHT
MOVE|ts=20260120134937|dir=RIGHT
MOVE|ts=20260120134937|dir=RIGHT
MOVE|ts=20260120134937|dir=RIGHT
MOVE|ts=20260120134937|dir=RIGHT
MOVE|ts=20260120134937|dir=RIGHT
MOVE|ts=20260120134937|dir=RIGHT
MOVE|ts=20260120134937|dir=RIGHT
MOVE|ts=20260120134937|dir=RIGHT
MOVE|ts=20260120134937|dir=RIGHT
MOVE|ts=20260120134937|dir=RIGHT
MOVE|ts=20260120134937|dir=RIGHT
MOVE|ts=20260120134937|dir=RIGHT
MOVE|ts=20260120134938|dir=RIGHT
MOVE|ts=20260120134938|dir=RIGHT
MOVE|ts=20260120134938|dir=RIGHT
MOVE|ts=20260120134938|dir=RIGHT
MOVE|ts=20260120134938|dir=RIGHT
MOVE|ts=20260120134938|dir=RIGHT
MOVE|ts=20260120134938|dir=RIGHT
MOVE|ts=20260120134938|dir=RIGHT
MOVE|ts=20260120134938|dir=RIGHT
MOVE|ts=20260120134938|dir=RIGHT
MOVE|ts=20260120134938|dir=RIGHT
MOVE|ts=20260120134938|dir=RIGHT
MOVE|ts=20260120134938|dir=RIGHT
MOVE|ts=20260120134938|dir=RIGHT
MOVE|ts=20260120134938|dir=RIGHT
MOVE|ts=20260120134938|dir=LEFT
MOVE|ts=20260120134939|dir=UP
MOVE|ts=20260120134940|dir=UP
MOVE|ts=20260120134940|dir=UP
MOVE|ts=20260120134940|dir=UP
MOVE|ts=20260120134940|dir=UP
MOVE|ts=20260120134940|dir=UP
MOVE|ts=20260120134940|dir=UP
MOVE|ts=20260120134940|dir=RIGHT
MOVE|ts=20260120134941|dir=RIGHT
MOVE|ts=20260120134941|dir=RIGHT
MOVE|ts=20260120134941|dir=RIGHT
MOVE|ts=20260120134942|dir=RIGHT
MOVE|ts=20260120134942|dir=RIGHT
MOVE|ts=20260120134942|dir=RIGHT
MOVE|ts=20260120134942|dir=RIGHT
MOVE|ts=20260120134942|dir=RIGHT
MOVE|ts=20260120134942|dir=RIGHT
MOVE|ts=20260120134942|dir=RIGHT
MOVE|ts=20260120134942|dir=RIGHT
MOVE|ts=20260120134942|dir=RIGHT
MOVE|ts=20260120134942|dir=RIGHT
MOVE|ts=20260120134942|dir=RIGHT
MOVE|ts=20260120134942|dir=RIGHT
MOVE|ts=20260120134942|dir=RIGHT
MOVE|ts=20260120134942|dir=RIGHT
MOVE|ts=20260120134942|dir=RIGHT
MOVE|ts=20260120134942|dir=DOWN
MOVE|ts=20260120134943|dir=LEFT
MOVE|ts=20260120134943|dir=RIGHT
MOVE|ts=20260120134944|dir=RIGHT
MOVE|ts=20260120134944|dir=LEFT
MOVE|ts=20260120134944|dir=RIGHT
MOVE|ts=20260120134945|dir=RIGHT
MOVE|ts=20260120134945|dir=RIGHT
MOVE|ts=20260120134945|dir=RIGHT
MOVE|ts=20260120134945|dir=RIGHT
MOVE|ts=20260120134945|dir=RIGHT
MOVE|ts=20260120134945|dir=RIGHT
MOVE|ts=20260120134945|dir=DOWN
MOVE|ts=20260120134946|dir=UP
MOVE|ts=20260120134946|dir=RIGHT
MOVE|ts=20260120134947|dir=RIGHT
MOVE|ts=20260120134947|dir=UP
MOVE|ts=20260120134948|dir=UP
MOVE|ts=20260120134948|dir=RIGHT
MOVE|ts=20260120134948|dir=UP
MOVE|ts=20260120134949|dir=RIGHT
MOVE|ts=20260120134950|dir=RIGHT
MOVE|ts=20260120134950|dir=DOWN
MOVE|ts=20260120134951|dir=RIGHT
MOVE|ts=20260120134951|dir=DOWN
MOVE|ts=20260120134951|dir=DOWN
MOVE|ts=20260120134951|dir=DOWN
MOVE|ts=20260120134951|dir=DOWN
MOVE|ts=20260120134951|dir=DOWN
MOVE|ts=20260120212541|dir=RIGHT
MOVE|ts=20260120212541|dir=RIGHT
MOVE|ts=20260120212541|dir=RIGHT
MOVE|ts=20260120212541|dir=RIGHT
MOVE|ts=20260120212541|dir=RIGHT
MOVE|ts=20260120212541|dir=RIGHT
MOVE|ts=20260120212541|dir=RIGHT
MOVE|ts=20260120212541|dir=RIGHT
MOVE|ts=20260120212541|dir=RIGHT
MOVE|ts=20260120212541|dir=RIGHT
MOVE|ts=20260120212541|dir=RIGHT
MOVE|ts=20260120212541|dir=RIGHT
MOVE|ts=20260120212541|dir=RIGHT
MOVE|ts=20260120212541|dir=RIGHT
MOVE|ts=20260120212541|dir=RIGHT
MOVE|ts=20260120212541|dir=RIGHT
MOVE|ts=20260120212542|dir=RIGHT
MOVE|ts=20260120212542|dir=RIGHT
MOVE|ts=20260120212542|dir=RIGHT
MOVE|ts=20260120212542|dir=RIGHT
MOVE|ts=20260120212542|dir=RIGHT
MOVE|ts=20260120212542|dir=RIGHT
MOVE|ts=20260120212542|dir=RIGHT
MOVE|ts=20260120212542|dir=RIGHT
MOVE|ts=20260120212542|dir=RIGHT
MOVE|ts=20260120212542|dir=RIGHT
MOVE|ts=20260120212542|dir=RIGHT
MOVE|ts=20260120212542|dir=RIGHT
MOVE|ts=20260120212542|dir=RIGHT
MOVE|ts=20260120212542|dir=RIGHT
MOVE|ts=20260120212542|dir=RIGHT
MOVE|ts=20260120212542|dir=RIGHT
MOVE|ts=20260120212542|dir=RIGHT
MOVE|ts=20260120212542|dir=RIGHT
MOVE|ts=20260120212542|dir=RIGHT
MOVE|ts=20260120212542|dir=RIGHT
MOVE|ts=20260120212542|dir=RIGHT
MOVE|ts=20260120212542|dir=RIGHT
MOVE|ts=20260120212542|dir=RIGHT
MOVE|ts=20260120212542|dir=RIGHT
MOVE|ts=20260120212542|dir=RIGHT
MOVE|ts=20260120212543|dir=LEFT
MOVE|ts=20260120212543|dir=LEFT
MOVE|ts=20260120212543|dir=LEFT
MOVE|ts=20260120212543|dir=LEFT
MOVE|ts=20260120212543|dir=LEFT
MOVE|ts=20260120212543|dir=LEFT
MOVE|ts=20260120212543|dir=LEFT
MOVE|ts=20260120212543|dir=LEFT
MOVE|ts=20260120212543|dir=LEFT
MOVE|ts=20260120212543|dir=LEFT
MOVE|ts=20260120212543|dir=LEFT
MOVE|ts=20260120212543|dir=LEFT
MOVE|ts=20260120212543|dir=LEFT
MOVE|ts=20260120212543|dir=LEFT
MOVE|ts=20260120212544|dir=LEFT
MOVE|ts=20260120212544|dir=LEFT
MOVE|ts=20260120212544|dir=LEFT
MOVE|ts=20260120212544|dir=LEFT
MOVE|ts=20260120212544|dir=LEFT
MOVE|ts=20260120212544|dir=LEFT
MOVE|ts=20260120212544|dir=LEFT
MOVE|ts=20260120212544|dir=LEFT
MOVE|ts=20260120212544|dir=LEFT
MOVE|ts=20260120212544|dir=LEFT
MOVE|ts=20260120212544|dir=LEFT
MOVE|ts=20260120212544|dir=LEFT
MOVE|ts=20260120212544|dir=LEFT
MOVE|ts=20260120212544|dir=LEFT
MOVE|ts=20260120212544|dir=LEFT
MOVE|ts=20260120212544|dir=LEFT
MOVE|ts=20260120212544|dir=LEFT
MOVE|ts=20260120212544|dir=LEFT
MOVE|ts=20260120212546|dir=RIGHT
MOVE|ts=20260120212546|dir=RIGHT
MOVE|ts=20260120212547|dir=RIGHT
MOVE|ts=20260120212547|dir=RIGHT
MOVE|ts=20260120212547|dir=RIGHT
MOVE|ts=20260120212547|dir=RIGHT
MOVE|ts=20260120212547|dir=RIGHT
MOVE|ts=20260120212547|dir=RIGHT
MOVE|ts=20260120212547|dir=RIGHT
MOVE|ts=20260120212547|dir=RIGHT
MOVE|ts=20260120212547|dir=RIGHT
MOVE|ts=20260120212547|dir=RIGHT
MOVE|ts=20260120212547|dir=RIGHT
MOVE|ts=20260120212547|dir=RIGHT
MOVE|ts=20260120212547|dir=RIGHT
MOVE|ts=20260120212547|dir=RIGHT
MOVE|ts=20260120212547|dir=RIGHT
MOVE|ts=20260120212547|dir=RIGHT
MOVE|ts=20260120212547|dir=RIGHT
MOVE|ts=20260120212547|dir=RIGHT
MOVE|ts=20260120212547|dir=RIGHT
MOVE|ts=20260120212548|dir=RIGHT
MOVE|ts=20260120212548|dir=RIGHT
MOVE|ts=20260120212548|dir=RIGHT
MOVE|ts=20260120212548|dir=RIGHT
MOVE|ts=20260120212548|dir=RIGHT
MOVE|ts=20260120212548|dir=RIGHT
MOVE|ts=20260120212548|dir=RIGHT
MOVE|ts=20260120212548|dir=RIGHT
MOVE|ts=20260120212548|dir=RIGHT
MOVE|ts=20260120212548|dir=RIGHT
MOVE|ts=20260120212548|dir=RIGHT
MOVE|ts=20260120212548|dir=DOWN
MOVE|ts=20260120212548|dir=DOWN
MOVE|ts=20260120212548|dir=DOWN
MOVE|ts=20260120212548|dir=DOWN
MOVE|ts=20260120212549|dir=DOWN
MOVE|ts=20260120212549|dir=DOWN
MOVE|ts=20260120212549|dir=DOWN
MOVE|ts=20260120212549|dir=DOWN
MOVE|ts=20260120212549|dir=DOWN
MOVE|ts=20260120212549|dir=DOWN
MOVE|ts=20260120212549|dir=DOWN
MOVE|ts=20260120212549|dir=DOWN
MOVE|ts=20260120212549|dir=DOWN
MOVE|ts=20260120212549|dir=DOWN
MOVE|ts=20260120212549|dir=DOWN
MOVE|ts=20260120212549|dir=DOWN
MOVE|ts=20260120212549|dir=DOWN
MOVE|ts=20260120212549|dir=DOWN
MOVE|ts=20260120212549|dir=DOWN
MOVE|ts=20260120212549|dir=DOWN
MOVE|ts=20260120212549|dir=DOWN
MOVE|ts=20260120212549|dir=DOWN
MOVE|ts=20260120212549|dir=DOWN
MOVE|ts=20260120212549|dir=DOWN
MOVE|ts=20260120212549|dir=DOWN
MOVE|ts=20260120212549|dir=DOWN
MOVE|ts=20260120212549|dir=DOWN
MOVE|ts=20260120212549|dir=DOWN
MOVE|ts=20260120212549|dir=DOWN
MOVE|ts=20260120212549|dir=DOWN
MOVE|ts=20260120212549|dir=DOWN
MOVE|ts=20260120212549|dir=DOWN
MOVE|ts=20260120212549|dir=DOWN
MOVE|ts=20260120212549|dir=DOWN
MOVE|ts=20260120212549|dir=DOWN
MOVE|ts=20260120212550|dir=DOWN
MOVE|ts=20260120212550|dir=DOWN
MOVE|ts=20260120212550|dir=DOWN
MOVE|ts=20260120212550|dir=DOWN
MOVE|ts=20260120212550|dir=DOWN
MOVE|ts=20260120212550|dir=DOWN
MOVE|ts=20260120212550|dir=DOWN
MOVE|ts=20260120212550|dir=DOWN
MOVE|ts=20260120212550|dir=DOWN
MOVE|ts=20260120212550|dir=DOWN
MOVE|ts=20260120212550|dir=DOWN
MOVE|ts=20260120212550|dir=DOWN
MOVE|ts=20260120212550|dir=DOWN
MOVE|ts=20260120212550|dir=DOWN
MOVE|ts=20260120212550|dir=DOWN
MOVE|ts=20260120212550|dir=DOWN
MOVE|ts=20260120212550|dir=LEFT
MOVE|ts=20260120212551|dir=LEFT
MOVE|ts=20260120212551|dir=LEFT
MOVE|ts=20260120212551|dir=LEFT
MOVE|ts=20260120212551|dir=LEFT
MOVE|ts=20260120212551|dir=LEFT
MOVE|ts=20260120212551|dir=LEFT
MOVE|ts=20260120212551|dir=LEFT
MOVE|ts=20260120212551|dir=LEFT
MOVE|ts=20260120212551|dir=LEFT
MOVE|ts=20260120212551|dir=LEFT
MOVE|ts=20260120212551|dir=LEFT
MOVE|ts=20260120212551|dir=LEFT
MOVE|ts=20260120212551|dir=LEFT
MOVE|ts=20260120212551|dir=LEFT
MOVE|ts=20260120212551|dir=LEFT
MOVE|ts=20260120212551|dir=LEFT
MOVE|ts=20260120212551|dir=LEFT
MOVE|ts=20260120212646|dir=LEFT
MOVE|ts=20260120212647|dir=UP
MOVE|ts=20260120212647|dir=UP
MOVE|ts=20260120212648|dir=UP
MOVE|ts=20260120212648|dir=UP
MOVE|ts=20260120212648|dir=UP
MOVE|ts=20260120212648|dir=LEFT
MOVE|ts=20260120212649|dir=DOWN
MOVE|ts=20260120212649|dir=LEFT
MOVE|ts=20260120212649|dir=DOWN
MOVE|ts=20260120212650|dir=LEFT
MOVE|ts=20260120212651|dir=LEFT
MOVE|ts=20260120212651|dir=LEFT
MOVE|ts=20260120212651|dir=LEFT
MOVE|ts=20260120212651|dir=LEFT
MOVE|ts=20260120212651|dir=LEFT
MOVE|ts=20260120212651|dir=LEFT
MOVE|ts=20260120212651|dir=LEFT
MOVE|ts=20260120212651|dir=LEFT
MOVE|ts=20260120212651|dir=LEFT
MOVE|ts=20260120212651|dir=LEFT
MOVE|ts=20260120212651|dir=LEFT
MOVE|ts=20260120212651|dir=LEFT
MOVE|ts=20260120212651|dir=LEFT
MOVE|ts=20260120212651|dir=LEFT
MOVE|ts=20260120212651|dir=LEFT
MOVE|ts=20260120212651|dir=LEFT
MOVE|ts=20260120212651|dir=LEFT
MOVE|ts=20260120212651|dir=LEFT
MOVE|ts=20260120212651|dir=LEFT
MOVE|ts=20260120212651|dir=LEFT
MOVE|ts=20260120212651|dir=LEFT
MOVE|ts=20260120212651|dir=LEFT
MOVE|ts=20260120212651|dir=DOWN
MOVE|ts=20260120212652|dir=LEFT
MOVE|ts=20260120212653|dir=LEFT
MOVE|ts=20260120212653|dir=LEFT
MOVE|ts=20260120212653|dir=LEFT
MOVE|ts=20260120212653|dir=LEFT
MOVE|ts=20260120212654|dir=DOWN
MOVE|ts=20260120212655|dir=LEFT
MOVE|ts=20260120212656|dir=UP
MOVE|ts=20260120212656|dir=LEFT
MOVE|ts=20260120212657|dir=LEFT
MOVE|ts=20260120212657|dir=LEFT
MOVE|ts=20260120212657|dir=LEFT
MOVE|ts=20260120212657|dir=LEFT
MOVE|ts=20260120212657|dir=LEFT
MOVE|ts=20260120212657|dir=LEFT
MOVE|ts=20260120212657|dir=LEFT
MOVE|ts=20260120212657|dir=LEFT
MOVE|ts=20260120212657|dir=LEFT
MOVE|ts=20260120212657|dir=LEFT
MOVE|ts=20260120212657|dir=LEFT
MOVE|ts=20260120212657|dir=LEFT
MOVE|ts=20260120212657|dir=LEFT
MOVE|ts=20260120212657|dir=LEFT
MOVE|ts=20260120212657|dir=LEFT
MOVE|ts=20260120212657|dir=LEFT
MOVE|ts=20260120212658|dir=LEFT
MOVE|ts=20260120212658|dir=LEFT
MOVE|ts=20260120212658|dir=LEFT
MOVE|ts=20260120212658|dir=LEFT
MOVE|ts=20260120212658|dir=LEFT
MOVE|ts=20260120212658|dir=LEFT
MOVE|ts=20260120212658|dir=LEFT
MOVE|ts=20260120212658|dir=LEFT
MOVE|ts=20260120212658|dir=LEFT
MOVE|ts=20260120212658|dir=LEFT
MOVE|ts=20260120212658|dir=LEFT
MOVE|ts=20260120212658|dir=LEFT
MOVE|ts=20260120212658|dir=LEFT
MOVE|ts=20260120212658|dir=LEFT
MOVE|ts=20260120212658|dir=LEFT
MOVE|ts=20260120212658|dir=LEFT
MOVE|ts=20260120212658|dir=LEFT
MOVE|ts=20260120212658|dir=LEFT
MOVE|ts=20260120212658|dir=LEFT
MOVE|ts=20260120212658|dir=LEFT
MOVE|ts=20260120212658|dir=LEFT
MOVE|ts=20260120212658|dir=LEFT
MOVE|ts=20260120212658|dir=LEFT
MOVE|ts=20260120212658|dir=LEFT
MOVE|ts=20260120212658|dir=LEFT
MOVE|ts=20260120212658|dir=LEFT
MOVE|ts=20260120212658|dir=LEFT
MOVE|ts=20260120212658|dir=LEFT
MOVE|ts=20260120212658|dir=LEFT
MOVE|ts=20260120212658|dir=LEFT
MOVE|ts=20260120212658|dir=LEFT
MOVE|ts=20260120212659|dir=LEFT
MOVE|ts=20260120212659|dir=LEFT
MOVE|ts=20260120212659|dir=LEFT
MOVE|ts=20260120212659|dir=LEFT
MOVE|ts=20260120212659|dir=LEFT
MOVE|ts=20260120212659|dir=LEFT
MOVE|ts=20260120212659|dir=LEFT
MOVE|ts=20260120212659|dir=LEFT
MOVE|ts=20260120212659|dir=LEFT
MOVE|ts=20260120212659|dir=LEFT
MOVE|ts=20260120212659|dir=LEFT
MOVE|ts=20260120212659|dir=LEFT
MOVE|ts=20260120212659|dir=LEFT
MOVE|ts=20260120212659|dir=LEFT
MOVE|ts=20260120212659|dir=LEFT
MOVE|ts=20260120212659|dir=DOWN
MOVE|ts=20260120212700|dir=DOWN
MOVE|ts=20260120212700|dir=DOWN
MOVE|ts=20260120212700|dir=DOWN
MOVE|ts=20260120212700|dir=DOWN
MOVE|ts=20260120212700|dir=LEFT
MOVE|ts=20260120212701|dir=DOWN
MOVE|ts=20260120212702|dir=DOWN
MOVE|ts=20260120212702|dir=DOWN
MOVE|ts=20260120212702|dir=DOWN
MOVE|ts=20260120212702|dir=DOWN
MOVE|ts=20260120212702|dir=DOWN
MOVE|ts=20260120212702|dir=DOWN
MOVE|ts=20260120212702|dir=DOWN
MOVE|ts=20260120212702|dir=DOWN
MOVE|ts=20260120212702|dir=DOWN
MOVE|ts=20260120212702|dir=DOWN
MOVE|ts=20260120212702|dir=DOWN
MOVE|ts=20260120212702|dir=DOWN
MOVE|ts=20260120212702|dir=DOWN
MOVE|ts=20260120212702|dir=DOWN
MOVE|ts=20260120212702|dir=DOWN
MOVE|ts=20260120212702|dir=DOWN
MOVE|ts=20260120212702|dir=DOWN
MOVE|ts=20260120212702|dir=DOWN
MOVE|ts=20260120212703|dir=RIGHT
MOVE|ts=20260120212703|dir=DOWN
MOVE|ts=20260120212703|dir=DOWN
MOVE|ts=20260120212703|dir=DOWN
MOVE|ts=20260120212703|dir=DOWN
MOVE|ts=20260120212704|dir=DOWN
MOVE|ts=20260120212704|dir=DOWN
MOVE|ts=20260120212704|dir=DOWN
MOVE|ts=20260120212704|dir=DOWN
MOVE|ts=20260120212704|dir=DOWN
MOVE|ts=20260120212704|dir=DOWN
MOVE|ts=20260120212704|dir=DOWN
MOVE|ts=20260120212704|dir=DOWN
MOVE|ts=20260120212704|dir=DOWN
MOVE|ts=20260120212704|dir=DOWN
MOVE|ts=20260120212704|dir=DOWN
MOVE|ts=20260120212704|dir=DOWN
MOVE|ts=20260120212704|dir=DOWN
MOVE|ts=20260120212704|dir=DOWN
MOVE|ts=20260120212704|dir=DOWN
MOVE|ts=20260120212704|dir=DOWN
MOVE|ts=20260120212704|dir=DOWN
MOVE|ts=20260120212704|dir=DOWN
MOVE|ts=20260120212704|dir=DOWN
MOVE|ts=20260120212704|dir=DOWN
MOVE|ts=20260120212704|dir=DOWN
MOVE|ts=20260120212704|dir=DOWN
MOVE|ts=20260120212704|dir=DOWN
MOVE|ts=20260120212704|dir=DOWN
MOVE|ts=20260120212704|dir=DOWN
MOVE|ts=20260120212704|dir=DOWN
MOVE|ts=20260120212704|dir=DOWN
MOVE|ts=20260120212704|dir=DOWN
MOVE|ts=20260120212704|dir=DOWN
MOVE|ts=20260120212704|dir=DOWN
MOVE|ts=20260120212704|dir=DOWN
MOVE|ts=20260120212705|dir=DOWN
MOVE|ts=20260120212705|dir=DOWN
MOVE|ts=20260120212705|dir=DOWN
MOVE|ts=20260120212705|dir=DOWN
MOVE|ts=20260120212705|dir=DOWN
MOVE|ts=20260120212705|dir=DOWN
MOVE|ts=20260120212705|dir=DOWN
MOVE|ts=20260120212705|dir=LEFT
MOVE|ts=20260120212705|dir=LEFT
MOVE|ts=20260120212705|dir=LEFT
MOVE|ts=20260120212705|dir=LEFT
MOVE|ts=20260120212705|dir=LEFT
MOVE|ts=20260120212705|dir=LEFT
MOVE|ts=20260120212705|dir=LEFT
MOVE|ts=20260120212705|dir=LEFT
MOVE|ts=20260120212706|dir=LEFT
MOVE|ts=20260120212706|dir=LEFT
MOVE|ts=20260120212706|dir=LEFT
MOVE|ts=20260120212706|dir=LEFT
MOVE|ts=20260120212706|dir=LEFT
MOVE|ts=20260120212706|dir=LEFT
MOVE|ts=20260120212706|dir=LEFT
MOVE|ts=20260120212706|dir=LEFT
MOVE|ts=20260120212706|dir=LEFT
MOVE|ts=20260120212706|dir=LEFT
MOVE|ts=20260120212706|dir=LEFT
MOVE|ts=20260120212706|dir=LEFT
MOVE|ts=20260120212706|dir=LEFT
MOVE|ts=20260120212706|dir=LEFT
MOVE|ts=20260120212706|dir=LEFT
MOVE|ts=20260120212706|dir=LEFT
MOVE|ts=20260120212706|dir=LEFT
MOVE|ts=20260120212706|dir=LEFT
MOVE|ts=20260120212706|dir=DOWN
MOVE|ts=20260120212707|dir=LEFT
MOVE|ts=20260120212707|dir=LEFT
MOVE|ts=20260120212707|dir=LEFT
MOVE|ts=20260120212707|dir=LEFT
MOVE|ts=20260120212707|dir=LEFT
MOVE|ts=20260120212707|dir=LEFT
MOVE|ts=20260120212707|dir=LEFT
MOVE|ts=20260120212708|dir=DOWN
MOVE|ts=20260120212708|dir=LEFT
MOVE|ts=20260120212710|dir=LEFT
MOVE|ts=20260120212710|dir=LEFT
MOVE|ts=20260120212710|dir=LEFT
MOVE|ts=20260120212710|dir=LEFT
MOVE|ts=20260120212710|dir=LEFT
MOVE|ts=20260120212710|dir=LEFT
MOVE|ts=20260120212710|dir=LEFT
MOVE|ts=20260120212710|dir=LEFT
MOVE|ts=20260120212710|dir=LEFT
MOVE|ts=20260120212710|dir=LEFT
MOVE|ts=20260120212711|dir=UP
MOVE|ts=20260120212711|dir=UP
MOVE|ts=20260120212711|dir=UP
MOVE|ts=20260120212711|dir=UP
MOVE|ts=20260120212711|dir=UP
MOVE|ts=20260120212711|dir=UP
MOVE|ts=20260120212711|dir=UP
MOVE|ts=20260120212711|dir=UP
MOVE|ts=20260120212711|dir=UP
MOVE|ts=20260120212711|dir=UP
MOVE|ts=20260120212711|dir=UP
MOVE|ts=20260120212712|dir=LEFT
MOVE|ts=20260120212712|dir=LEFT
MOVE|ts=20260120212712|dir=LEFT
MOVE|ts=20260120212712|dir=LEFT
MOVE|ts=20260120212712|dir=LEFT
MOVE|ts=20260120212712|dir=LEFT
MOVE|ts=20260120212712|dir=LEFT
MOVE|ts=20260120212712|dir=LEFT
MOVE|ts=20260120212712|dir=LEFT
MOVE|ts=20260120212712|dir=LEFT
MOVE|ts=20260120212712|dir=LEFT
MOVE|ts=20260120212712|dir=LEFT
MOVE|ts=20260120212712|dir=LEFT
MOVE|ts=20260120212712|dir=LEFT
MOVE|ts=20260120212712|dir=LEFT
MOVE|ts=20260120212712|dir=LEFT
MOVE|ts=20260120212713|dir=LEFT
MOVE|ts=20260120212713|dir=LEFT
MOVE|ts=20260120212713|dir=LEFT
MOVE|ts=20260120212713|dir=LEFT
MOVE|ts=20260120212713|dir=LEFT
MOVE|ts=20260120212713|dir=LEFT
MOVE|ts=20260120212713|dir=LEFT
MOVE|ts=20260120212713|dir=LEFT
MOVE|ts=20260120212713|dir=LEFT
MOVE|ts=20260120212713|dir=LEFT
MOVE|ts=20260120212713|dir=LEFT
MOVE|ts=20260120212713|dir=LEFT
MOVE|ts=20260120212713|dir=LEFT
MOVE|ts=20260120212713|dir=LEFT
MOVE|ts=20260120212713|dir=LEFT
MOVE|ts=20260120212713|dir=UP
MOVE|ts=20260120212714|dir=UP
MOVE|ts=20260120212714|dir=UP
MOVE|ts=20260120212714|dir=UP
MOVE|ts=20260120212714|dir=UP
MOVE|ts=20260120212714|dir=UP
MOVE|ts=20260120212714|dir=UP
MOVE|ts=20260120212714|dir=UP
MOVE|ts=20260120212714|dir=UP
MOVE|ts=20260120212714|dir=UP
MOVE|ts=20260120212714|dir=UP
MOVE|ts=20260120212714|dir=UP
MOVE|ts=20260120212714|dir=UP
MOVE|ts=20260120212714|dir=UP
MOVE|ts=20260120212714|dir=UP
MOVE|ts=20260120212714|dir=UP
MOVE|ts=20260120212714|dir=UP
MOVE|ts=20260120212714|dir=UP
MOVE|ts=20260120212714|dir=UP
MOVE|ts=20260120212714|dir=UP
MOVE|ts=20260120212714|dir=UP
MOVE|ts=20260120212714|dir=UP
MOVE|ts=20260120212714|dir=UP
MOVE|ts=20260120212714|dir=UP
MOVE|ts=20260120212714|dir=UP
MOVE|ts=20260120212714|dir=UP
MOVE|ts=20260120212715|dir=LEFT
MOVE|ts=20260120212717|dir=DOWN
MOVE|ts=20260120212717|dir=DOWN
MOVE|ts=20260120212717|dir=DOWN
MOVE|ts=20260120212717|dir=DOWN
MOVE|ts=20260120212717|dir=DOWN
MOVE|ts=20260120212717|dir=DOWN
MOVE|ts=20260120212717|dir=DOWN
MOVE|ts=20260120212717|dir=DOWN
MOVE|ts=20260120212717|dir=DOWN
MOVE|ts=20260120212717|dir=DOWN
MOVE|ts=20260120212717|dir=DOWN
MOVE|ts=20260120212717|dir=DOWN
MOVE|ts=20260120212717|dir=DOWN
MOVE|ts=20260120212717|dir=DOWN
MOVE|ts=20260120212717|dir=DOWN
MOVE|ts=20260120212718|dir=DOWN
MOVE|ts=20260120212718|dir=DOWN
MOVE|ts=20260120212718|dir=DOWN
MOVE|ts=20260120212718|dir=DOWN
MOVE|ts=20260120212718|dir=DOWN
MOVE|ts=20260120212718|dir=DOWN
MOVE|ts=20260120212718|dir=DOWN
MOVE|ts=20260120212718|dir=DOWN
MOVE|ts=20260120212718|dir=DOWN
MOVE|ts=20260120212718|dir=DOWN
MOVE|ts=20260120212718|dir=DOWN
MOVE|ts=20260120212718|dir=DOWN
MOVE|ts=20260120212718|dir=DOWN
MOVE|ts=20260120212718|dir=DOWN
MOVE|ts=20260120212718|dir=DOWN
MOVE|ts=20260120212718|dir=DOWN
MOVE|ts=20260120212718|dir=DOWN
MOVE|ts=20260120212718|dir=DOWN
MOVE|ts=20260120212718|dir=DOWN
MOVE|ts=20260120212718|dir=DOWN
MOVE|ts=20260120212718|dir=DOWN
MOVE|ts=20260120212718|dir=DOWN
MOVE|ts=20260120212718|dir=DOWN
MOVE|ts=20260120212718|dir=DOWN
MOVE|ts=20260120212718|dir=DOWN
MOVE|ts=20260120212718|dir=RIGHT
MOVE|ts=20260120212719|dir=RIGHT
MOVE|ts=20260120212719|dir=RIGHT
MOVE|ts=20260120212719|dir=RIGHT
MOVE|ts=20260120212719|dir=RIGHT
MOVE|ts=20260120212719|dir=RIGHT
MOVE|ts=20260120212719|dir=RIGHT
MOVE|ts=20260120212719|dir=RIGHT
MOVE|ts=20260120212719|dir=RIGHT
MOVE|ts=20260120212719|dir=DOWN
MOVE|ts=20260120212720|dir=DOWN
MOVE|ts=20260120212720|dir=DOWN
MOVE|ts=20260120212720|dir=DOWN
MOVE|ts=20260120212720|dir=DOWN
MOVE|ts=20260120212720|dir=DOWN
MOVE|ts=20260120212720|dir=DOWN
MOVE|ts=20260120212720|dir=DOWN
MOVE|ts=20260120212720|dir=DOWN
MOVE|ts=20260120212720|dir=DOWN
MOVE|ts=20260120212720|dir=DOWN
MOVE|ts=20260120212720|dir=DOWN
MOVE|ts=20260120212720|dir=DOWN
MOVE|ts=20260120212720|dir=DOWN
MOVE|ts=20260120212720|dir=DOWN
MOVE|ts=20260120212720|dir=DOWN
MOVE|ts=20260120212720|dir=DOWN
MOVE|ts=20260120212720|dir=DOWN
MOVE|ts=20260120212720|dir=DOWN
MOVE|ts=20260120212720|dir=DOWN
MOVE|ts=20260120212720|dir=DOWN
MOVE|ts=20260120212720|dir=DOWN
MOVE|ts=20260120212720|dir=DOWN
MOVE|ts=20260120212720|dir=DOWN
MOVE|ts=20260120212720|dir=DOWN
MOVE|ts=20260120212721|dir=DOWN
MOVE|ts=20260120212721|dir=DOWN
MOVE|ts=20260120212721|dir=DOWN
MOVE|ts=20260120212721|dir=DOWN
MOVE|ts=20260120212721|dir=DOWN
MOVE|ts=20260120212721|dir=DOWN
MOVE|ts=20260120212721|dir=DOWN
MOVE|ts=20260120212721|dir=DOWN
MOVE|ts=20260120212721|dir=DOWN
MOVE|ts=20260120212721|dir=DOWN
MOVE|ts=20260120212721|dir=DOWN
MOVE|ts=20260120212721|dir=DOWN
MOVE|ts=20260120212721|dir=DOWN
MOVE|ts=20260120212721|dir=DOWN
MOVE|ts=20260120212721|dir=DOWN
MOVE|ts=20260120212721|dir=RIGHT
MOVE|ts=20260120212721|dir=DOWN
MOVE|ts=20260120212722|dir=DOWN
MOVE|ts=20260120212722|dir=DOWN
MOVE|ts=20260120212722|dir=DOWN
MOVE|ts=20260120212722|dir=DOWN
MOVE|ts=20260120212722|dir=DOWN
MOVE|ts=20260120212722|dir=DOWN
MOVE|ts=20260120212722|dir=DOWN
MOVE|ts=20260120212722|dir=DOWN
MOVE|ts=20260120212722|dir=DOWN
MOVE|ts=20260120212722|dir=DOWN
MOVE|ts=20260120212722|dir=DOWN
MOVE|ts=20260120212722|dir=DOWN
MOVE|ts=20260120212722|dir=DOWN
MOVE|ts=20260120212722|dir=DOWN
MOVE|ts=20260120212722|dir=DOWN
MOVE|ts=20260120212722|dir=DOWN
MOVE|ts=20260120212722|dir=DOWN
MOVE|ts=20260120212722|dir=DOWN
MOVE|ts=20260120212722|dir=DOWN
MOVE|ts=20260120212723|dir=DOWN
MOVE|ts=20260120212723|dir=DOWN
MOVE|ts=20260120212723|dir=DOWN
MOVE|ts=20260120212723|dir=DOWN
MOVE|ts=20260120212723|dir=DOWN
MOVE|ts=20260120212723|dir=RIGHT
MOVE|ts=20260120212723|dir=RIGHT
MOVE|ts=20260120212723|dir=RIGHT
MOVE|ts=20260120212723|dir=RIGHT
MOVE|ts=20260120212723|dir=RIGHT
MOVE|ts=20260120212723|dir=RIGHT
MOVE|ts=20260120212723|dir=RIGHT
MOVE|ts=20260120212723|dir=RIGHT
MOVE|ts=20260120212723|dir=RIGHT
MOVE|ts=20260120212723|dir=RIGHT
MOVE|ts=20260120212723|dir=RIGHT
MOVE|ts=20260120212724|dir=RIGHT
MOVE|ts=20260120212724|dir=RIGHT
MOVE|ts=20260120212724|dir=RIGHT
MOVE|ts=20260120212724|dir=RIGHT
MOVE|ts=20260120212724|dir=RIGHT
MOVE|ts=20260120212724|dir=RIGHT
MOVE|ts=20260120212724|dir=RIGHT
MOVE|ts=20260120212728|dir=DOWN
MOVE|ts=20260120212729|dir=DOWN
MOVE|ts=20260120212729|dir=DOWN
MOVE|ts=20260120212729|dir=DOWN
MOVE|ts=20260120212729|dir=DOWN
MOVE|ts=20260120212729|dir=DOWN
MOVE|ts=20260120212729|dir=DOWN
MOVE|ts=20260120212729|dir=DOWN
MOVE|ts=20260120212729|dir=LEFT
MOVE|ts=20260120212729|dir=DOWN
MOVE|ts=20260120212730|dir=DOWN
MOVE|ts=20260120212730|dir=LEFT
MOVE|ts=20260120212730|dir=DOWN
MOVE|ts=20260120212730|dir=DOWN
MOVE|ts=20260120212730|dir=DOWN
MOVE|ts=20260120212730|dir=DOWN
MOVE|ts=20260120212730|dir=DOWN
MOVE|ts=20260120212730|dir=DOWN
MOVE|ts=20260120212730|dir=DOWN
MOVE|ts=20260120212730|dir=DOWN
MOVE|ts=20260120212730|dir=DOWN
MOVE|ts=20260120212730|dir=DOWN
MOVE|ts=20260120212731|dir=DOWN
MOVE|ts=20260120212731|dir=DOWN
MOVE|ts=20260120212731|dir=DOWN
MOVE|ts=20260120212731|dir=DOWN
MOVE|ts=20260120212731|dir=DOWN
MOVE|ts=20260120212731|dir=DOWN
MOVE|ts=20260120212731|dir=DOWN
MOVE|ts=20260120212731|dir=DOWN
MOVE|ts=20260120212731|dir=RIGHT
MOVE|ts=20260120212731|dir=DOWN
MOVE|ts=20260120212732|dir=DOWN
MOVE|ts=20260120212732|dir=DOWN
MOVE|ts=20260120212732|dir=DOWN
MOVE|ts=20260120212732|dir=DOWN
MOVE|ts=20260120212732|dir=DOWN
MOVE|ts=20260120212732|dir=DOWN
MOVE|ts=20260120212732|dir=DOWN
MOVE|ts=20260120212732|dir=DOWN
MOVE|ts=20260120212732|dir=DOWN
MOVE|ts=20260120212732|dir=DOWN
MOVE|ts=20260120212732|dir=DOWN
MOVE|ts=20260120212732|dir=DOWN
MOVE|ts=20260120212732|dir=DOWN
MOVE|ts=20260120212732|dir=DOWN
MOVE|ts=20260120212732|dir=DOWN
MOVE|ts=20260120212732|dir=DOWN
MOVE|ts=20260120212732|dir=LEFT
MOVE|ts=20260120212733|dir=DOWN
MOVE|ts=20260120212733|dir=DOWN
MOVE|ts=20260120212733|dir=DOWN
MOVE|ts=20260120212733|dir=DOWN
MOVE|ts=20260120212733|dir=DOWN
MOVE|ts=20260120212733|dir=DOWN
MOVE|ts=20260120212733|dir=DOWN
MOVE|ts=20260120212733|dir=DOWN
MOVE|ts=20260120212733|dir=DOWN
MOVE|ts=20260120212733|dir=DOWN
MOVE|ts=20260120212733|dir=DOWN
MOVE|ts=20260120212733|dir=DOWN
MOVE|ts=20260120212733|dir=DOWN
MOVE|ts=20260120212733|dir=DOWN
MOVE|ts=20260120212734|dir=DOWN
MOVE|ts=20260120212734|dir=DOWN
MOVE|ts=20260120212734|dir=DOWN
MOVE|ts=20260120212734|dir=DOWN
MOVE|ts=20260120212734|dir=DOWN
MOVE|ts=20260120212734|dir=DOWN
MOVE|ts=20260120212734|dir=RIGHT
MOVE|ts=20260120212734|dir=RIGHT
MOVE|ts=20260120212734|dir=RIGHT
MOVE|ts=20260120212734|dir=RIGHT
MOVE|ts=20260120212734|dir=RIGHT
MOVE|ts=20260120212734|dir=RIGHT
MOVE|ts=20260120212734|dir=RIGHT
MOVE|ts=20260120212734|dir=RIGHT
MOVE|ts=20260120212734|dir=RIGHT
MOVE|ts=20260120212734|dir=RIGHT
MOVE|ts=20260120212735|dir=RIGHT
MOVE|ts=20260120212735|dir=RIGHT
MOVE|ts=20260120212735|dir=RIGHT
MOVE|ts=20260120212735|dir=RIGHT
MOVE|ts=20260120212735|dir=RIGHT
MOVE|ts=20260120212735|dir=RIGHT
MOVE|ts=20260120212735|dir=RIGHT
MOVE|ts=20260120212735|dir=RIGHT
MOVE|ts=20260120212735|dir=RIGHT
MOVE|ts=20260120212735|dir=RIGHT
MOVE|ts=20260120212735|dir=RIGHT
MOVE|ts=20260120212735|dir=RIGHT
MOVE|ts=20260120212735|dir=RIGHT
MOVE|ts=20260120212735|dir=RIGHT
MOVE|ts=20260120212735|dir=RIGHT
MOVE|ts=20260120212735|dir=RIGHT
MOVE|ts=20260120212735|dir=RIGHT
MOVE|ts=20260120212735|dir=RIGHT
MOVE|ts=20260120212735|dir=RIGHT
MOVE|ts=20260120212735|dir=RIGHT
MOVE|ts=20260120212735|dir=RIGHT
MOVE|ts=20260120212735|dir=RIGHT
MOVE|ts=20260120212735|dir=RIGHT
MOVE|ts=20260120212735|dir=RIGHT
MOVE|ts=20260120212735|dir=RIGHT
MOVE|ts=20260120212735|dir=RIGHT
MOVE|ts=20260120212735|dir=DOWN
MOVE|ts=20260120212736|dir=DOWN
MOVE|ts=20260120212736|dir=DOWN
MOVE|ts=20260120212736|dir=DOWN
MOVE|ts=20260120212736|dir=DOWN
MOVE|ts=20260120212736|dir=DOWN
MOVE|ts=20260120212736|dir=DOWN
MOVE|ts=20260120212736|dir=DOWN
MOVE|ts=20260120212736|dir=DOWN
MOVE|ts=20260120212736|dir=RIGHT
MOVE|ts=20260120212737|dir=RIGHT
MOVE|ts=20260120212737|dir=RIGHT
MOVE|ts=20260120212737|dir=RIGHT
MOVE|ts=20260120212737|dir=RIGHT
MOVE|ts=20260120212737|dir=RIGHT
MOVE|ts=20260120212737|dir=RIGHT
MOVE|ts=20260120212737|dir=RIGHT
MOVE|ts=20260120212737|dir=RIGHT
MOVE|ts=20260120212737|dir=RIGHT
MOVE|ts=20260120212737|dir=RIGHT
MOVE|ts=20260120212737|dir=RIGHT
MOVE|ts=20260120212737|dir=RIGHT
MOVE|ts=20260120212737|dir=DOWN
MOVE|ts=20260120212738|dir=DOWN
MOVE|ts=20260120212738|dir=DOWN
MOVE|ts=20260120212738|dir=DOWN
MOVE|ts=20260120212738|dir=DOWN
MOVE|ts=20260120212738|dir=DOWN
MOVE|ts=20260120212738|dir=DOWN
MOVE|ts=20260120212738|dir=DOWN
MOVE|ts=20260120212738|dir=DOWN
MOVE|ts=20260120212738|dir=DOWN
MOVE|ts=20260120212738|dir=DOWN
MOVE|ts=20260120212738|dir=DOWN
MOVE|ts=20260120212738|dir=DOWN
MOVE|ts=20260120212738|dir=DOWN
MOVE|ts=20260120212738|dir=DOWN
MOVE|ts=20260120212738|dir=DOWN
MOVE|ts=20260120212738|dir=DOWN
MOVE|ts=20260120212738|dir=DOWN
MOVE|ts=20260120212738|dir=DOWN
MOVE|ts=20260120212738|dir=DOWN
MOVE|ts=20260120212738|dir=DOWN
MOVE|ts=20260120212738|dir=DOWN
MOVE|ts=20260120212738|dir=DOWN
MOVE|ts=20260120212738|dir=DOWN
MOVE|ts=20260120212739|dir=DOWN
MOVE|ts=20260120212739|dir=DOWN
MOVE|ts=20260120212739|dir=DOWN
MOVE|ts=20260120212739|dir=DOWN
MOVE|ts=20260120212739|dir=DOWN
MOVE|ts=20260120212739|dir=DOWN
MOVE|ts=20260120212739|dir=DOWN
MOVE|ts=20260120212739|dir=DOWN
MOVE|ts=20260120212739|dir=DOWN
MOVE|ts=20260120212739|dir=DOWN
MOVE|ts=20260120212739|dir=DOWN
MOVE|ts=20260120212739|dir=DOWN
MOVE|ts=20260120212739|dir=DOWN
MOVE|ts=20260120212739|dir=DOWN
MOVE|ts=20260120212739|dir=DOWN
MOVE|ts=20260120212739|dir=DOWN
MOVE|ts=20260120212739|dir=DOWN
MOVE|ts=20260120212739|dir=DOWN
MOVE|ts=20260120212739|dir=DOWN
MOVE|ts=20260120212739|dir=DOWN
MOVE|ts=20260120212739|dir=DOWN
MOVE|ts=20260120212739|dir=DOWN
MOVE|ts=20260120212739|dir=DOWN
MOVE|ts=20260120212739|dir=DOWN
MOVE|ts=20260120212739|dir=DOWN
MOVE|ts=20260120212739|dir=DOWN
MOVE|ts=20260120212739|dir=DOWN
MOVE|ts=20260120212739|dir=DOWN
MOVE|ts=20260120212739|dir=DOWN
MOVE|ts=20260120212739|dir=DOWN
MOVE|ts=20260120212740|dir=DOWN
MOVE|ts=20260120212740|dir=DOWN
MOVE|ts=20260120212740|dir=DOWN
MOVE|ts=20260120212740|dir=DOWN
MOVE|ts=20260120212740|dir=DOWN
MOVE|ts=20260120212740|dir=DOWN
MOVE|ts=20260120212740|dir=RIGHT
MOVE|ts=20260120212740|dir=RIGHT
MOVE|ts=20260120212740|dir=DOWN
MOVE|ts=20260120212745|dir=DOWN
MOVE|ts=20260120212746|dir=DOWN
MOVE|ts=20260120212746|dir=DOWN
MOVE|ts=20260120212746|dir=DOWN
MOVE|ts=20260120212746|dir=DOWN
MOVE|ts=20260120212746|dir=DOWN
MOVE|ts=20260120212746|dir=DOWN
MOVE|ts=20260120212746|dir=DOWN
MOVE|ts=20260120212746|dir=DOWN
MOVE|ts=20260120212746|dir=DOWN
MOVE|ts=20260120212746|dir=DOWN
MOVE|ts=20260120212746|dir=DOWN
MOVE|ts=20260120212746|dir=DOWN
MOVE|ts=20260120212746|dir=DOWN
MOVE|ts=20260120212746|dir=LEFT
MOVE|ts=20260120212746|dir=DOWN
MOVE|ts=20260120212747|dir=DOWN
MOVE|ts=20260120212747|dir=DOWN
MOVE|ts=20260120212747|dir=DOWN
MOVE|ts=20260120212747|dir=DOWN
MOVE|ts=20260120212747|dir=DOWN
MOVE|ts=20260120212747|dir=DOWN
MOVE|ts=20260120212747|dir=DOWN
MOVE|ts=20260120212747|dir=DOWN
MOVE|ts=20260120212747|dir=DOWN
MOVE|ts=20260120212747|dir=DOWN
MOVE|ts=20260120212747|dir=LEFT
MOVE|ts=20260120212747|dir=DOWN
MOVE|ts=20260120212748|dir=DOWN
MOVE|ts=20260120212748|dir=DOWN
MOVE|ts=20260120212748|dir=DOWN
MOVE|ts=20260120212748|dir=DOWN
MOVE|ts=20260120212748|dir=DOWN
MOVE|ts=20260120212748|dir=DOWN
MOVE|ts=20260120212748|dir=DOWN
MOVE|ts=20260120212748|dir=DOWN
MOVE|ts=20260120212748|dir=DOWN
MOVE|ts=20260120212748|dir=DOWN
MOVE|ts=20260120212748|dir=DOWN
MOVE|ts=20260120212748|dir=DOWN
MOVE|ts=20260120212748|dir=DOWN
MOVE|ts=20260120212748|dir=DOWN
MOVE|ts=20260120212748|dir=DOWN
MOVE|ts=20260120212748|dir=DOWN
MOVE|ts=20260120212749|dir=DOWN
MOVE|ts=20260120212749|dir=DOWN
MOVE|ts=20260120212749|dir=DOWN
MOVE|ts=20260120212749|dir=DOWN
MOVE|ts=20260120212749|dir=DOWN
MOVE|ts=20260120212749|dir=DOWN
MOVE|ts=20260120212749|dir=DOWN
MOVE|ts=20260120212749|dir=DOWN
MOVE|ts=20260120212749|dir=DOWN
MOVE|ts=20260120212749|dir=DOWN
MOVE|ts=20260120212749|dir=DOWN
MOVE|ts=20260120212749|dir=DOWN
MOVE|ts=20260120212749|dir=DOWN
MOVE|ts=20260120212749|dir=DOWN
MOVE|ts=20260120212749|dir=DOWN
MOVE|ts=20260120212749|dir=DOWN
MOVE|ts=20260120212749|dir=DOWN
MOVE|ts=20260120212749|dir=DOWN
MOVE|ts=20260120212749|dir=DOWN
MOVE|ts=20260120212749|dir=DOWN
MOVE|ts=20260120212749|dir=DOWN
MOVE|ts=20260120212749|dir=DOWN
MOVE|ts=20260120212749|dir=DOWN
MOVE|ts=20260120212749|dir=DOWN
MOVE|ts=20260120212749|dir=DOWN
MOVE|ts=20260120212749|dir=DOWN
MOVE|ts=20260120212749|dir=DOWN
MOVE|ts=20260120212749|dir=DOWN
MOVE|ts=20260120212749|dir=DOWN
MOVE|ts=20260120212749|dir=DOWN
MOVE|ts=20260120212750|dir=DOWN
MOVE|ts=20260120212750|dir=DOWN
MOVE|ts=20260120212750|dir=DOWN
MOVE|ts=20260120212750|dir=LEFT
MOVE|ts=20260120212750|dir=DOWN
MOVE|ts=20260120212750|dir=DOWN
MOVE|ts=20260120212751|dir=DOWN
MOVE|ts=20260120212751|dir=RIGHT
MOVE|ts=20260120212751|dir=DOWN
MOVE|ts=20260120212751|dir=RIGHT
MOVE|ts=20260120212752|dir=RIGHT
MOVE|ts=20260120212752|dir=DOWN
MOVE|ts=20260120212755|dir=UP
MOVE|ts=20260120212755|dir=RIGHT
MOVE|ts=20260120212757|dir=LEFT
MOVE|ts=20260120212758|dir=UP
MOVE|ts=20260120212758|dir=LEFT
MOVE|ts=20260120212759|dir=LEFT
MOVE|ts=20260120212800|dir=LEFT
MOVE|ts=20260120212805|dir=LEFT
MOVE|ts=20260120212805|dir=DOWN
MOVE|ts=20260120212806|dir=DOWN
MOVE|ts=20260120212809|dir=UP
MOVE|ts=20260120212810|dir=RIGHT
MOVE|ts=20260120212810|dir=UP
MOVE|ts=20260120212811|dir=UP
MOVE|ts=20260120212811|dir=UP
MOVE|ts=20260120212812|dir=UP
MOVE|ts=20260120212812|dir=UP
MOVE|ts=20260120212812|dir=UP
MOVE|ts=20260120212812|dir=UP
MOVE|ts=20260120212813|dir=UP
MOVE|ts=20260120212813|dir=UP
MOVE|ts=20260120212813|dir=UP
MOVE|ts=20260120212813|dir=UP
MOVE|ts=20260120212813|dir=UP
MOVE|ts=20260120212813|dir=UP
MOVE|ts=20260120212813|dir=UP
MOVE|ts=20260120212813|dir=UP
MOVE|ts=20260120212813|dir=UP
MOVE|ts=20260120212813|dir=UP
MOVE|ts=20260120212813|dir=UP
MOVE|ts=20260120212813|dir=UP
MOVE|ts=20260120212814|dir=UP
MOVE|ts=20260120212814|dir=UP
MOVE|ts=20260120212815|dir=UP
MOVE|ts=20260120212815|dir=UP
MOVE|ts=20260120212815|dir=UP
MOVE|ts=20260120212815|dir=UP
MOVE|ts=20260120212815|dir=UP
MOVE|ts=20260120212815|dir=UP
MOVE|ts=20260120212815|dir=UP
MOVE|ts=20260120212815|dir=UP
MOVE|ts=20260120212815|dir=UP
MOVE|ts=20260120212815|dir=UP
MOVE|ts=20260120212815|dir=UP
MOVE|ts=20260120212815|dir=UP
MOVE|ts=20260120212815|dir=UP
MOVE|ts=20260120212815|dir=UP
MOVE|ts=20260120212815|dir=UP
MOVE|ts=20260120212815|dir=UP
MOVE|ts=20260120212815|dir=UP
MOVE|ts=20260120212815|dir=UP
MOVE|ts=20260120212815|dir=UP
MOVE|ts=20260120212815|dir=UP
MOVE|ts=20260120212815|dir=UP
MOVE|ts=20260120212815|dir=UP
MOVE|ts=20260120212815|dir=UP
MOVE|ts=20260120212815|dir=UP
MOVE|ts=20260120212815|dir=UP
MOVE|ts=20260120212815|dir=UP
MOVE|ts=20260120212815|dir=UP
MOVE|ts=20260120212815|dir=UP
MOVE|ts=20260120212816|dir=UP
MOVE|ts=20260120212816|dir=UP
MOVE|ts=20260120212816|dir=UP
MOVE|ts=20260120212816|dir=UP
MOVE|ts=20260120212816|dir=UP
MOVE|ts=20260120212816|dir=UP
MOVE|ts=20260120212816|dir=UP
MOVE|ts=20260120212816|dir=UP
MOVE|ts=20260120212816|dir=UP
MOVE|ts=20260120212816|dir=UP
MOVE|ts=20260120212816|dir=UP
MOVE|ts=20260120212816|dir=UP
MOVE|ts=20260120212816|dir=UP
MOVE|ts=20260120212816|dir=UP
MOVE|ts=20260120212816|dir=UP
MOVE|ts=20260120212816|dir=UP
MOVE|ts=20260120212816|dir=UP
MOVE|ts=20260120212816|dir=UP
MOVE|ts=20260120212816|dir=UP
MOVE|ts=20260120212816|dir=UP
MOVE|ts=20260120212816|dir=UP
MOVE|ts=20260120212816|dir=UP
MOVE|ts=20260120212817|dir=UP
MOVE|ts=20260120212817|dir=UP
MOVE|ts=20260120212817|dir=UP
MOVE|ts=20260120212817|dir=UP
MOVE|ts=20260120212817|dir=UP
MOVE|ts=20260120212817|dir=UP
MOVE|ts=20260120212817|dir=UP
MOVE|ts=20260120212817|dir=UP
MOVE|ts=20260120212817|dir=UP
MOVE|ts=20260120212817|dir=UP
MOVE|ts=20260120212817|dir=UP
MOVE|ts=20260120212817|dir=UP
MOVE|ts=20260120212817|dir=UP
MOVE|ts=20260120212817|dir=UP
MOVE|ts=20260120212817|dir=UP
MOVE|ts=20260120212817|dir=UP
MOVE|ts=20260120212817|dir=UP
MOVE|ts=20260120212817|dir=UP
MOVE|ts=20260120212817|dir=UP
MOVE|ts=20260120212817|dir=UP
MOVE|ts=20260120212817|dir=UP
MOVE|ts=20260120212817|dir=UP
MOVE|ts=20260120212817|dir=UP
MOVE|ts=20260120212817|dir=UP
MOVE|ts=20260120212817|dir=UP
MOVE|ts=20260120212826|dir=UP
MOVE|ts=20260120212827|dir=UP
MOVE|ts=20260120212827|dir=UP
MOVE|ts=20260120212827|dir=UP
MOVE|ts=20260120212827|dir=UP
MOVE|ts=20260120212827|dir=UP
MOVE|ts=20260120212827|dir=UP
MOVE|ts=20260120212827|dir=UP
MOVE|ts=20260120212827|dir=UP
MOVE|ts=20260120212827|dir=UP
MOVE|ts=20260120212827|dir=UP
MOVE|ts=20260120212827|dir=UP
MOVE|ts=20260120212827|dir=UP
MOVE|ts=20260120212827|dir=UP
MOVE|ts=20260120212827|dir=LEFT
MOVE|ts=20260120212828|dir=UP
MOVE|ts=20260120212828|dir=UP
MOVE|ts=20260120212828|dir=UP
MOVE|ts=20260120212828|dir=UP
MOVE|ts=20260120212828|dir=UP
MOVE|ts=20260120212828|dir=UP
MOVE|ts=20260120212828|dir=UP
MOVE|ts=20260120212828|dir=UP
MOVE|ts=20260120212828|dir=UP
MOVE|ts=20260120212828|dir=UP
MOVE|ts=20260120212828|dir=UP
MOVE|ts=20260120212828|dir=UP
MOVE|ts=20260120212828|dir=UP
MOVE|ts=20260120212828|dir=UP
MOVE|ts=20260120212828|dir=UP
MOVE|ts=20260120212837|dir=LEFT
MOVE|ts=20260120212838|dir=DOWN
MOVE|ts=20260120212838|dir=DOWN
MOVE|ts=20260120212908|dir=UP
MOVE|ts=20260120212909|dir=UP
MOVE|ts=20260120212910|dir=UP
MOVE|ts=20260120212910|dir=UP
MOVE|ts=20260120212910|dir=UP
MOVE|ts=20260120212910|dir=UP
MOVE|ts=20260120212910|dir=UP
MOVE|ts=20260120212910|dir=UP
MOVE|ts=20260120212910|dir=UP
MOVE|ts=20260120212910|dir=UP
MOVE|ts=20260120212910|dir=UP
MOVE|ts=20260120212910|dir=UP
MOVE|ts=20260120212910|dir=UP
MOVE|ts=20260120212910|dir=UP
MOVE|ts=20260120212910|dir=UP
MOVE|ts=20260120212910|dir=UP
MOVE|ts=20260120212910|dir=UP
MOVE|ts=20260120212910|dir=UP
MOVE|ts=20260120212910|dir=UP
MOVE|ts=20260120212910|dir=UP
MOVE|ts=20260120212910|dir=UP
MOVE|ts=20260120212910|dir=UP
MOVE|ts=20260120212910|dir=UP
MOVE|ts=20260120212920|dir=LEFT
MOVE|ts=20260120212921|dir=LEFT
MOVE|ts=20260120212921|dir=UP
MOVE|ts=20260120212925|dir=LEFT
MOVE|ts=20260120212930|dir=DOWN
MOVE|ts=20260120212931|dir=RIGHT
MOVE|ts=20260120212931|dir=RIGHT
MOVE|ts=20260120212931|dir=RIGHT
MOVE|ts=20260120212931|dir=RIGHT
MOVE|ts=20260120212931|dir=RIGHT
MOVE|ts=20260120212931|dir=RIGHT
MOVE|ts=20260120212931|dir=RIGHT
MOVE|ts=20260120212931|dir=RIGHT
MOVE|ts=20260120212931|dir=RIGHT
MOVE|ts=20260120212932|dir=RIGHT
MOVE|ts=20260120212932|dir=RIGHT
MOVE|ts=20260120212932|dir=RIGHT
MOVE|ts=20260120212932|dir=RIGHT
MOVE|ts=20260120212932|dir=RIGHT
MOVE|ts=20260120212932|dir=RIGHT
MOVE|ts=20260120212932|dir=RIGHT
MOVE|ts=20260120212932|dir=RIGHT
MOVE|ts=20260120212932|dir=RIGHT
MOVE|ts=20260120212932|dir=RIGHT
MOVE|ts=20260120212932|dir=RIGHT
MOVE|ts=20260120212932|dir=RIGHT
MOVE|ts=20260120212932|dir=RIGHT
MOVE|ts=20260120212932|dir=RIGHT
MOVE|ts=20260120212932|dir=RIGHT
MOVE|ts=20260120212932|dir=RIGHT
MOVE|ts=20260120212932|dir=RIGHT
MOVE|ts=20260120212932|dir=RIGHT
MOVE|ts=20260120212932|dir=RIGHT
MOVE|ts=20260120212932|dir=DOWN
MOVE|ts=20260120212933|dir=RIGHT
MOVE|ts=20260120212933|dir=RIGHT
MOVE|ts=20260120212933|dir=DOWN
MOVE|ts=20260120212934|dir=RIGHT
MOVE|ts=20260120212935|dir=RIGHT
MOVE|ts=20260120212936|dir=RIGHT
MOVE|ts=20260120212936|dir=RIGHT
MOVE|ts=20260120212937|dir=RIGHT
MOVE|ts=20260120212937|dir=RIGHT
MOVE|ts=20260120212937|dir=RIGHT
MOVE|ts=20260120212937|dir=RIGHT
MOVE|ts=20260120212937|dir=RIGHT
MOVE|ts=20260120212937|dir=RIGHT
MOVE|ts=20260120212937|dir=RIGHT
MOVE|ts=20260120212937|dir=RIGHT
MOVE|ts=20260120212937|dir=UP
MOVE|ts=20260120212938|dir=UP
MOVE|ts=20260120212938|dir=UP
MOVE|ts=20260120212938|dir=RIGHT
MOVE|ts=20260120212938|dir=RIGHT
MOVE|ts=20260120212938|dir=RIGHT
MOVE|ts=20260120212938|dir=RIGHT
MOVE|ts=20260120212938|dir=RIGHT
MOVE|ts=20260120212938|dir=RIGHT
MOVE|ts=20260120212938|dir=RIGHT
MOVE|ts=20260120212938|dir=RIGHT
MOVE|ts=20260120212938|dir=RIGHT
MOVE|ts=20260120212938|dir=RIGHT
MOVE|ts=20260120212939|dir=RIGHT
MOVE|ts=20260120212939|dir=RIGHT
MOVE|ts=20260120212939|dir=RIGHT
MOVE|ts=20260120212939|dir=RIGHT
MOVE|ts=20260120212939|dir=RIGHT
MOVE|ts=20260120212939|dir=RIGHT
MOVE|ts=20260120212939|dir=RIGHT
MOVE|ts=20260120212939|dir=RIGHT
MOVE|ts=20260120212939|dir=RIGHT
MOVE|ts=20260120212939|dir=RIGHT
MOVE|ts=20260120212939|dir=RIGHT
MOVE|ts=20260120212939|dir=RIGHT
MOVE|ts=20260120212939|dir=RIGHT
MOVE|ts=20260120212939|dir=RIGHT
MOVE|ts=20260120212939|dir=RIGHT
MOVE|ts=20260120212939|dir=RIGHT
MOVE|ts=20260120212939|dir=RIGHT
MOVE|ts=20260120212939|dir=RIGHT
MOVE|ts=20260120212939|dir=RIGHT
MOVE|ts=20260120212939|dir=RIGHT
MOVE|ts=20260120212939|dir=RIGHT
MOVE|ts=20260120212939|dir=RIGHT
MOVE|ts=20260120212939|dir=RIGHT
MOVE|ts=20260120212939|dir=RIGHT
MOVE|ts=20260120212939|dir=RIGHT
MOVE|ts=20260120212939|dir=RIGHT
MOVE|ts=20260120212939|dir=RIGHT
MOVE|ts=20260120212939|dir=RIGHT
MOVE|ts=20260120212939|dir=RIGHT
MOVE|ts=20260120212939|dir=RIGHT
MOVE|ts=20260120212940|dir=RIGHT
MOVE|ts=20260120212940|dir=UP
MOVE|ts=20260120212940|dir=UP
MOVE|ts=20260120212940|dir=UP
MOVE|ts=20260120212940|dir=UP
MOVE|ts=20260120212940|dir=UP
MOVE|ts=20260120212940|dir=UP
MOVE|ts=20260120212940|dir=UP
MOVE|ts=20260120212940|dir=UP
MOVE|ts=20260120212940|dir=UP
MOVE|ts=20260120212940|dir=UP
MOVE|ts=20260120212940|dir=UP
MOVE|ts=20260120212940|dir=UP
MOVE|ts=20260120212941|dir=UP
MOVE|ts=20260120212941|dir=UP
MOVE|ts=20260120212941|dir=UP
MOVE|ts=20260120212941|dir=UP
MOVE|ts=20260120212941|dir=UP
MOVE|ts=20260120212941|dir=UP
MOVE|ts=20260120212941|dir=UP
MOVE|ts=20260120212941|dir=UP
MOVE|ts=20260120212941|dir=UP
MOVE|ts=20260120212941|dir=UP
MOVE|ts=20260120212941|dir=UP
MOVE|ts=20260120212941|dir=UP
MOVE|ts=20260120212941|dir=UP
MOVE|ts=20260120212941|dir=UP
MOVE|ts=20260120212941|dir=UP
MOVE|ts=20260120212941|dir=UP
MOVE|ts=20260120212941|dir=UP
MOVE|ts=20260120212941|dir=UP
MOVE|ts=20260120212941|dir=UP
MOVE|ts=20260120212941|dir=UP
MOVE|ts=20260120212941|dir=UP
MOVE|ts=20260120212941|dir=UP
MOVE|ts=20260120212941|dir=UP
MOVE|ts=20260120212941|dir=UP
MOVE|ts=20260120212941|dir=UP
MOVE|ts=20260120212941|dir=UP
MOVE|ts=20260120212941|dir=UP
MOVE|ts=20260120212941|dir=UP
MOVE|ts=20260120212941|dir=UP
MOVE|ts=20260120212941|dir=UP
MOVE|ts=20260120212941|dir=UP
MOVE|ts=20260120212942|dir=UP
MOVE|ts=20260120212942|dir=UP
MOVE|ts=20260120212942|dir=UP
MOVE|ts=20260120212942|dir=UP
MOVE|ts=20260120212942|dir=UP
MOVE|ts=20260120212942|dir=UP
MOVE|ts=20260120212942|dir=UP
MOVE|ts=20260120212942|dir=UP
MOVE|ts=20260120212942|dir=UP
MOVE|ts=20260120212942|dir=UP
MOVE|ts=20260120212942|dir=UP
MOVE|ts=20260120212942|dir=UP
MOVE|ts=20260120212942|dir=UP
MOVE|ts=20260120212942|dir=UP
MOVE|ts=20260120212942|dir=UP
MOVE|ts=20260120212942|dir=UP
MOVE|ts=20260120212942|dir=UP
MOVE|ts=20260120212942|dir=UP
MOVE|ts=20260120212942|dir=UP
MOVE|ts=20260120212942|dir=UP
MOVE|ts=20260120212942|dir=UP
MOVE|ts=20260120212942|dir=UP
MOVE|ts=20260120212942|dir=UP
MOVE|ts=20260120212942|dir=UP
MOVE|ts=20260120212942|dir=UP
MOVE|ts=20260120212942|dir=UP
MOVE|ts=20260120212942|dir=UP
MOVE|ts=20260120212942|dir=UP
MOVE|ts=20260120212942|dir=UP
MOVE|ts=20260120212942|dir=UP
MOVE|ts=20260120212943|dir=UP
MOVE|ts=20260120212943|dir=UP
MOVE|ts=20260120212943|dir=UP
MOVE|ts=20260120212943|dir=UP
MOVE|ts=20260120212943|dir=UP
MOVE|ts=20260120212943|dir=UP
MOVE|ts=20260120212943|dir=UP
MOVE|ts=20260120212943|dir=UP
MOVE|ts=20260120212943|dir=UP
MOVE|ts=20260120212943|dir=UP
MOVE|ts=20260120212943|dir=UP
MOVE|ts=20260120212943|dir=UP
MOVE|ts=20260120212943|dir=UP
MOVE|ts=20260120212943|dir=UP
MOVE|ts=20260120212943|dir=UP
MOVE|ts=20260120212943|dir=UP
MOVE|ts=20260120212943|dir=UP
MOVE|ts=20260120212943|dir=UP
MOVE|ts=20260120212943|dir=UP
MOVE|ts=20260120212943|dir=UP
MOVE|ts=20260120212943|dir=UP
MOVE|ts=20260120212943|dir=UP
MOVE|ts=20260120212943|dir=UP
MOVE|ts=20260120212943|dir=UP
MOVE|ts=20260120212943|dir=UP
MOVE|ts=20260120212943|dir=UP
MOVE|ts=20260120212943|dir=UP
MOVE|ts=20260120212943|dir=UP
MOVE|ts=20260120212943|dir=UP
MOVE|ts=20260120212943|dir=UP
MOVE|ts=20260120212943|dir=UP
MOVE|ts=20260120212944|dir=UP
MOVE|ts=20260120212944|dir=UP
MOVE|ts=20260120212944|dir=UP
MOVE|ts=20260120212944|dir=UP
MOVE|ts=20260120212944|dir=UP
MOVE|ts=20260120212944|dir=UP
MOVE|ts=20260120212944|dir=RIGHT
MOVE|ts=20260120212944|dir=RIGHT
MOVE|ts=20260120212944|dir=RIGHT
MOVE|ts=20260120212944|dir=RIGHT
MOVE|ts=20260120212944|dir=RIGHT
MOVE|ts=20260120212944|dir=RIGHT
MOVE|ts=20260120212944|dir=RIGHT
MOVE|ts=20260120212944|dir=RIGHT
MOVE|ts=20260120212944|dir=RIGHT
MOVE|ts=20260120212944|dir=RIGHT
MOVE|ts=20260120212945|dir=RIGHT
MOVE|ts=20260120212945|dir=RIGHT
MOVE|ts=20260120212945|dir=RIGHT
MOVE|ts=20260120212945|dir=RIGHT
MOVE|ts=20260120212945|dir=RIGHT
MOVE|ts=20260120212945|dir=RIGHT
MOVE|ts=20260120212945|dir=RIGHT
MOVE|ts=20260120212945|dir=RIGHT
MOVE|ts=20260120212945|dir=RIGHT
MOVE|ts=20260120212945|dir=RIGHT
MOVE|ts=20260120212945|dir=RIGHT
MOVE|ts=20260120212945|dir=RIGHT
MOVE|ts=20260120212945|dir=RIGHT
MOVE|ts=20260120212945|dir=RIGHT
MOVE|ts=20260120212945|dir=RIGHT
MOVE|ts=20260120212945|dir=RIGHT
MOVE|ts=20260120212945|dir=RIGHT
MOVE|ts=20260120212945|dir=RIGHT
MOVE|ts=20260120212945|dir=RIGHT
MOVE|ts=20260120212945|dir=RIGHT
MOVE|ts=20260120212945|dir=RIGHT
MOVE|ts=20260120212945|dir=RIGHT
MOVE|ts=20260120212945|dir=RIGHT
MOVE|ts=20260120212945|dir=RIGHT
MOVE|ts=20260120212945|dir=RIGHT
MOVE|ts=20260120212945|dir=RIGHT
MOVE|ts=20260120212945|dir=RIGHT
MOVE|ts=20260120212945|dir=RIGHT
MOVE|ts=20260120212945|dir=RIGHT
MOVE|ts=20260120212945|dir=RIGHT
MOVE|ts=20260120212946|dir=RIGHT
MOVE|ts=20260120212946|dir=RIGHT
MOVE|ts=20260120212946|dir=RIGHT
MOVE|ts=20260120212946|dir=RIGHT
MOVE|ts=20260120212946|dir=RIGHT
MOVE|ts=20260120212946|dir=RIGHT
MOVE|ts=20260120212946|dir=RIGHT
MOVE|ts=20260120212946|dir=RIGHT
MOVE|ts=20260120212946|dir=RIGHT
MOVE|ts=20260120212946|dir=RIGHT
MOVE|ts=20260120212946|dir=RIGHT
MOVE|ts=20260120212946|dir=RIGHT
MOVE|ts=20260120212946|dir=RIGHT
MOVE|ts=20260120212946|dir=RIGHT
MOVE|ts=20260120212946|dir=RIGHT
MOVE|ts=20260120212946|dir=RIGHT
MOVE|ts=20260120212946|dir=RIGHT
MOVE|ts=20260120212946|dir=RIGHT
MOVE|ts=20260120212946|dir=RIGHT
MOVE|ts=20260120212946|dir=RIGHT
MOVE|ts=20260120212946|dir=RIGHT
MOVE|ts=20260120212946|dir=RIGHT
MOVE|ts=20260120212946|dir=RIGHT
MOVE|ts=20260120212946|dir=RIGHT
MOVE|ts=20260120212946|dir=RIGHT
MOVE|ts=20260120212946|dir=RIGHT
MOVE|ts=20260120212946|dir=RIGHT
MOVE|ts=20260120212946|dir=RIGHT
MOVE|ts=20260120212946|dir=RIGHT
MOVE|ts=20260120212946|dir=RIGHT
MOVE|ts=20260120212947|dir=DOWN
MOVE|ts=20260120212948|dir=RIGHT
MOVE|ts=20260120212948|dir=RIGHT
MOVE|ts=20260120212948|dir=RIGHT
MOVE|ts=20260120212948|dir=RIGHT
MOVE|ts=20260120212948|dir=RIGHT
MOVE|ts=20260120212948|dir=RIGHT
MOVE|ts=20260120212948|dir=RIGHT
MOVE|ts=20260120212949|dir=RIGHT
MOVE|ts=20260120212949|dir=RIGHT
MOVE|ts=20260120212949|dir=RIGHT
MOVE|ts=20260120212949|dir=RIGHT
MOVE|ts=20260120212949|dir=RIGHT
MOVE|ts=20260120212949|dir=RIGHT
MOVE|ts=20260120212949|dir=RIGHT
MOVE|ts=20260120212949|dir=UP
MOVE|ts=20260120212949|dir=UP
MOVE|ts=20260120212949|dir=UP
MOVE|ts=20260120212949|dir=UP
MOVE|ts=20260120212949|dir=UP
MOVE|ts=20260120212949|dir=UP
MOVE|ts=20260120212949|dir=UP
MOVE|ts=20260120212949|dir=UP
MOVE|ts=20260120212950|dir=LEFT
MOVE|ts=20260120212950|dir=UP
MOVE|ts=20260120212950|dir=RIGHT
MOVE|ts=20260120212951|dir=RIGHT
MOVE|ts=20260120212951|dir=RIGHT
MOVE|ts=20260120212951|dir=RIGHT
MOVE|ts=20260120212951|dir=RIGHT
MOVE|ts=20260120212951|dir=RIGHT
MOVE|ts=20260120212951|dir=RIGHT
MOVE|ts=20260120212951|dir=RIGHT
MOVE|ts=20260120212951|dir=RIGHT
MOVE|ts=20260120212951|dir=RIGHT
MOVE|ts=20260120212951|dir=RIGHT
MOVE|ts=20260120212951|dir=RIGHT
MOVE|ts=20260120212951|dir=RIGHT
MOVE|ts=20260120212951|dir=RIGHT
MOVE|ts=20260120212951|dir=RIGHT
MOVE|ts=20260120212951|dir=RIGHT
MOVE|ts=20260120212951|dir=RIGHT
MOVE|ts=20260120212951|dir=RIGHT
MOVE|ts=20260120212951|dir=RIGHT
MOVE|ts=20260120212951|dir=RIGHT
MOVE|ts=20260120212951|dir=RIGHT
MOVE|ts=20260120212951|dir=RIGHT
MOVE|ts=20260120212951|dir=RIGHT
MOVE|ts=20260120212951|dir=RIGHT
MOVE|ts=20260120212951|dir=RIGHT
MOVE|ts=20260120212951|dir=RIGHT
MOVE|ts=20260120212951|dir=RIGHT
MOVE|ts=20260120212951|dir=RIGHT
MOVE|ts=20260120212953|dir=RIGHT
MOVE|ts=20260120212953|dir=DOWN
MOVE|ts=20260120212954|dir=RIGHT
MOVE|ts=20260120212954|dir=DOWN
MOVE|ts=20260120212954|dir=RIGHT
MOVE|ts=20260120212955|dir=RIGHT
MOVE|ts=20260120212955|dir=DOWN
MOVE|ts=20260120212955|dir=RIGHT
MOVE|ts=20260120212955|dir=RIGHT
MOVE|ts=20260120212955|dir=RIGHT
MOVE|ts=20260120212956|dir=RIGHT
MOVE|ts=20260120212956|dir=RIGHT
MOVE|ts=20260120212956|dir=RIGHT
MOVE|ts=20260120212956|dir=RIGHT
MOVE|ts=20260120212956|dir=RIGHT
MOVE|ts=20260120212956|dir=RIGHT
MOVE|ts=20260120212956|dir=RIGHT
MOVE|ts=20260120212956|dir=RIGHT
MOVE|ts=20260120212956|dir=RIGHT
MOVE|ts=20260120212956|dir=UP
MOVE|ts=20260120212956|dir=UP
MOVE|ts=20260120212956|dir=UP
MOVE|ts=20260120212956|dir=UP
MOVE|ts=20260120212956|dir=UP
MOVE|ts=20260120212956|dir=UP
MOVE|ts=20260120212957|dir=UP
MOVE|ts=20260120212957|dir=UP
MOVE|ts=20260120212957|dir=UP
MOVE|ts=20260120212957|dir=UP
MOVE|ts=20260120212957|dir=UP
MOVE|ts=20260120212957|dir=RIGHT
MOVE|ts=20260120212957|dir=RIGHT
MOVE|ts=20260120212957|dir=RIGHT
MOVE|ts=20260120212957|dir=RIGHT
MOVE|ts=20260120212957|dir=RIGHT
MOVE|ts=20260120212957|dir=RIGHT
MOVE|ts=20260120212957|dir=RIGHT
MOVE|ts=20260120212957|dir=RIGHT
MOVE|ts=20260120212957|dir=RIGHT
MOVE|ts=20260120212957|dir=RIGHT
MOVE|ts=20260120212957|dir=RIGHT
MOVE|ts=20260120212957|dir=RIGHT
MOVE|ts=20260120212958|dir=RIGHT
MOVE|ts=20260120212958|dir=RIGHT
MOVE|ts=20260120212958|dir=RIGHT
MOVE|ts=20260120212958|dir=RIGHT
MOVE|ts=20260120212958|dir=RIGHT
MOVE|ts=20260120212958|dir=RIGHT
MOVE|ts=20260120212958|dir=RIGHT
MOVE|ts=20260120212958|dir=RIGHT
MOVE|ts=20260120212958|dir=RIGHT
MOVE|ts=20260120212958|dir=RIGHT
MOVE|ts=20260120212958|dir=RIGHT
MOVE|ts=20260120212958|dir=RIGHT
MOVE|ts=20260120212958|dir=RIGHT
MOVE|ts=20260120212958|dir=RIGHT
MOVE|ts=20260120212958|dir=RIGHT
MOVE|ts=20260120212958|dir=RIGHT
MOVE|ts=20260120212958|dir=RIGHT
MOVE|ts=20260120212958|dir=RIGHT
MOVE|ts=20260120212958|dir=RIGHT
MOVE|ts=20260120212958|dir=RIGHT
MOVE|ts=20260120212958|dir=RIGHT
MOVE|ts=20260120212958|dir=RIGHT
MOVE|ts=20260120212958|dir=RIGHT
MOVE|ts=20260120212958|dir=RIGHT
MOVE|ts=20260120212958|dir=RIGHT
MOVE|ts=20260120212958|dir=RIGHT
MOVE|ts=20260120212958|dir=RIGHT
MOVE|ts=20260120212958|dir=RIGHT
MOVE|ts=20260120212958|dir=RIGHT
MOVE|ts=20260120212958|dir=RIGHT
MOVE|ts=20260120212959|dir=RIGHT
MOVE|ts=20260120212959|dir=RIGHT
MOVE|ts=20260120212959|dir=RIGHT
MOVE|ts=20260120212959|dir=RIGHT
MOVE|ts=20260120212959|dir=RIGHT
MOVE|ts=20260120212959|dir=RIGHT
MOVE|ts=20260120212959|dir=RIGHT
MOVE|ts=20260120212959|dir=RIGHT
MOVE|ts=20260120212959|dir=RIGHT
MOVE|ts=20260120212959|dir=RIGHT
MOVE|ts=20260120212959|dir=RIGHT
MOVE|ts=20260120212959|dir=RIGHT
MOVE|ts=20260120212959|dir=RIGHT
MOVE|ts=20260120212959|dir=RIGHT
MOVE|ts=20260120212959|dir=RIGHT
MOVE|ts=20260120212959|dir=RIGHT
MOVE|ts=20260120212959|dir=RIGHT
MOVE|ts=20260120212959|dir=RIGHT
MOVE|ts=20260120212959|dir=RIGHT
MOVE|ts=20260120212959|dir=RIGHT
MOVE|ts=20260120212959|dir=RIGHT
MOVE|ts=20260120212959|dir=RIGHT
MOVE|ts=20260120212959|dir=RIGHT
MOVE|ts=20260120212959|dir=RIGHT
MOVE|ts=20260120212959|dir=RIGHT
MOVE|ts=20260120212959|dir=RIGHT
MOVE|ts=20260120212959|dir=RIGHT
MOVE|ts=20260120212959|dir=RIGHT
MOVE|ts=20260120212959|dir=RIGHT
MOVE|ts=20260120212959|dir=RIGHT
MOVE|ts=20260120213000|dir=RIGHT
MOVE|ts=20260120213000|dir=RIGHT
MOVE|ts=20260120213000|dir=RIGHT
MOVE|ts=20260120213000|dir=RIGHT
MOVE|ts=20260120213030|dir=LEFT
MOVE|ts=20260120213031|dir=DOWN
MOVE|ts=20260120213031|dir=DOWN
MOVE|ts=20260120213031|dir=DOWN
MOVE|ts=20260120213031|dir=DOWN
MOVE|ts=20260120213031|dir=DOWN
MOVE|ts=20260120213031|dir=DOWN
MOVE|ts=20260120213031|dir=LEFT
MOVE|ts=20260120213032|dir=LEFT
MOVE|ts=20260120213032|dir=LEFT
MOVE|ts=20260120213032|dir=LEFT
MOVE|ts=20260120213032|dir=LEFT
MOVE|ts=20260120213032|dir=LEFT
MOVE|ts=20260120213032|dir=LEFT
MOVE|ts=20260120213032|dir=LEFT
MOVE|ts=20260120213032|dir=LEFT
MOVE|ts=20260120213032|dir=LEFT
MOVE|ts=20260120213032|dir=LEFT
MOVE|ts=20260120213032|dir=LEFT
MOVE|ts=20260120213032|dir=LEFT
MOVE|ts=20260120213032|dir=LEFT
MOVE|ts=20260120213032|dir=LEFT
MOVE|ts=20260120213032|dir=DOWN
MOVE|ts=20260120213033|dir=LEFT
MOVE|ts=20260120213033|dir=LEFT
MOVE|ts=20260120213033|dir=LEFT
MOVE|ts=20260120213033|dir=DOWN
MOVE|ts=20260120213034|dir=LEFT
MOVE|ts=20260120213034|dir=LEFT
MOVE|ts=20260120213034|dir=LEFT
MOVE|ts=20260120213034|dir=LEFT
MOVE|ts=20260120213034|dir=LEFT
MOVE|ts=20260120213034|dir=LEFT
MOVE|ts=20260120213034|dir=LEFT
MOVE|ts=20260120213034|dir=LEFT
MOVE|ts=20260120213034|dir=LEFT
MOVE|ts=20260120213034|dir=LEFT
MOVE|ts=20260120213034|dir=LEFT
MOVE|ts=20260120213034|dir=LEFT
MOVE|ts=20260120213035|dir=LEFT
MOVE|ts=20260120213035|dir=LEFT
MOVE|ts=20260120213035|dir=LEFT
MOVE|ts=20260120213035|dir=LEFT
MOVE|ts=20260120213035|dir=LEFT
MOVE|ts=20260120213035|dir=LEFT
MOVE|ts=20260120213035|dir=LEFT
MOVE|ts=20260120213035|dir=LEFT
MOVE|ts=20260120213035|dir=LEFT
MOVE|ts=20260120213035|dir=LEFT
MOVE|ts=20260120213035|dir=LEFT
MOVE|ts=20260120213035|dir=LEFT
MOVE|ts=20260120213035|dir=LEFT
MOVE|ts=20260120213035|dir=LEFT
MOVE|ts=20260120213035|dir=LEFT
MOVE|ts=20260120213035|dir=LEFT
MOVE|ts=20260120213035|dir=LEFT
MOVE|ts=20260120213035|dir=LEFT
MOVE|ts=20260120213035|dir=LEFT
MOVE|ts=20260120213035|dir=LEFT
MOVE|ts=20260120213035|dir=LEFT
MOVE|ts=20260120213035|dir=LEFT
MOVE|ts=20260120213035|dir=LEFT
MOVE|ts=20260120213035|dir=LEFT
MOVE|ts=20260120213035|dir=LEFT
MOVE|ts=20260120213035|dir=LEFT
MOVE|ts=20260120213035|dir=LEFT
MOVE|ts=20260120213035|dir=LEFT
MOVE|ts=20260120213035|dir=LEFT
MOVE|ts=20260120213035|dir=LEFT
MOVE|ts=20260120213035|dir=LEFT
MOVE|ts=20260120213036|dir=LEFT
MOVE|ts=20260120213036|dir=LEFT
MOVE|ts=20260120213036|dir=LEFT
MOVE|ts=20260120213036|dir=LEFT
MOVE|ts=20260120213036|dir=LEFT
MOVE|ts=20260120213036|dir=LEFT
MOVE|ts=20260120213036|dir=LEFT
MOVE|ts=20260120213036|dir=LEFT
MOVE|ts=20260120213036|dir=LEFT
MOVE|ts=20260120213036|dir=LEFT
MOVE|ts=20260120213036|dir=LEFT
MOVE|ts=20260120213036|dir=LEFT
MOVE|ts=20260120213036|dir=LEFT
MOVE|ts=20260120213036|dir=LEFT
MOVE|ts=20260120213036|dir=LEFT
MOVE|ts=20260120213036|dir=LEFT
MOVE|ts=20260120213036|dir=LEFT
MOVE|ts=20260120213036|dir=LEFT
MOVE|ts=20260120213036|dir=LEFT
MOVE|ts=20260120213036|dir=LEFT
MOVE|ts=20260120213036|dir=LEFT
MOVE|ts=20260120213036|dir=LEFT
MOVE|ts=20260120213036|dir=LEFT
MOVE|ts=20260120213036|dir=LEFT
MOVE|ts=20260120213036|dir=LEFT
MOVE|ts=20260120213036|dir=LEFT
MOVE|ts=20260120213036|dir=LEFT
MOVE|ts=20260120213036|dir=LEFT
MOVE|ts=20260120213036|dir=LEFT
MOVE|ts=20260120213036|dir=LEFT
MOVE|ts=20260120213037|dir=LEFT
MOVE|ts=20260120213037|dir=LEFT
MOVE|ts=20260120213037|dir=LEFT
MOVE|ts=20260120213037|dir=LEFT
MOVE|ts=20260120213037|dir=LEFT
MOVE|ts=20260120213037|dir=DOWN
MOVE|ts=20260120213037|dir=LEFT
MOVE|ts=20260120213038|dir=LEFT
MOVE|ts=20260120213039|dir=LEFT
MOVE|ts=20260120213039|dir=LEFT
MOVE|ts=20260120213039|dir=LEFT
MOVE|ts=20260120213039|dir=LEFT
MOVE|ts=20260120213039|dir=LEFT
MOVE|ts=20260120213039|dir=LEFT
MOVE|ts=20260120213039|dir=LEFT
MOVE|ts=20260120213039|dir=LEFT
MOVE|ts=20260120213039|dir=LEFT
MOVE|ts=20260120213039|dir=LEFT
MOVE|ts=20260120213039|dir=LEFT
MOVE|ts=20260120213039|dir=LEFT
MOVE|ts=20260120213039|dir=LEFT
MOVE|ts=20260120213039|dir=LEFT
MOVE|ts=20260120213039|dir=LEFT
MOVE|ts=20260120213039|dir=LEFT
MOVE|ts=20260120213039|dir=LEFT
MOVE|ts=20260120213039|dir=LEFT
MOVE|ts=20260120213039|dir=LEFT
MOVE|ts=20260120213039|dir=LEFT
MOVE|ts=20260120213039|dir=LEFT
MOVE|ts=20260120213039|dir=LEFT
MOVE|ts=20260120213039|dir=LEFT
MOVE|ts=20260120213039|dir=LEFT
MOVE|ts=20260120213039|dir=LEFT
MOVE|ts=20260120213039|dir=LEFT
MOVE|ts=20260120213039|dir=LEFT
MOVE|ts=20260120213039|dir=LEFT
MOVE|ts=20260120213039|dir=LEFT
MOVE|ts=20260120213039|dir=LEFT
MOVE|ts=20260120213039|dir=LEFT
MOVE|ts=20260120213040|dir=LEFT
MOVE|ts=20260120213040|dir=LEFT
MOVE|ts=20260120213040|dir=LEFT
MOVE|ts=20260120213040|dir=LEFT
MOVE|ts=20260120213040|dir=LEFT
MOVE|ts=20260120213040|dir=LEFT
MOVE|ts=20260120213040|dir=LEFT
MOVE|ts=20260120213040|dir=LEFT
MOVE|ts=20260120213040|dir=LEFT
MOVE|ts=20260120213040|dir=LEFT
MOVE|ts=20260120213040|dir=LEFT
MOVE|ts=20260120213040|dir=LEFT
MOVE|ts=20260120213040|dir=LEFT
MOVE|ts=20260120213040|dir=LEFT
MOVE|ts=20260120213040|dir=LEFT
MOVE|ts=20260120213040|dir=LEFT
MOVE|ts=20260120213040|dir=LEFT
MOVE|ts=20260120213040|dir=LEFT
MOVE|ts=20260120213040|dir=LEFT
MOVE|ts=20260120213040|dir=LEFT
MOVE|ts=20260120213040|dir=LEFT
MOVE|ts=20260120213040|dir=LEFT
MOVE|ts=20260120213040|dir=LEFT
MOVE|ts=20260120213040|dir=LEFT
MOVE|ts=20260120213040|dir=LEFT
MOVE|ts=20260120213040|dir=LEFT
MOVE|ts=20260120213040|dir=LEFT
MOVE|ts=20260120213040|dir=LEFT
MOVE|ts=20260120213040|dir=LEFT
MOVE|ts=20260120213040|dir=LEFT
MOVE|ts=20260120213041|dir=LEFT
MOVE|ts=20260120213041|dir=LEFT
MOVE|ts=20260120213041|dir=LEFT
MOVE|ts=20260120213041|dir=LEFT
MOVE|ts=20260120213041|dir=LEFT
MOVE|ts=20260120213041|dir=LEFT
MOVE|ts=20260120213041|dir=LEFT
MOVE|ts=20260120213041|dir=LEFT
MOVE|ts=20260120213041|dir=LEFT
MOVE|ts=20260120213041|dir=LEFT
MOVE|ts=20260120213041|dir=LEFT
MOVE|ts=20260120213041|dir=LEFT
MOVE|ts=20260120213041|dir=LEFT
MOVE|ts=20260120213041|dir=LEFT
MOVE|ts=20260120213041|dir=LEFT
MOVE|ts=20260120213041|dir=LEFT
MOVE|ts=20260120213041|dir=LEFT
MOVE|ts=20260120213041|dir=LEFT
MOVE|ts=20260120213041|dir=LEFT
MOVE|ts=20260120213041|dir=LEFT
MOVE|ts=20260120213041|dir=LEFT
MOVE|ts=20260120213041|dir=LEFT
MOVE|ts=20260120213041|dir=LEFT
MOVE|ts=20260120213041|dir=LEFT
MOVE|ts=20260120213041|dir=LEFT
MOVE|ts=20260120213041|dir=LEFT
MOVE|ts=20260120213041|dir=LEFT
MOVE|ts=20260120213041|dir=LEFT
MOVE|ts=20260120213041|dir=LEFT
MOVE|ts=20260120213041|dir=LEFT
MOVE|ts=20260120213042|dir=LEFT
MOVE|ts=20260120213042|dir=LEFT
MOVE|ts=20260120213042|dir=LEFT
MOVE|ts=20260120213042|dir=LEFT
MOVE|ts=20260120213042|dir=LEFT
MOVE|ts=20260120213042|dir=LEFT
MOVE|ts=20260120213042|dir=LEFT
MOVE|ts=20260120213042|dir=LEFT
MOVE|ts=20260120213042|dir=LEFT
MOVE|ts=20260120213042|dir=LEFT
MOVE|ts=20260120213042|dir=LEFT
MOVE|ts=20260120213042|dir=LEFT
MOVE|ts=20260120213042|dir=LEFT
MOVE|ts=20260120213042|dir=LEFT
MOVE|ts=20260120213042|dir=LEFT
MOVE|ts=20260120213042|dir=LEFT
MOVE|ts=20260120213042|dir=LEFT
MOVE|ts=20260120213042|dir=LEFT
MOVE|ts=20260120213042|dir=LEFT
MOVE|ts=20260120213042|dir=LEFT
MOVE|ts=20260120213042|dir=UP
MOVE|ts=20260120213043|dir=LEFT
MOVE|ts=20260120213043|dir=UP
MOVE|ts=20260120213044|dir=LEFT
MOVE|ts=20260120213044|dir=UP
MOVE|ts=20260120213045|dir=UP
MOVE|ts=20260120213045|dir=UP
MOVE|ts=20260120213045|dir=UP
MOVE|ts=20260120213045|dir=UP
MOVE|ts=20260120213045|dir=UP
MOVE|ts=20260120213045|dir=UP
MOVE|ts=20260120213045|dir=UP
MOVE|ts=20260120213045|dir=UP
MOVE|ts=20260120213045|dir=UP
MOVE|ts=20260120213045|dir=UP
MOVE|ts=20260120213045|dir=UP
MOVE|ts=20260120213045|dir=UP
MOVE|ts=20260120213045|dir=UP
MOVE|ts=20260120213045|dir=UP
MOVE|ts=20260120213045|dir=UP
MOVE|ts=20260120213045|dir=UP
MOVE|ts=20260120213045|dir=UP
MOVE|ts=20260120213045|dir=UP
MOVE|ts=20260120213045|dir=UP
MOVE|ts=20260120213045|dir=UP
MOVE|ts=20260120213045|dir=UP
MOVE|ts=20260120213045|dir=UP
MOVE|ts=20260120213045|dir=UP
MOVE|ts=20260120213045|dir=UP
MOVE|ts=20260120213045|dir=UP
MOVE|ts=20260120213045|dir=UP
MOVE|ts=20260120213046|dir=UP
MOVE|ts=20260120213046|dir=UP
MOVE|ts=20260120213046|dir=UP
MOVE|ts=20260120213046|dir=UP
MOVE|ts=20260120213046|dir=UP
MOVE|ts=20260120213046|dir=UP
MOVE|ts=20260120213046|dir=UP
MOVE|ts=20260120213046|dir=UP
MOVE|ts=20260120213046|dir=UP
MOVE|ts=20260120213046|dir=UP
MOVE|ts=20260120213046|dir=UP
MOVE|ts=20260120213046|dir=UP
MOVE|ts=20260120213046|dir=UP
MOVE|ts=20260120213046|dir=LEFT
MOVE|ts=20260120213047|dir=DOWN
MOVE|ts=20260120213047|dir=LEFT
MOVE|ts=20260120213048|dir=LEFT
MOVE|ts=20260120213048|dir=LEFT
MOVE|ts=20260120213048|dir=LEFT
MOVE|ts=20260120213048|dir=LEFT
MOVE|ts=20260120213048|dir=LEFT
MOVE|ts=20260120213048|dir=LEFT
MOVE|ts=20260120213048|dir=LEFT
MOVE|ts=20260120213048|dir=LEFT
MOVE|ts=20260120213048|dir=LEFT
MOVE|ts=20260120213048|dir=LEFT
MOVE|ts=20260120213048|dir=LEFT
MOVE|ts=20260120213048|dir=LEFT
MOVE|ts=20260120213048|dir=LEFT
MOVE|ts=20260120213049|dir=LEFT
MOVE|ts=20260120213049|dir=LEFT
MOVE|ts=20260120213050|dir=LEFT
MOVE|ts=20260120213050|dir=LEFT
MOVE|ts=20260120213050|dir=LEFT
MOVE|ts=20260120213050|dir=LEFT
MOVE|ts=20260120213050|dir=LEFT
MOVE|ts=20260120213050|dir=LEFT
MOVE|ts=20260120213050|dir=LEFT
MOVE|ts=20260120213050|dir=LEFT
MOVE|ts=20260120213050|dir=DOWN
MOVE|ts=20260120213051|dir=DOWN
MOVE|ts=20260120213052|dir=LEFT
MOVE|ts=20260120213052|dir=DOWN
MOVE|ts=20260120213052|dir=DOWN
MOVE|ts=20260120213053|dir=DOWN
MOVE|ts=20260120213053|dir=DOWN
MOVE|ts=20260120213053|dir=DOWN
MOVE|ts=20260120213053|dir=RIGHT
MOVE|ts=20260120213053|dir=RIGHT
MOVE|ts=20260120213053|dir=RIGHT
MOVE|ts=20260120213053|dir=RIGHT
MOVE|ts=20260120213053|dir=RIGHT
MOVE|ts=20260120213053|dir=RIGHT
MOVE|ts=20260120213053|dir=RIGHT
MOVE|ts=20260120213053|dir=RIGHT
MOVE|ts=20260120213054|dir=RIGHT
MOVE|ts=20260120213054|dir=RIGHT
MOVE|ts=20260120213054|dir=RIGHT
MOVE|ts=20260120213054|dir=RIGHT
MOVE|ts=20260120213054|dir=RIGHT
MOVE|ts=20260120213054|dir=RIGHT
MOVE|ts=20260120213054|dir=RIGHT
MOVE|ts=20260120213054|dir=UP
MOVE|ts=20260120213054|dir=RIGHT
MOVE|ts=20260120213055|dir=UP
MOVE|ts=20260120213055|dir=UP
MOVE|ts=20260120213056|dir=RIGHT
MOVE|ts=20260120213056|dir=RIGHT
MOVE|ts=20260120213056|dir=RIGHT
MOVE|ts=20260120213056|dir=RIGHT
MOVE|ts=20260120213056|dir=RIGHT
MOVE|ts=20260120213056|dir=RIGHT
MOVE|ts=20260120213056|dir=RIGHT
MOVE|ts=20260120213056|dir=RIGHT
MOVE|ts=20260120213056|dir=RIGHT
MOVE|ts=20260120213056|dir=RIGHT
MOVE|ts=20260120213056|dir=RIGHT
MOVE|ts=20260120213056|dir=RIGHT
MOVE|ts=20260120213057|dir=RIGHT
MOVE|ts=20260120213057|dir=RIGHT
MOVE|ts=20260120213057|dir=RIGHT
MOVE|ts=20260120213057|dir=RIGHT
MOVE|ts=20260120213057|dir=RIGHT
MOVE|ts=20260120213057|dir=RIGHT
MOVE|ts=20260120213057|dir=RIGHT
MOVE|ts=20260120213057|dir=RIGHT
MOVE|ts=20260120213057|dir=RIGHT
MOVE|ts=20260120213057|dir=RIGHT
MOVE|ts=20260120213057|dir=UP
MOVE|ts=20260120213058|dir=RIGHT
MOVE|ts=20260120213058|dir=RIGHT
MOVE|ts=20260120213059|dir=RIGHT
MOVE|ts=20260120213059|dir=RIGHT
MOVE|ts=20260120213059|dir=RIGHT
MOVE|ts=20260120213059|dir=RIGHT
MOVE|ts=20260120213059|dir=RIGHT
MOVE|ts=20260120213059|dir=DOWN
MOVE|ts=20260120213100|dir=RIGHT
MOVE|ts=20260120213101|dir=RIGHT
MOVE|ts=20260120213102|dir=RIGHT
MOVE|ts=20260120213102|dir=RIGHT
MOVE|ts=20260120213102|dir=LEFT
MOVE|ts=20260120213103|dir=LEFT
MOVE|ts=20260120213103|dir=LEFT
MOVE|ts=20260120213103|dir=LEFT
MOVE|ts=20260120213103|dir=LEFT
MOVE|ts=20260120213103|dir=LEFT
MOVE|ts=20260120213103|dir=LEFT
MOVE|ts=20260120213103|dir=LEFT
MOVE|ts=20260120213103|dir=LEFT
MOVE|ts=20260120213103|dir=LEFT
MOVE|ts=20260120213103|dir=LEFT
MOVE|ts=20260120213103|dir=LEFT
MOVE|ts=20260120213103|dir=LEFT
MOVE|ts=20260120213103|dir=LEFT
MOVE|ts=20260120213103|dir=LEFT
MOVE|ts=20260120213103|dir=LEFT
MOVE|ts=20260120213103|dir=LEFT
MOVE|ts=20260120213103|dir=LEFT
MOVE|ts=20260120213103|dir=LEFT
MOVE|ts=20260120213103|dir=LEFT
MOVE|ts=20260120213103|dir=LEFT
MOVE|ts=20260120213103|dir=LEFT
MOVE|ts=20260120213103|dir=LEFT
MOVE|ts=20260120213103|dir=LEFT
MOVE|ts=20260120213103|dir=LEFT
MOVE|ts=20260120213104|dir=LEFT
MOVE|ts=20260120213104|dir=LEFT
MOVE|ts=20260120213104|dir=LEFT
MOVE|ts=20260120213104|dir=LEFT
MOVE|ts=20260120213104|dir=LEFT
MOVE|ts=20260120213104|dir=LEFT
MOVE|ts=20260120213104|dir=LEFT
MOVE|ts=20260120213104|dir=LEFT
MOVE|ts=20260120213104|dir=LEFT
MOVE|ts=20260120213105|dir=LEFT
MOVE|ts=20260120213106|dir=LEFT
MOVE|ts=20260120213106|dir=RIGHT
MOVE|ts=20260120213107|dir=RIGHT
MOVE|ts=20260120213107|dir=RIGHT
MOVE|ts=20260120213107|dir=RIGHT
MOVE|ts=20260120213107|dir=RIGHT
MOVE|ts=20260120213107|dir=RIGHT
MOVE|ts=20260120213107|dir=RIGHT
MOVE|ts=20260120213107|dir=RIGHT
MOVE|ts=20260120213107|dir=RIGHT
MOVE|ts=20260120213107|dir=RIGHT
MOVE|ts=20260120213107|dir=RIGHT
MOVE|ts=20260120213107|dir=RIGHT
MOVE|ts=20260120213107|dir=RIGHT
MOVE|ts=20260120213107|dir=RIGHT
MOVE|ts=20260120213107|dir=RIGHT
MOVE|ts=20260120213107|dir=RIGHT
MOVE|ts=20260120213107|dir=RIGHT
MOVE|ts=20260120213107|dir=RIGHT
MOVE|ts=20260120213107|dir=RIGHT
MOVE|ts=20260120213107|dir=RIGHT
MOVE|ts=20260120213107|dir=RIGHT
MOVE|ts=20260120213107|dir=RIGHT
MOVE|ts=20260120213107|dir=RIGHT
MOVE|ts=20260120213107|dir=RIGHT
MOVE|ts=20260120213107|dir=RIGHT
MOVE|ts=20260120213107|dir=RIGHT
MOVE|ts=20260120213107|dir=RIGHT
MOVE|ts=20260120213107|dir=RIGHT
MOVE|ts=20260120213107|dir=RIGHT
MOVE|ts=20260120213107|dir=RIGHT
MOVE|ts=20260120213107|dir=RIGHT
MOVE|ts=20260120213108|dir=RIGHT
MOVE|ts=20260120213108|dir=RIGHT
MOVE|ts=20260120213108|dir=RIGHT
MOVE|ts=20260120213108|dir=RIGHT
MOVE|ts=20260120213108|dir=RIGHT
MOVE|ts=20260120213108|dir=RIGHT
MOVE|ts=20260120213108|dir=RIGHT
MOVE|ts=20260120213108|dir=RIGHT
MOVE|ts=20260120213108|dir=RIGHT
MOVE|ts=20260120213108|dir=RIGHT
MOVE|ts=20260120213108|dir=RIGHT
MOVE|ts=20260120213108|dir=RIGHT
MOVE|ts=20260120213108|dir=RIGHT
MOVE|ts=20260120213108|dir=RIGHT
MOVE|ts=20260120213108|dir=RIGHT
MOVE|ts=20260120213108|dir=RIGHT
MOVE|ts=20260120213108|dir=RIGHT
MOVE|ts=20260120213108|dir=RIGHT
MOVE|ts=20260120213108|dir=RIGHT
MOVE|ts=20260120213108|dir=RIGHT
MOVE|ts=20260120213108|dir=RIGHT
MOVE|ts=20260120213108|dir=RIGHT
MOVE|ts=20260120213108|dir=RIGHT
MOVE|ts=20260120213108|dir=RIGHT
MOVE|ts=20260120213108|dir=RIGHT
MOVE|ts=20260120213108|dir=RIGHT
MOVE|ts=20260120213108|dir=RIGHT
MOVE|ts=20260120213108|dir=RIGHT
MOVE|ts=20260120213108|dir=RIGHT
MOVE|ts=20260120213108|dir=RIGHT
MOVE|ts=20260120213109|dir=RIGHT
MOVE|ts=20260120213109|dir=RIGHT
MOVE|ts=20260120213109|dir=RIGHT
MOVE|ts=20260120213109|dir=RIGHT
MOVE|ts=20260120213109|dir=RIGHT
MOVE|ts=20260120213109|dir=RIGHT
MOVE|ts=20260120213109|dir=RIGHT
MOVE|ts=20260120213109|dir=RIGHT
MOVE|ts=20260120213109|dir=RIGHT
MOVE|ts=20260120213109|dir=RIGHT
MOVE|ts=20260120213109|dir=RIGHT
MOVE|ts=20260120213109|dir=RIGHT
MOVE|ts=20260120213109|dir=RIGHT
MOVE|ts=20260120213109|dir=RIGHT
MOVE|ts=20260120213109|dir=RIGHT
MOVE|ts=20260120213109|dir=RIGHT
MOVE|ts=20260120213109|dir=RIGHT
MOVE|ts=20260120213109|dir=RIGHT
MOVE|ts=20260120213109|dir=RIGHT
MOVE|ts=20260120213109|dir=RIGHT
MOVE|ts=20260120213109|dir=RIGHT
MOVE|ts=20260120213109|dir=RIGHT
MOVE|ts=20260120213109|dir=RIGHT
MOVE|ts=20260120213109|dir=RIGHT
MOVE|ts=20260120213109|dir=RIGHT
MOVE|ts=20260120213109|dir=RIGHT
MOVE|ts=20260120213109|dir=RIGHT
MOVE|ts=20260120213109|dir=RIGHT
MOVE|ts=20260120213109|dir=RIGHT
MOVE|ts=20260120213109|dir=RIGHT
MOVE|ts=20260120213110|dir=RIGHT
MOVE|ts=20260120213110|dir=RIGHT
MOVE|ts=20260120213110|dir=RIGHT
MOVE|ts=20260120213110|dir=RIGHT
MOVE|ts=20260120213110|dir=RIGHT
MOVE|ts=20260120213110|dir=RIGHT
MOVE|ts=20260120213110|dir=RIGHT
MOVE|ts=20260120213110|dir=RIGHT
MOVE|ts=20260120213110|dir=RIGHT
MOVE|ts=20260120213110|dir=RIGHT
MOVE|ts=20260120213110|dir=RIGHT
MOVE|ts=20260120213110|dir=RIGHT
MOVE|ts=20260120213110|dir=RIGHT
MOVE|ts=20260120213110|dir=RIGHT
MOVE|ts=20260120213110|dir=RIGHT
MOVE|ts=20260120213110|dir=RIGHT
MOVE|ts=20260120213110|dir=RIGHT
MOVE|ts=20260120213110|dir=RIGHT
MOVE|ts=20260120213110|dir=RIGHT
MOVE|ts=20260120213110|dir=RIGHT
MOVE|ts=20260120213110|dir=RIGHT
MOVE|ts=20260120213110|dir=RIGHT
MOVE|ts=20260120213110|dir=RIGHT
MOVE|ts=20260120213110|dir=RIGHT
MOVE|ts=20260120213110|dir=RIGHT
MOVE|ts=20260120213110|dir=RIGHT
MOVE|ts=20260120213110|dir=RIGHT
MOVE|ts=20260120213110|dir=RIGHT
MOVE|ts=20260120213110|dir=RIGHT
MOVE|ts=20260120213110|dir=RIGHT
MOVE|ts=20260120213110|dir=RIGHT
MOVE|ts=20260120213111|dir=RIGHT
MOVE|ts=20260120213111|dir=RIGHT
MOVE|ts=20260120213111|dir=RIGHT
MOVE|ts=20260120213111|dir=RIGHT
MOVE|ts=20260120213111|dir=RIGHT
MOVE|ts=20260120213111|dir=RIGHT
MOVE|ts=20260120213111|dir=RIGHT
MOVE|ts=20260120213111|dir=RIGHT
MOVE|ts=20260120213111|dir=RIGHT
MOVE|ts=20260120213112|dir=RIGHT
MOVE|ts=20260120213112|dir=DOWN
MOVE|ts=20260120213113|dir=RIGHT
MOVE|ts=20260120213117|dir=LEFT
MOVE|ts=20260120213117|dir=LEFT
MOVE|ts=20260120213121|dir=UP
MOVE|ts=20260120213122|dir=LEFT
MOVE|ts=20260120213124|dir=DOWN
MOVE|ts=20260120213124|dir=LEFT
MOVE|ts=20260120213126|dir=LEFT
MOVE|ts=20260120213126|dir=UP
MOVE|ts=20260120213127|dir=RIGHT
MOVE|ts=20260120213128|dir=RIGHT
MOVE|ts=20260120213128|dir=RIGHT
MOVE|ts=20260120213128|dir=RIGHT
MOVE|ts=20260120213128|dir=RIGHT
MOVE|ts=20260120213128|dir=RIGHT
MOVE|ts=20260120213128|dir=RIGHT
MOVE|ts=20260120213128|dir=RIGHT
MOVE|ts=20260120213128|dir=RIGHT
MOVE|ts=20260120213128|dir=RIGHT
MOVE|ts=20260120213128|dir=RIGHT
MOVE|ts=20260120213128|dir=RIGHT
MOVE|ts=20260120213128|dir=RIGHT
MOVE|ts=20260120213128|dir=RIGHT
MOVE|ts=20260120213128|dir=RIGHT
MOVE|ts=20260120213128|dir=RIGHT
MOVE|ts=20260120213128|dir=RIGHT
MOVE|ts=20260120213128|dir=RIGHT
MOVE|ts=20260120213129|dir=RIGHT
MOVE|ts=20260120213129|dir=RIGHT
MOVE|ts=20260120213129|dir=RIGHT
MOVE|ts=20260120213129|dir=RIGHT
MOVE|ts=20260120213129|dir=RIGHT
MOVE|ts=20260120213129|dir=RIGHT
MOVE|ts=20260120213129|dir=RIGHT
MOVE|ts=20260120213129|dir=RIGHT
MOVE|ts=20260120213129|dir=RIGHT
MOVE|ts=20260120213129|dir=RIGHT
MOVE|ts=20260120213129|dir=RIGHT
MOVE|ts=20260120213129|dir=RIGHT
MOVE|ts=20260120213129|dir=RIGHT
MOVE|ts=20260120213129|dir=RIGHT
MOVE|ts=20260120213129|dir=RIGHT
MOVE|ts=20260120213129|dir=RIGHT
MOVE|ts=20260120213129|dir=RIGHT
MOVE|ts=20260120213129|dir=RIGHT
MOVE|ts=20260120213129|dir=RIGHT
MOVE|ts=20260120213129|dir=RIGHT
MOVE|ts=20260120213129|dir=RIGHT
MOVE|ts=20260120213129|dir=RIGHT
MOVE|ts=20260120213129|dir=RIGHT
MOVE|ts=20260120213129|dir=RIGHT
MOVE|ts=20260120213129|dir=RIGHT
MOVE|ts=20260120213129|dir=RIGHT
MOVE|ts=20260120213129|dir=RIGHT
MOVE|ts=20260120213129|dir=RIGHT
MOVE|ts=20260120213129|dir=RIGHT
MOVE|ts=20260120213129|dir=RIGHT
MOVE|ts=20260120213130|dir=RIGHT
MOVE|ts=20260120213130|dir=RIGHT
MOVE|ts=20260120213130|dir=RIGHT
MOVE|ts=20260120213130|dir=RIGHT
MOVE|ts=20260120213130|dir=RIGHT
MOVE|ts=20260120213130|dir=RIGHT
MOVE|ts=20260120213130|dir=RIGHT
MOVE|ts=20260120213130|dir=RIGHT
MOVE|ts=20260120213130|dir=RIGHT
MOVE|ts=20260120213130|dir=RIGHT
MOVE|ts=20260120213130|dir=RIGHT
MOVE|ts=20260120213130|dir=RIGHT
MOVE|ts=20260120213130|dir=RIGHT
MOVE|ts=20260120213130|dir=RIGHT
MOVE|ts=20260120213130|dir=RIGHT
MOVE|ts=20260120213130|dir=RIGHT
MOVE|ts=20260120213130|dir=RIGHT
MOVE|ts=20260120213130|dir=RIGHT
MOVE|ts=20260120213130|dir=RIGHT
MOVE|ts=20260120213130|dir=RIGHT
MOVE|ts=20260120213130|dir=RIGHT
MOVE|ts=20260120213130|dir=RIGHT
MOVE|ts=20260120213130|dir=RIGHT
MOVE|ts=20260120213130|dir=RIGHT
MOVE|ts=20260120213130|dir=RIGHT
MOVE|ts=20260120213130|dir=RIGHT
MOVE|ts=20260120213130|dir=RIGHT
MOVE|ts=20260120213130|dir=RIGHT
MOVE|ts=20260120213130|dir=RIGHT
MOVE|ts=20260120213130|dir=RIGHT
MOVE|ts=20260120213131|dir=DOWN
MOVE|ts=20260120213131|dir=RIGHT
MOVE|ts=20260120213131|dir=RIGHT
MOVE|ts=20260120213131|dir=RIGHT
MOVE|ts=20260120213132|dir=RIGHT
MOVE|ts=20260120213132|dir=RIGHT
MOVE|ts=20260120213132|dir=RIGHT
MOVE|ts=20260120213132|dir=RIGHT
MOVE|ts=20260120213133|dir=RIGHT
MOVE|ts=20260120213134|dir=RIGHT
MOVE|ts=20260120213134|dir=RIGHT
MOVE|ts=20260120213134|dir=RIGHT
MOVE|ts=20260120213134|dir=RIGHT
MOVE|ts=20260120213134|dir=RIGHT
MOVE|ts=20260120213134|dir=RIGHT
MOVE|ts=20260120213134|dir=RIGHT
MOVE|ts=20260120213134|dir=RIGHT
MOVE|ts=20260120213134|dir=RIGHT
MOVE|ts=20260120213134|dir=RIGHT
MOVE|ts=20260120213134|dir=RIGHT
MOVE|ts=20260120213134|dir=RIGHT
MOVE|ts=20260120213134|dir=RIGHT
MOVE|ts=20260120213134|dir=RIGHT
MOVE|ts=20260120213134|dir=RIGHT
MOVE|ts=20260120213134|dir=RIGHT
MOVE|ts=20260120213134|dir=RIGHT
MOVE|ts=20260120213135|dir=RIGHT
MOVE|ts=20260120213135|dir=RIGHT
MOVE|ts=20260120213135|dir=RIGHT
MOVE|ts=20260120213135|dir=RIGHT
MOVE|ts=20260120213135|dir=DOWN
MOVE|ts=20260120213135|dir=DOWN
MOVE|ts=20260120213135|dir=DOWN
MOVE|ts=20260120213135|dir=DOWN
MOVE|ts=20260120213135|dir=DOWN
MOVE|ts=20260120213135|dir=DOWN
MOVE|ts=20260120213135|dir=DOWN
MOVE|ts=20260120213135|dir=DOWN
MOVE|ts=20260120213135|dir=DOWN
MOVE|ts=20260120213135|dir=DOWN
MOVE|ts=20260120213135|dir=DOWN
MOVE|ts=20260120213135|dir=DOWN
MOVE|ts=20260120213136|dir=DOWN
MOVE|ts=20260120213136|dir=DOWN
MOVE|ts=20260120213136|dir=DOWN
MOVE|ts=20260120213136|dir=DOWN
MOVE|ts=20260120213136|dir=DOWN
MOVE|ts=20260120213136|dir=DOWN
MOVE|ts=20260120213136|dir=DOWN
MOVE|ts=20260120213136|dir=DOWN
MOVE|ts=20260120213136|dir=DOWN
MOVE|ts=20260120213136|dir=DOWN
MOVE|ts=20260120213136|dir=DOWN
MOVE|ts=20260120213136|dir=DOWN
MOVE|ts=20260120213136|dir=DOWN
MOVE|ts=20260120213136|dir=DOWN
MOVE|ts=20260120213136|dir=DOWN
MOVE|ts=20260120213136|dir=DOWN
MOVE|ts=20260120213136|dir=DOWN
MOVE|ts=20260120213136|dir=DOWN
MOVE|ts=20260120213136|dir=DOWN
MOVE|ts=20260120213136|dir=DOWN
MOVE|ts=20260120213136|dir=DOWN
MOVE|ts=20260120213136|dir=DOWN
MOVE|ts=20260120213136|dir=DOWN
MOVE|ts=20260120213136|dir=DOWN
MOVE|ts=20260120213136|dir=DOWN
MOVE|ts=20260120213136|dir=DOWN
MOVE|ts=20260120213137|dir=UP
MOVE|ts=20260120213139|dir=DOWN
MOVE|ts=20260120213139|dir=DOWN
MOVE|ts=20260120213140|dir=DOWN
MOVE|ts=20260120213141|dir=DOWN
MOVE|ts=20260120213141|dir=DOWN
MOVE|ts=20260120213141|dir=LEFT
MOVE|ts=20260120213142|dir=LEFT
MOVE|ts=20260120213142|dir=LEFT
MOVE|ts=20260120213142|dir=LEFT
MOVE|ts=20260120213142|dir=LEFT
MOVE|ts=20260120213142|dir=LEFT
MOVE|ts=20260120213142|dir=LEFT
MOVE|ts=20260120213142|dir=LEFT
MOVE|ts=20260120213142|dir=LEFT
MOVE|ts=20260120213142|dir=LEFT
MOVE|ts=20260120213142|dir=LEFT
MOVE|ts=20260120213142|dir=LEFT
MOVE|ts=20260120213142|dir=LEFT
MOVE|ts=20260120213142|dir=LEFT
MOVE|ts=20260120213142|dir=LEFT
MOVE|ts=20260120213142|dir=LEFT
MOVE|ts=20260120213142|dir=LEFT
MOVE|ts=20260120213142|dir=LEFT
MOVE|ts=20260120213143|dir=LEFT
MOVE|ts=20260120213143|dir=LEFT
MOVE|ts=20260120213143|dir=UP
MOVE|ts=20260120213143|dir=UP
MOVE|ts=20260120213143|dir=UP
MOVE|ts=20260120213143|dir=UP
MOVE|ts=20260120213143|dir=UP
MOVE|ts=20260120213143|dir=UP
MOVE|ts=20260120213143|dir=UP
MOVE|ts=20260120213143|dir=UP
MOVE|ts=20260120213143|dir=UP
MOVE|ts=20260120213143|dir=UP
MOVE|ts=20260120213143|dir=UP
MOVE|ts=20260120213143|dir=UP
MOVE|ts=20260120213143|dir=UP
MOVE|ts=20260120213143|dir=UP
MOVE|ts=20260120213144|dir=UP
MOVE|ts=20260120213144|dir=UP
MOVE|ts=20260120213144|dir=LEFT
MOVE|ts=20260120213144|dir=LEFT
MOVE|ts=20260120213144|dir=LEFT
MOVE|ts=20260120213144|dir=LEFT
MOVE|ts=20260120213144|dir=LEFT
MOVE|ts=20260120213144|dir=LEFT
MOVE|ts=20260120213144|dir=LEFT
MOVE|ts=20260120213144|dir=LEFT
MOVE|ts=20260120213144|dir=LEFT
MOVE|ts=20260120213144|dir=LEFT
MOVE|ts=20260120213144|dir=LEFT
MOVE|ts=20260120213144|dir=LEFT
MOVE|ts=20260120213144|dir=LEFT
MOVE|ts=20260120213144|dir=LEFT
MOVE|ts=20260120213145|dir=LEFT
MOVE|ts=20260120213145|dir=LEFT
MOVE|ts=20260120213145|dir=LEFT
MOVE|ts=20260120213145|dir=LEFT
MOVE|ts=20260120213145|dir=LEFT
MOVE|ts=20260120213145|dir=UP
MOVE|ts=20260120213145|dir=LEFT
MOVE|ts=20260120213145|dir=UP
MOVE|ts=20260120213146|dir=UP
MOVE|ts=20260120213146|dir=UP
MOVE|ts=20260120213146|dir=UP
MOVE|ts=20260120213146|dir=UP
MOVE|ts=20260120213146|dir=UP
MOVE|ts=20260120213146|dir=UP
MOVE|ts=20260120213146|dir=UP
MOVE|ts=20260120213146|dir=UP
MOVE|ts=20260120213146|dir=UP
MOVE|ts=20260120213146|dir=UP
MOVE|ts=20260120213146|dir=UP
MOVE|ts=20260120213146|dir=UP
MOVE|ts=20260120213146|dir=UP
MOVE|ts=20260120213146|dir=LEFT
MOVE|ts=20260120213147|dir=LEFT
MOVE|ts=20260120213147|dir=LEFT
MOVE|ts=20260120213147|dir=LEFT
MOVE|ts=20260120213147|dir=LEFT
MOVE|ts=20260120213147|dir=LEFT
MOVE|ts=20260120213147|dir=LEFT
MOVE|ts=20260120213147|dir=LEFT
MOVE|ts=20260120213147|dir=LEFT
MOVE|ts=20260120213147|dir=LEFT
MOVE|ts=20260120213147|dir=LEFT
MOVE|ts=20260120213147|dir=LEFT
MOVE|ts=20260120213147|dir=LEFT
MOVE|ts=20260120213147|dir=LEFT
MOVE|ts=20260120213147|dir=LEFT
MOVE|ts=20260120213147|dir=LEFT
MOVE|ts=20260120213147|dir=LEFT
MOVE|ts=20260120213147|dir=LEFT
MOVE|ts=20260120213147|dir=LEFT
MOVE|ts=20260120213147|dir=LEFT
MOVE|ts=20260120213147|dir=LEFT
MOVE|ts=20260120213147|dir=LEFT
MOVE|ts=20260120213147|dir=LEFT
MOVE|ts=20260120213147|dir=LEFT
MOVE|ts=20260120213147|dir=LEFT
MOVE|ts=20260120213147|dir=LEFT
MOVE|ts=20260120213147|dir=LEFT
MOVE|ts=20260120213148|dir=LEFT
MOVE|ts=20260120213148|dir=LEFT
MOVE|ts=20260120213148|dir=LEFT
MOVE|ts=20260120213148|dir=LEFT
MOVE|ts=20260120213148|dir=LEFT
MOVE|ts=20260120213148|dir=LEFT
MOVE|ts=20260120213148|dir=LEFT
MOVE|ts=20260120213148|dir=LEFT
MOVE|ts=20260120213148|dir=LEFT
MOVE|ts=20260120213148|dir=LEFT
MOVE|ts=20260120213148|dir=LEFT
MOVE|ts=20260120213148|dir=LEFT
MOVE|ts=20260120213148|dir=LEFT
MOVE|ts=20260120213148|dir=LEFT
MOVE|ts=20260120213148|dir=LEFT
MOVE|ts=20260120213148|dir=LEFT
MOVE|ts=20260120213148|dir=LEFT
MOVE|ts=20260120213148|dir=LEFT
MOVE|ts=20260120213148|dir=LEFT
MOVE|ts=20260120213148|dir=LEFT
MOVE|ts=20260120213148|dir=LEFT
MOVE|ts=20260120213148|dir=LEFT
MOVE|ts=20260120213148|dir=LEFT
MOVE|ts=20260120213148|dir=LEFT
MOVE|ts=20260120213148|dir=LEFT
MOVE|ts=20260120213148|dir=LEFT
MOVE|ts=20260120213148|dir=LEFT
MOVE|ts=20260120213148|dir=LEFT
MOVE|ts=20260120213148|dir=LEFT
MOVE|ts=20260120213148|dir=LEFT
MOVE|ts=20260120213149|dir=LEFT
MOVE|ts=20260120213149|dir=LEFT
MOVE|ts=20260120213149|dir=LEFT
MOVE|ts=20260120213149|dir=LEFT
MOVE|ts=20260120213149|dir=LEFT
MOVE|ts=20260120213149|dir=LEFT
MOVE|ts=20260120213149|dir=LEFT
MOVE|ts=20260120213149|dir=LEFT
MOVE|ts=20260120213149|dir=LEFT
MOVE|ts=20260120213149|dir=LEFT
MOVE|ts=20260120213149|dir=LEFT
MOVE|ts=20260120213149|dir=LEFT
MOVE|ts=20260120213149|dir=LEFT
MOVE|ts=20260120213149|dir=LEFT
MOVE|ts=20260120213149|dir=LEFT
MOVE|ts=20260120213149|dir=LEFT
MOVE|ts=20260120213149|dir=LEFT
MOVE|ts=20260120213149|dir=LEFT
MOVE|ts=20260120213149|dir=LEFT
MOVE|ts=20260120213149|dir=LEFT
MOVE|ts=20260120213149|dir=LEFT
MOVE|ts=20260120213149|dir=LEFT
MOVE|ts=20260120213149|dir=LEFT
MOVE|ts=20260120213149|dir=LEFT
MOVE|ts=20260120213149|dir=LEFT
MOVE|ts=20260120213149|dir=LEFT
MOVE|ts=20260120213149|dir=LEFT
MOVE|ts=20260120213149|dir=LEFT
MOVE|ts=20260120213149|dir=LEFT
MOVE|ts=20260120213149|dir=LEFT
MOVE|ts=20260120213150|dir=LEFT
MOVE|ts=20260120213150|dir=LEFT
MOVE|ts=20260120213150|dir=LEFT
MOVE|ts=20260120213150|dir=LEFT
MOVE|ts=20260120213150|dir=LEFT
MOVE|ts=20260120213150|dir=LEFT
MOVE|ts=20260120213150|dir=LEFT
MOVE|ts=20260120213150|dir=LEFT
MOVE|ts=20260120213150|dir=LEFT
MOVE|ts=20260120213150|dir=LEFT
MOVE|ts=20260120213150|dir=LEFT
MOVE|ts=20260120213150|dir=LEFT
MOVE|ts=20260120213150|dir=UP
MOVE|ts=20260120213150|dir=UP
MOVE|ts=20260120213150|dir=UP
MOVE|ts=20260120213150|dir=UP
MOVE|ts=20260120213151|dir=UP
MOVE|ts=20260120213151|dir=UP
MOVE|ts=20260120213151|dir=UP
MOVE|ts=20260120213151|dir=RIGHT
MOVE|ts=20260120213151|dir=UP
MOVE|ts=20260120213152|dir=RIGHT
MOVE|ts=20260120213152|dir=RIGHT
MOVE|ts=20260120213152|dir=RIGHT
MOVE|ts=20260120213152|dir=RIGHT
MOVE|ts=20260120213152|dir=RIGHT
MOVE|ts=20260120213152|dir=RIGHT
MOVE|ts=20260120213152|dir=RIGHT
MOVE|ts=20260120213152|dir=RIGHT
MOVE|ts=20260120213152|dir=RIGHT
MOVE|ts=20260120213152|dir=RIGHT
MOVE|ts=20260120213153|dir=RIGHT
MOVE|ts=20260120213153|dir=RIGHT
MOVE|ts=20260120213153|dir=RIGHT
MOVE|ts=20260120213153|dir=RIGHT
MOVE|ts=20260120213153|dir=RIGHT
MOVE|ts=20260120213153|dir=RIGHT
MOVE|ts=20260120213153|dir=RIGHT
MOVE|ts=20260120213153|dir=RIGHT
MOVE|ts=20260120213153|dir=RIGHT
MOVE|ts=20260120213153|dir=RIGHT
MOVE|ts=20260120213153|dir=RIGHT
MOVE|ts=20260120213153|dir=RIGHT
MOVE|ts=20260120213153|dir=RIGHT
MOVE|ts=20260120213153|dir=RIGHT
MOVE|ts=20260120213153|dir=RIGHT
MOVE|ts=20260120213153|dir=RIGHT
MOVE|ts=20260120213153|dir=RIGHT
MOVE|ts=20260120213153|dir=RIGHT
MOVE|ts=20260120213153|dir=UP
MOVE|ts=20260120213154|dir=LEFT
MOVE|ts=20260120213154|dir=UP
MOVE|ts=20260120213154|dir=UP
MOVE|ts=20260120213154|dir=UP
MOVE|ts=20260120213154|dir=UP
MOVE|ts=20260120213154|dir=UP
MOVE|ts=20260120213154|dir=UP
MOVE|ts=20260120213154|dir=UP
MOVE|ts=20260120213155|dir=UP
MOVE|ts=20260120213155|dir=UP
MOVE|ts=20260120213155|dir=UP
MOVE|ts=20260120213155|dir=UP
MOVE|ts=20260120213155|dir=UP
MOVE|ts=20260120213155|dir=UP
MOVE|ts=20260120213155|dir=UP
MOVE|ts=20260120213155|dir=UP
MOVE|ts=20260120213155|dir=UP
MOVE|ts=20260120213155|dir=UP
MOVE|ts=20260120213155|dir=UP
MOVE|ts=20260120213155|dir=UP
MOVE|ts=20260120213155|dir=UP
MOVE|ts=20260120213155|dir=UP
MOVE|ts=20260120213155|dir=UP
MOVE|ts=20260120213155|dir=UP
MOVE|ts=20260120213155|dir=UP
MOVE|ts=20260120213155|dir=UP
MOVE|ts=20260120213155|dir=UP
MOVE|ts=20260120213155|dir=UP
MOVE|ts=20260120213155|dir=UP
MOVE|ts=20260120213155|dir=UP
MOVE|ts=20260120213155|dir=UP
MOVE|ts=20260120213155|dir=UP
MOVE|ts=20260120213155|dir=UP
MOVE|ts=20260120213155|dir=UP
MOVE|ts=20260120213155|dir=UP
MOVE|ts=20260120213155|dir=UP
MOVE|ts=20260120213155|dir=UP
MOVE|ts=20260120213155|dir=UP
MOVE|ts=20260120213229|dir=LEFT
MOVE|ts=20260120213230|dir=LEFT
MOVE|ts=20260120213230|dir=LEFT
MOVE|ts=20260120213230|dir=LEFT
MOVE|ts=20260120213230|dir=LEFT
MOVE|ts=20260120213230|dir=LEFT
MOVE|ts=20260120213230|dir=LEFT
MOVE|ts=20260120213230|dir=LEFT
MOVE|ts=20260120213230|dir=LEFT
MOVE|ts=20260120213230|dir=LEFT
MOVE|ts=20260120213230|dir=LEFT
MOVE|ts=20260120213230|dir=LEFT
MOVE|ts=20260120213230|dir=LEFT
MOVE|ts=20260120213230|dir=LEFT
MOVE|ts=20260120213230|dir=LEFT
MOVE|ts=20260120213230|dir=LEFT
MOVE|ts=20260120213230|dir=LEFT
MOVE|ts=20260120213230|dir=LEFT
MOVE|ts=20260120213231|dir=UP
MOVE|ts=20260120213255|dir=DOWN
MOVE|ts=20260120213255|dir=LEFT
MOVE|ts=20260120213256|dir=LEFT
MOVE|ts=20260120213256|dir=LEFT
MOVE|ts=20260120213256|dir=LEFT
MOVE|ts=20260120213256|dir=LEFT
MOVE|ts=20260120213256|dir=LEFT
MOVE|ts=20260120213256|dir=LEFT
MOVE|ts=20260120213256|dir=LEFT
MOVE|ts=20260120213256|dir=LEFT
MOVE|ts=20260120213256|dir=LEFT
MOVE|ts=20260120213256|dir=LEFT
MOVE|ts=20260120213256|dir=LEFT
MOVE|ts=20260120213256|dir=LEFT
MOVE|ts=20260120213256|dir=LEFT
MOVE|ts=20260120213256|dir=LEFT
MOVE|ts=20260120213256|dir=LEFT
MOVE|ts=20260120213256|dir=LEFT
MOVE|ts=20260120213256|dir=DOWN
MOVE|ts=20260120213256|dir=LEFT
MOVE|ts=20260120213257|dir=LEFT
MOVE|ts=20260120213257|dir=LEFT
MOVE|ts=20260120213257|dir=LEFT
MOVE|ts=20260120213257|dir=LEFT
MOVE|ts=20260120213257|dir=LEFT
MOVE|ts=20260120213257|dir=LEFT
MOVE|ts=20260120213257|dir=LEFT
MOVE|ts=20260120213257|dir=LEFT
MOVE|ts=20260120213257|dir=LEFT
MOVE|ts=20260120213257|dir=LEFT
MOVE|ts=20260120213257|dir=LEFT
MOVE|ts=20260120213257|dir=LEFT
MOVE|ts=20260120213257|dir=LEFT
MOVE|ts=20260120213257|dir=LEFT
MOVE|ts=20260120213257|dir=LEFT
MOVE|ts=20260120213257|dir=LEFT
MOVE|ts=20260120213257|dir=LEFT
MOVE|ts=20260120213258|dir=LEFT
MOVE|ts=20260120213258|dir=LEFT
MOVE|ts=20260120213258|dir=LEFT
MOVE|ts=20260120213258|dir=UP
MOVE|ts=20260120213258|dir=UP
MOVE|ts=20260120213258|dir=UP
MOVE|ts=20260120213258|dir=UP
MOVE|ts=20260120213258|dir=UP
MOVE|ts=20260120213258|dir=UP
MOVE|ts=20260120213258|dir=UP
MOVE|ts=20260120213258|dir=UP
MOVE|ts=20260120213258|dir=UP
MOVE|ts=20260120213258|dir=UP
MOVE|ts=20260120213258|dir=UP
MOVE|ts=20260120213258|dir=UP
MOVE|ts=20260120213258|dir=UP
MOVE|ts=20260120213259|dir=UP
MOVE|ts=20260120213300|dir=UP
MOVE|ts=20260120213300|dir=LEFT
MOVE|ts=20260120213300|dir=UP
MOVE|ts=20260120213301|dir=LEFT
MOVE|ts=20260120213301|dir=LEFT
MOVE|ts=20260120213301|dir=LEFT
MOVE|ts=20260120213301|dir=LEFT
MOVE|ts=20260120213301|dir=LEFT
MOVE|ts=20260120213301|dir=LEFT
MOVE|ts=20260120213301|dir=LEFT
MOVE|ts=20260120213301|dir=LEFT
MOVE|ts=20260120213301|dir=LEFT
MOVE|ts=20260120213302|dir=LEFT
MOVE|ts=20260120213302|dir=LEFT
MOVE|ts=20260120213302|dir=LEFT
MOVE|ts=20260120213302|dir=LEFT
MOVE|ts=20260120213302|dir=LEFT
MOVE|ts=20260120213302|dir=LEFT
MOVE|ts=20260120213302|dir=LEFT
MOVE|ts=20260120213302|dir=LEFT
MOVE|ts=20260120213302|dir=LEFT
MOVE|ts=20260120213302|dir=LEFT
MOVE|ts=20260120213302|dir=LEFT
MOVE|ts=20260120213302|dir=LEFT
MOVE|ts=20260120213302|dir=LEFT
MOVE|ts=20260120213302|dir=LEFT
MOVE|ts=20260120213302|dir=LEFT
MOVE|ts=20260120213302|dir=LEFT
MOVE|ts=20260120213302|dir=LEFT
MOVE|ts=20260120213302|dir=LEFT
MOVE|ts=20260120213302|dir=LEFT
MOVE|ts=20260120213302|dir=LEFT
MOVE|ts=20260120213302|dir=LEFT
MOVE|ts=20260120213302|dir=LEFT
MOVE|ts=20260120213308|dir=LEFT
MOVE|ts=20260120213309|dir=LEFT
MOVE|ts=20260120213309|dir=LEFT
MOVE|ts=20260120213309|dir=LEFT
MOVE|ts=20260120213309|dir=LEFT
MOVE|ts=20260120213309|dir=LEFT
MOVE|ts=20260120213309|dir=LEFT
MOVE|ts=20260120213309|dir=LEFT
MOVE|ts=20260120213309|dir=LEFT
MOVE|ts=20260120213309|dir=LEFT
MOVE|ts=20260120213309|dir=LEFT
MOVE|ts=20260120213309|dir=LEFT
MOVE|ts=20260120213309|dir=LEFT
MOVE|ts=20260120213309|dir=LEFT
MOVE|ts=20260120213310|dir=RIGHT
MOVE|ts=20260120213310|dir=RIGHT
MOVE|ts=20260120213311|dir=RIGHT
MOVE|ts=20260120213311|dir=LEFT
MOVE|ts=20260120213312|dir=LEFT
MOVE|ts=20260120213312|dir=LEFT
MOVE|ts=20260120213312|dir=LEFT
MOVE|ts=20260120213312|dir=LEFT
MOVE|ts=20260120213312|dir=LEFT
MOVE|ts=20260120213312|dir=LEFT
MOVE|ts=20260120213312|dir=LEFT
MOVE|ts=20260120213312|dir=UP
MOVE|ts=20260120213313|dir=LEFT
